[    1605ms] [INFO] %cDownload the React DevTools for a better development experience: https://react.dev/link/react-devtools font-weight:bold @ http://localhost:3000/_next/static/chunks/08i5_next_dist_0bovzun._.js:776
[    1639ms] [LOG] [HMR] connected @ http://localhost:3000/_next/static/chunks/08i5_next_dist_0bovzun._.js:776
[  184637ms] [LOG] [Fast Refresh] rebuilding @ http://localhost:3000/_next/static/chunks/08i5_next_dist_0bovzun._.js:776
[  184750ms] [LOG] [Fast Refresh] done in 71ms @ http://localhost:3000/_next/static/chunks/08i5_next_dist_0bovzun._.js:776
[  184824ms] [LOG] [Fast Refresh] done in 71ms @ http://localhost:3000/_next/static/chunks/08i5_next_dist_0bovzun._.js:776
[  184928ms] [LOG] [Fast Refresh] done in 71ms @ http://localhost:3000/_next/static/chunks/08i5_next_dist_0bovzun._.js:776
[  184950ms] [LOG] [Fast Refresh] done in 71ms @ http://localhost:3000/_next/static/chunks/08i5_next_dist_0bovzun._.js:776
[  185011ms] [LOG] [Fast Refresh] done in 71ms @ http://localhost:3000/_next/static/chunks/08i5_next_dist_0bovzun._.js:776
[  185061ms] [LOG] [Fast Refresh] done in 71ms @ http://localhost:3000/_next/static/chunks/08i5_next_dist_0bovzun._.js:776
[  185249ms] [LOG] [Fast Refresh] done in 71ms @ http://localhost:3000/_next/static/chunks/08i5_next_dist_0bovzun._.js:776
[  185294ms] [LOG] [Fast Refresh] done in 71ms @ http://localhost:3000/_next/static/chunks/08i5_next_dist_0bovzun._.js:776
[  185348ms] [LOG] [Fast Refresh] done in 71ms @ http://localhost:3000/_next/static/chunks/08i5_next_dist_0bovzun._.js:776
[  185411ms] [LOG] [Fast Refresh] done in 71ms @ http://localhost:3000/_next/static/chunks/08i5_next_dist_0bovzun._.js:776
[  185459ms] [LOG] [Fast Refresh] done in 71ms @ http://localhost:3000/_next/static/chunks/08i5_next_dist_0bovzun._.js:776
[  185511ms] [LOG] [Fast Refresh] done in 71ms @ http://localhost:3000/_next/static/chunks/08i5_next_dist_0bovzun._.js:776
[  185557ms] [LOG] [Fast Refresh] done in 71ms @ http://localhost:3000/_next/static/chunks/08i5_next_dist_0bovzun._.js:776
[  185599ms] [LOG] [Fast Refresh] done in 71ms @ http://localhost:3000/_next/static/chunks/08i5_next_dist_0bovzun._.js:776
[  185655ms] [LOG] [Fast Refresh] done in 71ms @ http://localhost:3000/_next/static/chunks/08i5_next_dist_0bovzun._.js:776
[  185754ms] [LOG] [Fast Refresh] done in 71ms @ http://localhost:3000/_next/static/chunks/08i5_next_dist_0bovzun._.js:776
[  185819ms] [LOG] [Fast Refresh] done in 71ms @ http://localhost:3000/_next/static/chunks/08i5_next_dist_0bovzun._.js:776
[  185867ms] [LOG] [Fast Refresh] done in 71ms @ http://localhost:3000/_next/static/chunks/08i5_next_dist_0bovzun._.js:776
[  185917ms] [LOG] [Fast Refresh] done in 71ms @ http://localhost:3000/_next/static/chunks/08i5_next_dist_0bovzun._.js:776
[  185979ms] [LOG] [Fast Refresh] done in 71ms @ http://localhost:3000/_next/static/chunks/08i5_next_dist_0bovzun._.js:776
[  186033ms] [LOG] [Fast Refresh] done in 71ms @ http://localhost:3000/_next/static/chunks/08i5_next_dist_0bovzun._.js:776
[  186099ms] [LOG] [Fast Refresh] done in 71ms @ http://localhost:3000/_next/static/chunks/08i5_next_dist_0bovzun._.js:776
[  186153ms] [LOG] [Fast Refresh] done in 71ms @ http://localhost:3000/_next/static/chunks/08i5_next_dist_0bovzun._.js:776
[  186210ms] [LOG] [Fast Refresh] done in 71ms @ http://localhost:3000/_next/static/chunks/08i5_next_dist_0bovzun._.js:776
[  186261ms] [LOG] [Fast Refresh] done in 71ms @ http://localhost:3000/_next/static/chunks/08i5_next_dist_0bovzun._.js:776
[  186313ms] [LOG] [Fast Refresh] done in 71ms @ http://localhost:3000/_next/static/chunks/08i5_next_dist_0bovzun._.js:776
[  186369ms] [LOG] [Fast Refresh] done in 71ms @ http://localhost:3000/_next/static/chunks/08i5_next_dist_0bovzun._.js:776
[  186419ms] [LOG] [Fast Refresh] done in 71ms @ http://localhost:3000/_next/static/chunks/08i5_next_dist_0bovzun._.js:776
[  186466ms] [LOG] [Fast Refresh] done in 71ms @ http://localhost:3000/_next/static/chunks/08i5_next_dist_0bovzun._.js:776
[  186522ms] [LOG] [Fast Refresh] done in 71ms @ http://localhost:3000/_next/static/chunks/08i5_next_dist_0bovzun._.js:776
[  186570ms] [LOG] [Fast Refresh] done in 71ms @ http://localhost:3000/_next/static/chunks/08i5_next_dist_0bovzun._.js:776
[  186619ms] [LOG] [Fast Refresh] done in 71ms @ http://localhost:3000/_next/static/chunks/08i5_next_dist_0bovzun._.js:776
[  186669ms] [LOG] [Fast Refresh] done in 71ms @ http://localhost:3000/_next/static/chunks/08i5_next_dist_0bovzun._.js:776
[  186723ms] [LOG] [Fast Refresh] done in 71ms @ http://localhost:3000/_next/static/chunks/08i5_next_dist_0bovzun._.js:776
[  186771ms] [LOG] [Fast Refresh] done in 71ms @ http://localhost:3000/_next/static/chunks/08i5_next_dist_0bovzun._.js:776
[  186811ms] [LOG] [Fast Refresh] done in 71ms @ http://localhost:3000/_next/static/chunks/08i5_next_dist_0bovzun._.js:776
[  186854ms] [LOG] [Fast Refresh] done in 71ms @ http://localhost:3000/_next/static/chunks/08i5_next_dist_0bovzun._.js:776
[  186896ms] [LOG] [Fast Refresh] done in 71ms @ http://localhost:3000/_next/static/chunks/08i5_next_dist_0bovzun._.js:776
[  186937ms] [LOG] [Fast Refresh] done in 71ms @ http://localhost:3000/_next/static/chunks/08i5_next_dist_0bovzun._.js:776
[  186980ms] [LOG] [Fast Refresh] done in 71ms @ http://localhost:3000/_next/static/chunks/08i5_next_dist_0bovzun._.js:776
[  187021ms] [LOG] [Fast Refresh] done in 71ms @ http://localhost:3000/_next/static/chunks/08i5_next_dist_0bovzun._.js:776
[  187065ms] [LOG] [Fast Refresh] done in 71ms @ http://localhost:3000/_next/static/chunks/08i5_next_dist_0bovzun._.js:776
[  187111ms] [LOG] [Fast Refresh] done in 71ms @ http://localhost:3000/_next/static/chunks/08i5_next_dist_0bovzun._.js:776
[  187160ms] [LOG] [Fast Refresh] done in 71ms @ http://localhost:3000/_next/static/chunks/08i5_next_dist_0bovzun._.js:776
[  187208ms] [LOG] [Fast Refresh] done in 71ms @ http://localhost:3000/_next/static/chunks/08i5_next_dist_0bovzun._.js:776
[  187250ms] [LOG] [Fast Refresh] done in 71ms @ http://localhost:3000/_next/static/chunks/08i5_next_dist_0bovzun._.js:776
[  187307ms] [LOG] [Fast Refresh] done in 71ms @ http://localhost:3000/_next/static/chunks/08i5_next_dist_0bovzun._.js:776
[  187358ms] [LOG] [Fast Refresh] done in 71ms @ http://localhost:3000/_next/static/chunks/08i5_next_dist_0bovzun._.js:776
[  187402ms] [LOG] [Fast Refresh] done in 71ms @ http://localhost:3000/_next/static/chunks/08i5_next_dist_0bovzun._.js:776
[  187449ms] [LOG] [Fast Refresh] done in 71ms @ http://localhost:3000/_next/static/chunks/08i5_next_dist_0bovzun._.js:776
[  187494ms] [LOG] [Fast Refresh] done in 71ms @ http://localhost:3000/_next/static/chunks/08i5_next_dist_0bovzun._.js:776
[  187541ms] [LOG] [Fast Refresh] done in 71ms @ http://localhost:3000/_next/static/chunks/08i5_next_dist_0bovzun._.js:776
[  187591ms] [LOG] [Fast Refresh] done in 71ms @ http://localhost:3000/_next/static/chunks/08i5_next_dist_0bovzun._.js:776
[  187641ms] [LOG] [Fast Refresh] done in 71ms @ http://localhost:3000/_next/static/chunks/08i5_next_dist_0bovzun._.js:776
[  187683ms] [LOG] [Fast Refresh] done in 71ms @ http://localhost:3000/_next/static/chunks/08i5_next_dist_0bovzun._.js:776
[  187729ms] [LOG] [Fast Refresh] done in 71ms @ http://localhost:3000/_next/static/chunks/08i5_next_dist_0bovzun._.js:776
[  187777ms] [LOG] [Fast Refresh] done in 71ms @ http://localhost:3000/_next/static/chunks/08i5_next_dist_0bovzun._.js:776
[  187819ms] [LOG] [Fast Refresh] done in 71ms @ http://localhost:3000/_next/static/chunks/08i5_next_dist_0bovzun._.js:776
[  187861ms] [LOG] [Fast Refresh] done in 71ms @ http://localhost:3000/_next/static/chunks/08i5_next_dist_0bovzun._.js:776
[  187916ms] [LOG] [Fast Refresh] done in 71ms @ http://localhost:3000/_next/static/chunks/08i5_next_dist_0bovzun._.js:776
[  187965ms] [LOG] [Fast Refresh] done in 71ms @ http://localhost:3000/_next/static/chunks/08i5_next_dist_0bovzun._.js:776
[  188006ms] [LOG] [Fast Refresh] done in 71ms @ http://localhost:3000/_next/static/chunks/08i5_next_dist_0bovzun._.js:776
[  188048ms] [LOG] [Fast Refresh] done in 71ms @ http://localhost:3000/_next/static/chunks/08i5_next_dist_0bovzun._.js:776
[  188090ms] [LOG] [Fast Refresh] done in 71ms @ http://localhost:3000/_next/static/chunks/08i5_next_dist_0bovzun._.js:776
[  188145ms] [LOG] [Fast Refresh] done in 71ms @ http://localhost:3000/_next/static/chunks/08i5_next_dist_0bovzun._.js:776
[  188198ms] [LOG] [Fast Refresh] done in 71ms @ http://localhost:3000/_next/static/chunks/08i5_next_dist_0bovzun._.js:776
[  188261ms] [LOG] [Fast Refresh] done in 71ms @ http://localhost:3000/_next/static/chunks/08i5_next_dist_0bovzun._.js:776
[  188325ms] [LOG] [Fast Refresh] done in 71ms @ http://localhost:3000/_next/static/chunks/08i5_next_dist_0bovzun._.js:776
[  188389ms] [LOG] [Fast Refresh] done in 71ms @ http://localhost:3000/_next/static/chunks/08i5_next_dist_0bovzun._.js:776
[  188459ms] [LOG] [Fast Refresh] done in 71ms @ http://localhost:3000/_next/static/chunks/08i5_next_dist_0bovzun._.js:776
[  188525ms] [LOG] [Fast Refresh] done in 71ms @ http://localhost:3000/_next/static/chunks/08i5_next_dist_0bovzun._.js:776
[  188579ms] [LOG] [Fast Refresh] done in 71ms @ http://localhost:3000/_next/static/chunks/08i5_next_dist_0bovzun._.js:776
[  188641ms] [LOG] [Fast Refresh] done in 71ms @ http://localhost:3000/_next/static/chunks/08i5_next_dist_0bovzun._.js:776
[  188713ms] [LOG] [Fast Refresh] done in 71ms @ http://localhost:3000/_next/static/chunks/08i5_next_dist_0bovzun._.js:776
[  188778ms] [LOG] [Fast Refresh] done in 71ms @ http://localhost:3000/_next/static/chunks/08i5_next_dist_0bovzun._.js:776
[  188831ms] [LOG] [Fast Refresh] done in 71ms @ http://localhost:3000/_next/static/chunks/08i5_next_dist_0bovzun._.js:776
[  188894ms] [LOG] [Fast Refresh] done in 71ms @ http://localhost:3000/_next/static/chunks/08i5_next_dist_0bovzun._.js:776
[  188955ms] [LOG] [Fast Refresh] done in 71ms @ http://localhost:3000/_next/static/chunks/08i5_next_dist_0bovzun._.js:776
[  189012ms] [LOG] [Fast Refresh] done in 71ms @ http://localhost:3000/_next/static/chunks/08i5_next_dist_0bovzun._.js:776
[  189064ms] [LOG] [Fast Refresh] done in 71ms @ http://localhost:3000/_next/static/chunks/08i5_next_dist_0bovzun._.js:776
[  189138ms] [LOG] [Fast Refresh] done in 71ms @ http://localhost:3000/_next/static/chunks/08i5_next_dist_0bovzun._.js:776
[  189205ms] [LOG] [Fast Refresh] done in 71ms @ http://localhost:3000/_next/static/chunks/08i5_next_dist_0bovzun._.js:776
[  189262ms] [LOG] [Fast Refresh] done in 71ms @ http://localhost:3000/_next/static/chunks/08i5_next_dist_0bovzun._.js:776
[  189309ms] [LOG] [Fast Refresh] done in 71ms @ http://localhost:3000/_next/static/chunks/08i5_next_dist_0bovzun._.js:776
[  189372ms] [LOG] [Fast Refresh] done in 71ms @ http://localhost:3000/_next/static/chunks/08i5_next_dist_0bovzun._.js:776
[  189433ms] [LOG] [Fast Refresh] done in 71ms @ http://localhost:3000/_next/static/chunks/08i5_next_dist_0bovzun._.js:776
[  189496ms] [LOG] [Fast Refresh] done in 71ms @ http://localhost:3000/_next/static/chunks/08i5_next_dist_0bovzun._.js:776
[  189546ms] [LOG] [Fast Refresh] done in 71ms @ http://localhost:3000/_next/static/chunks/08i5_next_dist_0bovzun._.js:776
[  189608ms] [LOG] [Fast Refresh] done in 71ms @ http://localhost:3000/_next/static/chunks/08i5_next_dist_0bovzun._.js:776
[  189662ms] [LOG] [Fast Refresh] done in 71ms @ http://localhost:3000/_next/static/chunks/08i5_next_dist_0bovzun._.js:776
[  189725ms] [LOG] [Fast Refresh] done in 71ms @ http://localhost:3000/_next/static/chunks/08i5_next_dist_0bovzun._.js:776
[  189795ms] [LOG] [Fast Refresh] done in 71ms @ http://localhost:3000/_next/static/chunks/08i5_next_dist_0bovzun._.js:776
[  189855ms] [LOG] [Fast Refresh] done in 71ms @ http://localhost:3000/_next/static/chunks/08i5_next_dist_0bovzun._.js:776
[  189908ms] [LOG] [Fast Refresh] done in 71ms @ http://localhost:3000/_next/static/chunks/08i5_next_dist_0bovzun._.js:776
[  189965ms] [LOG] [Fast Refresh] done in 71ms @ http://localhost:3000/_next/static/chunks/08i5_next_dist_0bovzun._.js:776
[  190016ms] [LOG] [Fast Refresh] done in 71ms @ http://localhost:3000/_next/static/chunks/08i5_next_dist_0bovzun._.js:776
[  190065ms] [LOG] [Fast Refresh] done in 71ms @ http://localhost:3000/_next/static/chunks/08i5_next_dist_0bovzun._.js:776
[  190122ms] [LOG] [Fast Refresh] done in 71ms @ http://localhost:3000/_next/static/chunks/08i5_next_dist_0bovzun._.js:776
[  190185ms] [LOG] [Fast Refresh] done in 71ms @ http://localhost:3000/_next/static/chunks/08i5_next_dist_0bovzun._.js:776
[  190259ms] [LOG] [Fast Refresh] done in 71ms @ http://localhost:3000/_next/static/chunks/08i5_next_dist_0bovzun._.js:776
[  190322ms] [LOG] [Fast Refresh] done in 71ms @ http://localhost:3000/_next/static/chunks/08i5_next_dist_0bovzun._.js:776
[  190378ms] [LOG] [Fast Refresh] done in 71ms @ http://localhost:3000/_next/static/chunks/08i5_next_dist_0bovzun._.js:776
[  190441ms] [LOG] [Fast Refresh] done in 71ms @ http://localhost:3000/_next/static/chunks/08i5_next_dist_0bovzun._.js:776
[  190496ms] [LOG] [Fast Refresh] done in 71ms @ http://localhost:3000/_next/static/chunks/08i5_next_dist_0bovzun._.js:776
[  190559ms] [LOG] [Fast Refresh] done in 71ms @ http://localhost:3000/_next/static/chunks/08i5_next_dist_0bovzun._.js:776
[  190611ms] [LOG] [Fast Refresh] done in 71ms @ http://localhost:3000/_next/static/chunks/08i5_next_dist_0bovzun._.js:776
[  190668ms] [LOG] [Fast Refresh] done in 71ms @ http://localhost:3000/_next/static/chunks/08i5_next_dist_0bovzun._.js:776
[  190729ms] [LOG] [Fast Refresh] done in 71ms @ http://localhost:3000/_next/static/chunks/08i5_next_dist_0bovzun._.js:776
[  190784ms] [LOG] [Fast Refresh] done in 71ms @ http://localhost:3000/_next/static/chunks/08i5_next_dist_0bovzun._.js:776
[  190840ms] [LOG] [Fast Refresh] done in 71ms @ http://localhost:3000/_next/static/chunks/08i5_next_dist_0bovzun._.js:776
[  190904ms] [LOG] [Fast Refresh] done in 71ms @ http://localhost:3000/_next/static/chunks/08i5_next_dist_0bovzun._.js:776
[  190966ms] [LOG] [Fast Refresh] done in 71ms @ http://localhost:3000/_next/static/chunks/08i5_next_dist_0bovzun._.js:776
[  191031ms] [LOG] [Fast Refresh] done in 71ms @ http://localhost:3000/_next/static/chunks/08i5_next_dist_0bovzun._.js:776
[  191092ms] [LOG] [Fast Refresh] done in 71ms @ http://localhost:3000/_next/static/chunks/08i5_next_dist_0bovzun._.js:776
[  191153ms] [LOG] [Fast Refresh] done in 71ms @ http://localhost:3000/_next/static/chunks/08i5_next_dist_0bovzun._.js:776
[  191216ms] [LOG] [Fast Refresh] done in 71ms @ http://localhost:3000/_next/static/chunks/08i5_next_dist_0bovzun._.js:776
[  191277ms] [LOG] [Fast Refresh] done in 71ms @ http://localhost:3000/_next/static/chunks/08i5_next_dist_0bovzun._.js:776
[  191337ms] [LOG] [Fast Refresh] done in 71ms @ http://localhost:3000/_next/static/chunks/08i5_next_dist_0bovzun._.js:776
[  191387ms] [LOG] [Fast Refresh] done in 71ms @ http://localhost:3000/_next/static/chunks/08i5_next_dist_0bovzun._.js:776
[  191451ms] [LOG] [Fast Refresh] done in 71ms @ http://localhost:3000/_next/static/chunks/08i5_next_dist_0bovzun._.js:776
[  191512ms] [LOG] [Fast Refresh] done in 71ms @ http://localhost:3000/_next/static/chunks/08i5_next_dist_0bovzun._.js:776
[  191590ms] [LOG] [Fast Refresh] done in 71ms @ http://localhost:3000/_next/static/chunks/08i5_next_dist_0bovzun._.js:776
[  191655ms] [LOG] [Fast Refresh] done in 71ms @ http://localhost:3000/_next/static/chunks/08i5_next_dist_0bovzun._.js:776
[  191705ms] [LOG] [Fast Refresh] done in 71ms @ http://localhost:3000/_next/static/chunks/08i5_next_dist_0bovzun._.js:776
[  191762ms] [LOG] [Fast Refresh] done in 71ms @ http://localhost:3000/_next/static/chunks/08i5_next_dist_0bovzun._.js:776
[  191815ms] [LOG] [Fast Refresh] done in 71ms @ http://localhost:3000/_next/static/chunks/08i5_next_dist_0bovzun._.js:776
[  191879ms] [LOG] [Fast Refresh] done in 71ms @ http://localhost:3000/_next/static/chunks/08i5_next_dist_0bovzun._.js:776
[  191940ms] [LOG] [Fast Refresh] done in 71ms @ http://localhost:3000/_next/static/chunks/08i5_next_dist_0bovzun._.js:776
[  192004ms] [LOG] [Fast Refresh] done in 71ms @ http://localhost:3000/_next/static/chunks/08i5_next_dist_0bovzun._.js:776
[  192058ms] [LOG] [Fast Refresh] done in 71ms @ http://localhost:3000/_next/static/chunks/08i5_next_dist_0bovzun._.js:776
[  192120ms] [LOG] [Fast Refresh] done in 71ms @ http://localhost:3000/_next/static/chunks/08i5_next_dist_0bovzun._.js:776
[  192169ms] [LOG] [Fast Refresh] done in 71ms @ http://localhost:3000/_next/static/chunks/08i5_next_dist_0bovzun._.js:776
[  192217ms] [LOG] [Fast Refresh] done in 71ms @ http://localhost:3000/_next/static/chunks/08i5_next_dist_0bovzun._.js:776
[  192273ms] [LOG] [Fast Refresh] done in 71ms @ http://localhost:3000/_next/static/chunks/08i5_next_dist_0bovzun._.js:776
[  192315ms] [LOG] [Fast Refresh] done in 71ms @ http://localhost:3000/_next/static/chunks/08i5_next_dist_0bovzun._.js:776
[  192361ms] [LOG] [Fast Refresh] done in 71ms @ http://localhost:3000/_next/static/chunks/08i5_next_dist_0bovzun._.js:776
[  192410ms] [LOG] [Fast Refresh] done in 71ms @ http://localhost:3000/_next/static/chunks/08i5_next_dist_0bovzun._.js:776
[  192451ms] [LOG] [Fast Refresh] done in 71ms @ http://localhost:3000/_next/static/chunks/08i5_next_dist_0bovzun._.js:776
[  192493ms] [LOG] [Fast Refresh] done in 71ms @ http://localhost:3000/_next/static/chunks/08i5_next_dist_0bovzun._.js:776
[  192543ms] [LOG] [Fast Refresh] done in 71ms @ http://localhost:3000/_next/static/chunks/08i5_next_dist_0bovzun._.js:776
[  192595ms] [LOG] [Fast Refresh] done in 71ms @ http://localhost:3000/_next/static/chunks/08i5_next_dist_0bovzun._.js:776
[  192648ms] [LOG] [Fast Refresh] done in 71ms @ http://localhost:3000/_next/static/chunks/08i5_next_dist_0bovzun._.js:776
[  192711ms] [LOG] [Fast Refresh] done in 71ms @ http://localhost:3000/_next/static/chunks/08i5_next_dist_0bovzun._.js:776
[  192758ms] [LOG] [Fast Refresh] done in 71ms @ http://localhost:3000/_next/static/chunks/08i5_next_dist_0bovzun._.js:776
[  192813ms] [LOG] [Fast Refresh] done in 71ms @ http://localhost:3000/_next/static/chunks/08i5_next_dist_0bovzun._.js:776
[  192854ms] [LOG] [Fast Refresh] done in 71ms @ http://localhost:3000/_next/static/chunks/08i5_next_dist_0bovzun._.js:776
[  192895ms] [LOG] [Fast Refresh] done in 71ms @ http://localhost:3000/_next/static/chunks/08i5_next_dist_0bovzun._.js:776
[  192937ms] [LOG] [Fast Refresh] done in 71ms @ http://localhost:3000/_next/static/chunks/08i5_next_dist_0bovzun._.js:776
[  192986ms] [LOG] [Fast Refresh] done in 71ms @ http://localhost:3000/_next/static/chunks/08i5_next_dist_0bovzun._.js:776
[  193034ms] [LOG] [Fast Refresh] done in 71ms @ http://localhost:3000/_next/static/chunks/08i5_next_dist_0bovzun._.js:776
[  193076ms] [LOG] [Fast Refresh] done in 71ms @ http://localhost:3000/_next/static/chunks/08i5_next_dist_0bovzun._.js:776
[  193125ms] [LOG] [Fast Refresh] done in 71ms @ http://localhost:3000/_next/static/chunks/08i5_next_dist_0bovzun._.js:776
[  193166ms] [LOG] [Fast Refresh] done in 71ms @ http://localhost:3000/_next/static/chunks/08i5_next_dist_0bovzun._.js:776
[  193212ms] [LOG] [Fast Refresh] done in 71ms @ http://localhost:3000/_next/static/chunks/08i5_next_dist_0bovzun._.js:776
[  193266ms] [LOG] [Fast Refresh] done in 71ms @ http://localhost:3000/_next/static/chunks/08i5_next_dist_0bovzun._.js:776
[  193329ms] [LOG] [Fast Refresh] done in 71ms @ http://localhost:3000/_next/static/chunks/08i5_next_dist_0bovzun._.js:776
[  193382ms] [LOG] [Fast Refresh] done in 71ms @ http://localhost:3000/_next/static/chunks/08i5_next_dist_0bovzun._.js:776
[  193433ms] [LOG] [Fast Refresh] done in 71ms @ http://localhost:3000/_next/static/chunks/08i5_next_dist_0bovzun._.js:776
[  193495ms] [LOG] [Fast Refresh] done in 71ms @ http://localhost:3000/_next/static/chunks/08i5_next_dist_0bovzun._.js:776
[  193543ms] [LOG] [Fast Refresh] done in 71ms @ http://localhost:3000/_next/static/chunks/08i5_next_dist_0bovzun._.js:776
[  193608ms] [LOG] [Fast Refresh] done in 71ms @ http://localhost:3000/_next/static/chunks/08i5_next_dist_0bovzun._.js:776
[  193661ms] [LOG] [Fast Refresh] done in 71ms @ http://localhost:3000/_next/static/chunks/08i5_next_dist_0bovzun._.js:776
[  193724ms] [LOG] [Fast Refresh] done in 71ms @ http://localhost:3000/_next/static/chunks/08i5_next_dist_0bovzun._.js:776
[  193793ms] [LOG] [Fast Refresh] done in 71ms @ http://localhost:3000/_next/static/chunks/08i5_next_dist_0bovzun._.js:776
[  193871ms] [LOG] [Fast Refresh] done in 71ms @ http://localhost:3000/_next/static/chunks/08i5_next_dist_0bovzun._.js:776
[  193934ms] [LOG] [Fast Refresh] done in 71ms @ http://localhost:3000/_next/static/chunks/08i5_next_dist_0bovzun._.js:776
[  193984ms] [LOG] [Fast Refresh] done in 71ms @ http://localhost:3000/_next/static/chunks/08i5_next_dist_0bovzun._.js:776
[  194047ms] [LOG] [Fast Refresh] done in 71ms @ http://localhost:3000/_next/static/chunks/08i5_next_dist_0bovzun._.js:776
[  194121ms] [LOG] [Fast Refresh] done in 71ms @ http://localhost:3000/_next/static/chunks/08i5_next_dist_0bovzun._.js:776
[  194177ms] [LOG] [Fast Refresh] done in 71ms @ http://localhost:3000/_next/static/chunks/08i5_next_dist_0bovzun._.js:776
[  194227ms] [LOG] [Fast Refresh] done in 71ms @ http://localhost:3000/_next/static/chunks/08i5_next_dist_0bovzun._.js:776
[  194293ms] [LOG] [Fast Refresh] done in 71ms @ http://localhost:3000/_next/static/chunks/08i5_next_dist_0bovzun._.js:776
[  194343ms] [LOG] [Fast Refresh] done in 71ms @ http://localhost:3000/_next/static/chunks/08i5_next_dist_0bovzun._.js:776
[  194402ms] [LOG] [Fast Refresh] done in 71ms @ http://localhost:3000/_next/static/chunks/08i5_next_dist_0bovzun._.js:776
[  194464ms] [LOG] [Fast Refresh] done in 71ms @ http://localhost:3000/_next/static/chunks/08i5_next_dist_0bovzun._.js:776
[  194527ms] [LOG] [Fast Refresh] done in 71ms @ http://localhost:3000/_next/static/chunks/08i5_next_dist_0bovzun._.js:776
[  194578ms] [LOG] [Fast Refresh] done in 71ms @ http://localhost:3000/_next/static/chunks/08i5_next_dist_0bovzun._.js:776
[  194638ms] [LOG] [Fast Refresh] done in 71ms @ http://localhost:3000/_next/static/chunks/08i5_next_dist_0bovzun._.js:776
[  194702ms] [LOG] [Fast Refresh] done in 71ms @ http://localhost:3000/_next/static/chunks/08i5_next_dist_0bovzun._.js:776
[  194762ms] [LOG] [Fast Refresh] done in 71ms @ http://localhost:3000/_next/static/chunks/08i5_next_dist_0bovzun._.js:776
[  194815ms] [LOG] [Fast Refresh] done in 71ms @ http://localhost:3000/_next/static/chunks/08i5_next_dist_0bovzun._.js:776
[  194878ms] [LOG] [Fast Refresh] done in 71ms @ http://localhost:3000/_next/static/chunks/08i5_next_dist_0bovzun._.js:776
[  194939ms] [LOG] [Fast Refresh] done in 71ms @ http://localhost:3000/_next/static/chunks/08i5_next_dist_0bovzun._.js:776
[  195003ms] [LOG] [Fast Refresh] done in 71ms @ http://localhost:3000/_next/static/chunks/08i5_next_dist_0bovzun._.js:776
[  195058ms] [LOG] [Fast Refresh] done in 71ms @ http://localhost:3000/_next/static/chunks/08i5_next_dist_0bovzun._.js:776
[  195137ms] [LOG] [Fast Refresh] done in 71ms @ http://localhost:3000/_next/static/chunks/08i5_next_dist_0bovzun._.js:776
[  195200ms] [LOG] [Fast Refresh] done in 71ms @ http://localhost:3000/_next/static/chunks/08i5_next_dist_0bovzun._.js:776
[  195264ms] [LOG] [Fast Refresh] done in 71ms @ http://localhost:3000/_next/static/chunks/08i5_next_dist_0bovzun._.js:776
[  195317ms] [LOG] [Fast Refresh] done in 71ms @ http://localhost:3000/_next/static/chunks/08i5_next_dist_0bovzun._.js:776
[  195381ms] [LOG] [Fast Refresh] done in 71ms @ http://localhost:3000/_next/static/chunks/08i5_next_dist_0bovzun._.js:776
[  195449ms] [LOG] [Fast Refresh] done in 71ms @ http://localhost:3000/_next/static/chunks/08i5_next_dist_0bovzun._.js:776
[  195500ms] [LOG] [Fast Refresh] done in 71ms @ http://localhost:3000/_next/static/chunks/08i5_next_dist_0bovzun._.js:776
[  195558ms] [LOG] [Fast Refresh] done in 71ms @ http://localhost:3000/_next/static/chunks/08i5_next_dist_0bovzun._.js:776
[  195621ms] [LOG] [Fast Refresh] done in 71ms @ http://localhost:3000/_next/static/chunks/08i5_next_dist_0bovzun._.js:776
[  195672ms] [LOG] [Fast Refresh] done in 71ms @ http://localhost:3000/_next/static/chunks/08i5_next_dist_0bovzun._.js:776
[  195735ms] [LOG] [Fast Refresh] done in 71ms @ http://localhost:3000/_next/static/chunks/08i5_next_dist_0bovzun._.js:776
[  195797ms] [LOG] [Fast Refresh] done in 71ms @ http://localhost:3000/_next/static/chunks/08i5_next_dist_0bovzun._.js:776
[  195860ms] [LOG] [Fast Refresh] done in 71ms @ http://localhost:3000/_next/static/chunks/08i5_next_dist_0bovzun._.js:776
[  195918ms] [LOG] [Fast Refresh] done in 71ms @ http://localhost:3000/_next/static/chunks/08i5_next_dist_0bovzun._.js:776
[  195981ms] [LOG] [Fast Refresh] done in 71ms @ http://localhost:3000/_next/static/chunks/08i5_next_dist_0bovzun._.js:776
[  196031ms] [LOG] [Fast Refresh] done in 71ms @ http://localhost:3000/_next/static/chunks/08i5_next_dist_0bovzun._.js:776
[  196095ms] [LOG] [Fast Refresh] done in 71ms @ http://localhost:3000/_next/static/chunks/08i5_next_dist_0bovzun._.js:776
[  196150ms] [LOG] [Fast Refresh] done in 71ms @ http://localhost:3000/_next/static/chunks/08i5_next_dist_0bovzun._.js:776
[  196213ms] [LOG] [Fast Refresh] done in 71ms @ http://localhost:3000/_next/static/chunks/08i5_next_dist_0bovzun._.js:776
[  196267ms] [LOG] [Fast Refresh] done in 71ms @ http://localhost:3000/_next/static/chunks/08i5_next_dist_0bovzun._.js:776
[  196330ms] [LOG] [Fast Refresh] done in 71ms @ http://localhost:3000/_next/static/chunks/08i5_next_dist_0bovzun._.js:776
[  196392ms] [LOG] [Fast Refresh] done in 71ms @ http://localhost:3000/_next/static/chunks/08i5_next_dist_0bovzun._.js:776
[  196441ms] [LOG] [Fast Refresh] done in 71ms @ http://localhost:3000/_next/static/chunks/08i5_next_dist_0bovzun._.js:776
[  196497ms] [LOG] [Fast Refresh] done in 71ms @ http://localhost:3000/_next/static/chunks/08i5_next_dist_0bovzun._.js:776
[  196549ms] [LOG] [Fast Refresh] done in 71ms @ http://localhost:3000/_next/static/chunks/08i5_next_dist_0bovzun._.js:776
[  196613ms] [LOG] [Fast Refresh] done in 71ms @ http://localhost:3000/_next/static/chunks/08i5_next_dist_0bovzun._.js:776
[  196668ms] [LOG] [Fast Refresh] done in 71ms @ http://localhost:3000/_next/static/chunks/08i5_next_dist_0bovzun._.js:776
[  196746ms] [LOG] [Fast Refresh] done in 71ms @ http://localhost:3000/_next/static/chunks/08i5_next_dist_0bovzun._.js:776
[  196809ms] [LOG] [Fast Refresh] done in 71ms @ http://localhost:3000/_next/static/chunks/08i5_next_dist_0bovzun._.js:776
[  196872ms] [LOG] [Fast Refresh] done in 71ms @ http://localhost:3000/_next/static/chunks/08i5_next_dist_0bovzun._.js:776
[  196936ms] [LOG] [Fast Refresh] done in 71ms @ http://localhost:3000/_next/static/chunks/08i5_next_dist_0bovzun._.js:776
[  196997ms] [LOG] [Fast Refresh] done in 71ms @ http://localhost:3000/_next/static/chunks/08i5_next_dist_0bovzun._.js:776
[  197061ms] [LOG] [Fast Refresh] done in 71ms @ http://localhost:3000/_next/static/chunks/08i5_next_dist_0bovzun._.js:776
[  197122ms] [LOG] [Fast Refresh] done in 71ms @ http://localhost:3000/_next/static/chunks/08i5_next_dist_0bovzun._.js:776
[  197184ms] [LOG] [Fast Refresh] done in 71ms @ http://localhost:3000/_next/static/chunks/08i5_next_dist_0bovzun._.js:776
[  197234ms] [LOG] [Fast Refresh] done in 71ms @ http://localhost:3000/_next/static/chunks/08i5_next_dist_0bovzun._.js:776
[  197296ms] [LOG] [Fast Refresh] done in 71ms @ http://localhost:3000/_next/static/chunks/08i5_next_dist_0bovzun._.js:776
[  197333ms] [LOG] [Fast Refresh] done in 71ms @ http://localhost:3000/_next/static/chunks/08i5_next_dist_0bovzun._.js:776
[  197375ms] [LOG] [Fast Refresh] done in 71ms @ http://localhost:3000/_next/static/chunks/08i5_next_dist_0bovzun._.js:776
[  197425ms] [LOG] [Fast Refresh] done in 71ms @ http://localhost:3000/_next/static/chunks/08i5_next_dist_0bovzun._.js:776
[  197481ms] [LOG] [Fast Refresh] done in 71ms @ http://localhost:3000/_next/static/chunks/08i5_next_dist_0bovzun._.js:776
[  197528ms] [LOG] [Fast Refresh] done in 71ms @ http://localhost:3000/_next/static/chunks/08i5_next_dist_0bovzun._.js:776
[  197569ms] [LOG] [Fast Refresh] done in 71ms @ http://localhost:3000/_next/static/chunks/08i5_next_dist_0bovzun._.js:776
[  197623ms] [LOG] [Fast Refresh] done in 71ms @ http://localhost:3000/_next/static/chunks/08i5_next_dist_0bovzun._.js:776
[  197680ms] [LOG] [Fast Refresh] done in 71ms @ http://localhost:3000/_next/static/chunks/08i5_next_dist_0bovzun._.js:776
[  197732ms] [LOG] [Fast Refresh] done in 71ms @ http://localhost:3000/_next/static/chunks/08i5_next_dist_0bovzun._.js:776
[  197772ms] [LOG] [Fast Refresh] done in 71ms @ http://localhost:3000/_next/static/chunks/08i5_next_dist_0bovzun._.js:776
[  197834ms] [LOG] [Fast Refresh] done in 71ms @ http://localhost:3000/_next/static/chunks/08i5_next_dist_0bovzun._.js:776
[  197876ms] [LOG] [Fast Refresh] done in 71ms @ http://localhost:3000/_next/static/chunks/08i5_next_dist_0bovzun._.js:776
[  197919ms] [LOG] [Fast Refresh] done in 71ms @ http://localhost:3000/_next/static/chunks/08i5_next_dist_0bovzun._.js:776
[  197958ms] [LOG] [Fast Refresh] done in 71ms @ http://localhost:3000/_next/static/chunks/08i5_next_dist_0bovzun._.js:776
[  198000ms] [LOG] [Fast Refresh] done in 71ms @ http://localhost:3000/_next/static/chunks/08i5_next_dist_0bovzun._.js:776
[  198041ms] [LOG] [Fast Refresh] done in 71ms @ http://localhost:3000/_next/static/chunks/08i5_next_dist_0bovzun._.js:776
[  198083ms] [LOG] [Fast Refresh] done in 71ms @ http://localhost:3000/_next/static/chunks/08i5_next_dist_0bovzun._.js:776
[  198125ms] [LOG] [Fast Refresh] done in 71ms @ http://localhost:3000/_next/static/chunks/08i5_next_dist_0bovzun._.js:776
[  198171ms] [LOG] [Fast Refresh] done in 71ms @ http://localhost:3000/_next/static/chunks/08i5_next_dist_0bovzun._.js:776
[  198228ms] [LOG] [Fast Refresh] done in 71ms @ http://localhost:3000/_next/static/chunks/08i5_next_dist_0bovzun._.js:776
[  198294ms] [LOG] [Fast Refresh] done in 71ms @ http://localhost:3000/_next/static/chunks/08i5_next_dist_0bovzun._.js:776
[  198358ms] [LOG] [Fast Refresh] done in 71ms @ http://localhost:3000/_next/static/chunks/08i5_next_dist_0bovzun._.js:776
[  198411ms] [LOG] [Fast Refresh] done in 71ms @ http://localhost:3000/_next/static/chunks/08i5_next_dist_0bovzun._.js:776
[  198475ms] [LOG] [Fast Refresh] done in 71ms @ http://localhost:3000/_next/static/chunks/08i5_next_dist_0bovzun._.js:776
[  198531ms] [LOG] [Fast Refresh] done in 71ms @ http://localhost:3000/_next/static/chunks/08i5_next_dist_0bovzun._.js:776
[  198605ms] [LOG] [Fast Refresh] done in 71ms @ http://localhost:3000/_next/static/chunks/08i5_next_dist_0bovzun._.js:776
[  198655ms] [LOG] [Fast Refresh] done in 71ms @ http://localhost:3000/_next/static/chunks/08i5_next_dist_0bovzun._.js:776
[  198714ms] [LOG] [Fast Refresh] done in 71ms @ http://localhost:3000/_next/static/chunks/08i5_next_dist_0bovzun._.js:776
[  198778ms] [LOG] [Fast Refresh] done in 71ms @ http://localhost:3000/_next/static/chunks/08i5_next_dist_0bovzun._.js:776
[  198839ms] [LOG] [Fast Refresh] done in 71ms @ http://localhost:3000/_next/static/chunks/08i5_next_dist_0bovzun._.js:776
[  198891ms] [LOG] [Fast Refresh] done in 71ms @ http://localhost:3000/_next/static/chunks/08i5_next_dist_0bovzun._.js:776
[  198950ms] [LOG] [Fast Refresh] done in 71ms @ http://localhost:3000/_next/static/chunks/08i5_next_dist_0bovzun._.js:776
[  199001ms] [LOG] [Fast Refresh] done in 71ms @ http://localhost:3000/_next/static/chunks/08i5_next_dist_0bovzun._.js:776
[  199060ms] [LOG] [Fast Refresh] done in 71ms @ http://localhost:3000/_next/static/chunks/08i5_next_dist_0bovzun._.js:776
[  199109ms] [LOG] [Fast Refresh] done in 71ms @ http://localhost:3000/_next/static/chunks/08i5_next_dist_0bovzun._.js:776
[  199189ms] [LOG] [Fast Refresh] done in 71ms @ http://localhost:3000/_next/static/chunks/08i5_next_dist_0bovzun._.js:776
[  199252ms] [LOG] [Fast Refresh] done in 71ms @ http://localhost:3000/_next/static/chunks/08i5_next_dist_0bovzun._.js:776
[  199315ms] [LOG] [Fast Refresh] done in 71ms @ http://localhost:3000/_next/static/chunks/08i5_next_dist_0bovzun._.js:776
[  199368ms] [LOG] [Fast Refresh] done in 71ms @ http://localhost:3000/_next/static/chunks/08i5_next_dist_0bovzun._.js:776
[  199423ms] [LOG] [Fast Refresh] done in 71ms @ http://localhost:3000/_next/static/chunks/08i5_next_dist_0bovzun._.js:776
[  199473ms] [LOG] [Fast Refresh] done in 71ms @ http://localhost:3000/_next/static/chunks/08i5_next_dist_0bovzun._.js:776
[  199528ms] [LOG] [Fast Refresh] done in 71ms @ http://localhost:3000/_next/static/chunks/08i5_next_dist_0bovzun._.js:776
[  199590ms] [LOG] [Fast Refresh] done in 71ms @ http://localhost:3000/_next/static/chunks/08i5_next_dist_0bovzun._.js:776
[  199645ms] [LOG] [Fast Refresh] done in 71ms @ http://localhost:3000/_next/static/chunks/08i5_next_dist_0bovzun._.js:776
[  199708ms] [LOG] [Fast Refresh] done in 71ms @ http://localhost:3000/_next/static/chunks/08i5_next_dist_0bovzun._.js:776
[  199754ms] [LOG] [Fast Refresh] done in 71ms @ http://localhost:3000/_next/static/chunks/08i5_next_dist_0bovzun._.js:776
[  199808ms] [LOG] [Fast Refresh] done in 71ms @ http://localhost:3000/_next/static/chunks/08i5_next_dist_0bovzun._.js:776
[  199871ms] [LOG] [Fast Refresh] done in 71ms @ http://localhost:3000/_next/static/chunks/08i5_next_dist_0bovzun._.js:776
[  199934ms] [LOG] [Fast Refresh] done in 71ms @ http://localhost:3000/_next/static/chunks/08i5_next_dist_0bovzun._.js:776
[  199984ms] [LOG] [Fast Refresh] done in 71ms @ http://localhost:3000/_next/static/chunks/08i5_next_dist_0bovzun._.js:776
[  200053ms] [LOG] [Fast Refresh] done in 71ms @ http://localhost:3000/_next/static/chunks/08i5_next_dist_0bovzun._.js:776
[  200093ms] [LOG] [Fast Refresh] done in 71ms @ http://localhost:3000/_next/static/chunks/08i5_next_dist_0bovzun._.js:776
[  200169ms] [LOG] [Fast Refresh] done in 71ms @ http://localhost:3000/_next/static/chunks/08i5_next_dist_0bovzun._.js:776
[  200223ms] [LOG] [Fast Refresh] done in 71ms @ http://localhost:3000/_next/static/chunks/08i5_next_dist_0bovzun._.js:776
[  200277ms] [LOG] [Fast Refresh] done in 71ms @ http://localhost:3000/_next/static/chunks/08i5_next_dist_0bovzun._.js:776
[  200340ms] [LOG] [Fast Refresh] done in 71ms @ http://localhost:3000/_next/static/chunks/08i5_next_dist_0bovzun._.js:776
[  200404ms] [LOG] [Fast Refresh] done in 71ms @ http://localhost:3000/_next/static/chunks/08i5_next_dist_0bovzun._.js:776
[  200469ms] [LOG] [Fast Refresh] done in 71ms @ http://localhost:3000/_next/static/chunks/08i5_next_dist_0bovzun._.js:776
[  200532ms] [LOG] [Fast Refresh] done in 71ms @ http://localhost:3000/_next/static/chunks/08i5_next_dist_0bovzun._.js:776
[  200607ms] [LOG] [Fast Refresh] done in 71ms @ http://localhost:3000/_next/static/chunks/08i5_next_dist_0bovzun._.js:776
[  200668ms] [LOG] [Fast Refresh] done in 71ms @ http://localhost:3000/_next/static/chunks/08i5_next_dist_0bovzun._.js:776
[  200720ms] [LOG] [Fast Refresh] done in 71ms @ http://localhost:3000/_next/static/chunks/08i5_next_dist_0bovzun._.js:776
[  200782ms] [LOG] [Fast Refresh] done in 71ms @ http://localhost:3000/_next/static/chunks/08i5_next_dist_0bovzun._.js:776
[  200846ms] [LOG] [Fast Refresh] done in 71ms @ http://localhost:3000/_next/static/chunks/08i5_next_dist_0bovzun._.js:776
[  200902ms] [LOG] [Fast Refresh] done in 71ms @ http://localhost:3000/_next/static/chunks/08i5_next_dist_0bovzun._.js:776
[  200966ms] [LOG] [Fast Refresh] done in 71ms @ http://localhost:3000/_next/static/chunks/08i5_next_dist_0bovzun._.js:776
[  201028ms] [LOG] [Fast Refresh] done in 71ms @ http://localhost:3000/_next/static/chunks/08i5_next_dist_0bovzun._.js:776
[  201073ms] [LOG] [Fast Refresh] done in 71ms @ http://localhost:3000/_next/static/chunks/08i5_next_dist_0bovzun._.js:776
[  201136ms] [LOG] [Fast Refresh] done in 71ms @ http://localhost:3000/_next/static/chunks/08i5_next_dist_0bovzun._.js:776
[  201198ms] [LOG] [Fast Refresh] done in 71ms @ http://localhost:3000/_next/static/chunks/08i5_next_dist_0bovzun._.js:776
[  201262ms] [LOG] [Fast Refresh] done in 71ms @ http://localhost:3000/_next/static/chunks/08i5_next_dist_0bovzun._.js:776
[  201317ms] [LOG] [Fast Refresh] done in 71ms @ http://localhost:3000/_next/static/chunks/08i5_next_dist_0bovzun._.js:776
[  201381ms] [LOG] [Fast Refresh] done in 71ms @ http://localhost:3000/_next/static/chunks/08i5_next_dist_0bovzun._.js:776
[  201443ms] [LOG] [Fast Refresh] done in 71ms @ http://localhost:3000/_next/static/chunks/08i5_next_dist_0bovzun._.js:776
[  201506ms] [LOG] [Fast Refresh] done in 71ms @ http://localhost:3000/_next/static/chunks/08i5_next_dist_0bovzun._.js:776
[  201567ms] [LOG] [Fast Refresh] done in 71ms @ http://localhost:3000/_next/static/chunks/08i5_next_dist_0bovzun._.js:776
[  201635ms] [LOG] [Fast Refresh] done in 71ms @ http://localhost:3000/_next/static/chunks/08i5_next_dist_0bovzun._.js:776
[  201700ms] [LOG] [Fast Refresh] done in 71ms @ http://localhost:3000/_next/static/chunks/08i5_next_dist_0bovzun._.js:776
[  201751ms] [LOG] [Fast Refresh] done in 71ms @ http://localhost:3000/_next/static/chunks/08i5_next_dist_0bovzun._.js:776
[  201796ms] [LOG] [Fast Refresh] done in 71ms @ http://localhost:3000/_next/static/chunks/08i5_next_dist_0bovzun._.js:776
[  201853ms] [LOG] [Fast Refresh] done in 71ms @ http://localhost:3000/_next/static/chunks/08i5_next_dist_0bovzun._.js:776
[  201892ms] [LOG] [Fast Refresh] done in 71ms @ http://localhost:3000/_next/static/chunks/08i5_next_dist_0bovzun._.js:776
[  201965ms] [LOG] [Fast Refresh] done in 71ms @ http://localhost:3000/_next/static/chunks/08i5_next_dist_0bovzun._.js:776
[  202016ms] [LOG] [Fast Refresh] done in 71ms @ http://localhost:3000/_next/static/chunks/08i5_next_dist_0bovzun._.js:776
[  202074ms] [LOG] [Fast Refresh] done in 71ms @ http://localhost:3000/_next/static/chunks/08i5_next_dist_0bovzun._.js:776
[  202135ms] [LOG] [Fast Refresh] done in 71ms @ http://localhost:3000/_next/static/chunks/08i5_next_dist_0bovzun._.js:776
[  202184ms] [LOG] [Fast Refresh] done in 71ms @ http://localhost:3000/_next/static/chunks/08i5_next_dist_0bovzun._.js:776
[  202222ms] [LOG] [Fast Refresh] done in 71ms @ http://localhost:3000/_next/static/chunks/08i5_next_dist_0bovzun._.js:776
[  202280ms] [LOG] [Fast Refresh] done in 71ms @ http://localhost:3000/_next/static/chunks/08i5_next_dist_0bovzun._.js:776
[  202333ms] [LOG] [Fast Refresh] done in 71ms @ http://localhost:3000/_next/static/chunks/08i5_next_dist_0bovzun._.js:776
[  202375ms] [LOG] [Fast Refresh] done in 71ms @ http://localhost:3000/_next/static/chunks/08i5_next_dist_0bovzun._.js:776
[  202424ms] [LOG] [Fast Refresh] done in 71ms @ http://localhost:3000/_next/static/chunks/08i5_next_dist_0bovzun._.js:776
[  202472ms] [LOG] [Fast Refresh] done in 71ms @ http://localhost:3000/_next/static/chunks/08i5_next_dist_0bovzun._.js:776
[  202514ms] [LOG] [Fast Refresh] done in 71ms @ http://localhost:3000/_next/static/chunks/08i5_next_dist_0bovzun._.js:776
[  202562ms] [LOG] [Fast Refresh] done in 71ms @ http://localhost:3000/_next/static/chunks/08i5_next_dist_0bovzun._.js:776
[  202620ms] [LOG] [Fast Refresh] done in 71ms @ http://localhost:3000/_next/static/chunks/08i5_next_dist_0bovzun._.js:776
[  202666ms] [LOG] [Fast Refresh] done in 71ms @ http://localhost:3000/_next/static/chunks/08i5_next_dist_0bovzun._.js:776
[  202718ms] [LOG] [Fast Refresh] done in 71ms @ http://localhost:3000/_next/static/chunks/08i5_next_dist_0bovzun._.js:776
[  202764ms] [LOG] [Fast Refresh] done in 71ms @ http://localhost:3000/_next/static/chunks/08i5_next_dist_0bovzun._.js:776
[  202813ms] [LOG] [Fast Refresh] done in 71ms @ http://localhost:3000/_next/static/chunks/08i5_next_dist_0bovzun._.js:776
[  202855ms] [LOG] [Fast Refresh] done in 71ms @ http://localhost:3000/_next/static/chunks/08i5_next_dist_0bovzun._.js:776
[  202919ms] [LOG] [Fast Refresh] done in 71ms @ http://localhost:3000/_next/static/chunks/08i5_next_dist_0bovzun._.js:776
[  202960ms] [LOG] [Fast Refresh] done in 71ms @ http://localhost:3000/_next/static/chunks/08i5_next_dist_0bovzun._.js:776
[  203000ms] [LOG] [Fast Refresh] done in 71ms @ http://localhost:3000/_next/static/chunks/08i5_next_dist_0bovzun._.js:776
[  203042ms] [LOG] [Fast Refresh] done in 71ms @ http://localhost:3000/_next/static/chunks/08i5_next_dist_0bovzun._.js:776
[  203090ms] [LOG] [Fast Refresh] done in 71ms @ http://localhost:3000/_next/static/chunks/08i5_next_dist_0bovzun._.js:776
[  203131ms] [LOG] [Fast Refresh] done in 71ms @ http://localhost:3000/_next/static/chunks/08i5_next_dist_0bovzun._.js:776
[  310958ms] [LOG] [Fast Refresh] rebuilding @ http://localhost:3000/_next/static/chunks/08i5_next_dist_0bovzun._.js:776
[  311032ms] [LOG] [Fast Refresh] done in 71ms @ http://localhost:3000/_next/static/chunks/08i5_next_dist_0bovzun._.js:776
[  311102ms] [LOG] [Fast Refresh] done in 71ms @ http://localhost:3000/_next/static/chunks/08i5_next_dist_0bovzun._.js:776
[  311145ms] [LOG] [Fast Refresh] done in 71ms @ http://localhost:3000/_next/static/chunks/08i5_next_dist_0bovzun._.js:776
[  311196ms] [LOG] [Fast Refresh] done in 71ms @ http://localhost:3000/_next/static/chunks/08i5_next_dist_0bovzun._.js:776
[  311385ms] [LOG] [Fast Refresh] done in 71ms @ http://localhost:3000/_next/static/chunks/08i5_next_dist_0bovzun._.js:776
[  311447ms] [LOG] [Fast Refresh] done in 71ms @ http://localhost:3000/_next/static/chunks/08i5_next_dist_0bovzun._.js:776
[  311508ms] [LOG] [Fast Refresh] done in 71ms @ http://localhost:3000/_next/static/chunks/08i5_next_dist_0bovzun._.js:776
[  311581ms] [LOG] [Fast Refresh] done in 71ms @ http://localhost:3000/_next/static/chunks/08i5_next_dist_0bovzun._.js:776
[  311634ms] [LOG] [Fast Refresh] done in 71ms @ http://localhost:3000/_next/static/chunks/08i5_next_dist_0bovzun._.js:776
[  311709ms] [LOG] [Fast Refresh] done in 71ms @ http://localhost:3000/_next/static/chunks/08i5_next_dist_0bovzun._.js:776
[  311764ms] [LOG] [Fast Refresh] done in 71ms @ http://localhost:3000/_next/static/chunks/08i5_next_dist_0bovzun._.js:776
[  311811ms] [LOG] [Fast Refresh] done in 71ms @ http://localhost:3000/_next/static/chunks/08i5_next_dist_0bovzun._.js:776
[  311858ms] [LOG] [Fast Refresh] done in 71ms @ http://localhost:3000/_next/static/chunks/08i5_next_dist_0bovzun._.js:776
[  311923ms] [LOG] [Fast Refresh] done in 71ms @ http://localhost:3000/_next/static/chunks/08i5_next_dist_0bovzun._.js:776
[  311986ms] [LOG] [Fast Refresh] done in 71ms @ http://localhost:3000/_next/static/chunks/08i5_next_dist_0bovzun._.js:776
[  312062ms] [LOG] [Fast Refresh] done in 71ms @ http://localhost:3000/_next/static/chunks/08i5_next_dist_0bovzun._.js:776
[  312132ms] [LOG] [Fast Refresh] done in 71ms @ http://localhost:3000/_next/static/chunks/08i5_next_dist_0bovzun._.js:776
[  312216ms] [LOG] [Fast Refresh] done in 71ms @ http://localhost:3000/_next/static/chunks/08i5_next_dist_0bovzun._.js:776
[  312274ms] [LOG] [Fast Refresh] done in 71ms @ http://localhost:3000/_next/static/chunks/08i5_next_dist_0bovzun._.js:776
[  312316ms] [LOG] [Fast Refresh] done in 71ms @ http://localhost:3000/_next/static/chunks/08i5_next_dist_0bovzun._.js:776
[  312367ms] [LOG] [Fast Refresh] done in 71ms @ http://localhost:3000/_next/static/chunks/08i5_next_dist_0bovzun._.js:776
[  312411ms] [LOG] [Fast Refresh] done in 71ms @ http://localhost:3000/_next/static/chunks/08i5_next_dist_0bovzun._.js:776
[  312468ms] [LOG] [Fast Refresh] done in 71ms @ http://localhost:3000/_next/static/chunks/08i5_next_dist_0bovzun._.js:776
[  312513ms] [LOG] [Fast Refresh] done in 71ms @ http://localhost:3000/_next/static/chunks/08i5_next_dist_0bovzun._.js:776
[  312566ms] [LOG] [Fast Refresh] done in 71ms @ http://localhost:3000/_next/static/chunks/08i5_next_dist_0bovzun._.js:776
[  312613ms] [LOG] [Fast Refresh] done in 71ms @ http://localhost:3000/_next/static/chunks/08i5_next_dist_0bovzun._.js:776
[  312656ms] [LOG] [Fast Refresh] done in 71ms @ http://localhost:3000/_next/static/chunks/08i5_next_dist_0bovzun._.js:776
[  312701ms] [LOG] [Fast Refresh] done in 71ms @ http://localhost:3000/_next/static/chunks/08i5_next_dist_0bovzun._.js:776
[  312763ms] [LOG] [Fast Refresh] done in 71ms @ http://localhost:3000/_next/static/chunks/08i5_next_dist_0bovzun._.js:776
[  312824ms] [LOG] [Fast Refresh] done in 71ms @ http://localhost:3000/_next/static/chunks/08i5_next_dist_0bovzun._.js:776
[  312866ms] [LOG] [Fast Refresh] done in 71ms @ http://localhost:3000/_next/static/chunks/08i5_next_dist_0bovzun._.js:776
[  312907ms] [LOG] [Fast Refresh] done in 71ms @ http://localhost:3000/_next/static/chunks/08i5_next_dist_0bovzun._.js:776
[  312956ms] [LOG] [Fast Refresh] done in 71ms @ http://localhost:3000/_next/static/chunks/08i5_next_dist_0bovzun._.js:776
[  313010ms] [LOG] [Fast Refresh] done in 71ms @ http://localhost:3000/_next/static/chunks/08i5_next_dist_0bovzun._.js:776
[  313071ms] [LOG] [Fast Refresh] done in 71ms @ http://localhost:3000/_next/static/chunks/08i5_next_dist_0bovzun._.js:776
[  313121ms] [LOG] [Fast Refresh] done in 71ms @ http://localhost:3000/_next/static/chunks/08i5_next_dist_0bovzun._.js:776
[  313162ms] [LOG] [Fast Refresh] done in 71ms @ http://localhost:3000/_next/static/chunks/08i5_next_dist_0bovzun._.js:776
[  313204ms] [LOG] [Fast Refresh] done in 71ms @ http://localhost:3000/_next/static/chunks/08i5_next_dist_0bovzun._.js:776
[  313247ms] [LOG] [Fast Refresh] done in 71ms @ http://localhost:3000/_next/static/chunks/08i5_next_dist_0bovzun._.js:776
[  313287ms] [LOG] [Fast Refresh] done in 71ms @ http://localhost:3000/_next/static/chunks/08i5_next_dist_0bovzun._.js:776
[  313329ms] [LOG] [Fast Refresh] done in 71ms @ http://localhost:3000/_next/static/chunks/08i5_next_dist_0bovzun._.js:776
[  313370ms] [LOG] [Fast Refresh] done in 71ms @ http://localhost:3000/_next/static/chunks/08i5_next_dist_0bovzun._.js:776
[  313424ms] [LOG] [Fast Refresh] done in 71ms @ http://localhost:3000/_next/static/chunks/08i5_next_dist_0bovzun._.js:776
[  313475ms] [LOG] [Fast Refresh] done in 71ms @ http://localhost:3000/_next/static/chunks/08i5_next_dist_0bovzun._.js:776
[  313546ms] [LOG] [Fast Refresh] done in 71ms @ http://localhost:3000/_next/static/chunks/08i5_next_dist_0bovzun._.js:776
[  313600ms] [LOG] [Fast Refresh] done in 71ms @ http://localhost:3000/_next/static/chunks/08i5_next_dist_0bovzun._.js:776
[  313655ms] [LOG] [Fast Refresh] done in 71ms @ http://localhost:3000/_next/static/chunks/08i5_next_dist_0bovzun._.js:776
[  313711ms] [LOG] [Fast Refresh] done in 71ms @ http://localhost:3000/_next/static/chunks/08i5_next_dist_0bovzun._.js:776
[  313782ms] [LOG] [Fast Refresh] done in 71ms @ http://localhost:3000/_next/static/chunks/08i5_next_dist_0bovzun._.js:776
[  313845ms] [LOG] [Fast Refresh] done in 71ms @ http://localhost:3000/_next/static/chunks/08i5_next_dist_0bovzun._.js:776
[  313899ms] [LOG] [Fast Refresh] done in 71ms @ http://localhost:3000/_next/static/chunks/08i5_next_dist_0bovzun._.js:776
[  313963ms] [LOG] [Fast Refresh] done in 71ms @ http://localhost:3000/_next/static/chunks/08i5_next_dist_0bovzun._.js:776
[  314028ms] [LOG] [Fast Refresh] done in 71ms @ http://localhost:3000/_next/static/chunks/08i5_next_dist_0bovzun._.js:776
[  314091ms] [LOG] [Fast Refresh] done in 71ms @ http://localhost:3000/_next/static/chunks/08i5_next_dist_0bovzun._.js:776
[  314130ms] [LOG] [Fast Refresh] done in 71ms @ http://localhost:3000/_next/static/chunks/08i5_next_dist_0bovzun._.js:776
[  314184ms] [LOG] [Fast Refresh] done in 71ms @ http://localhost:3000/_next/static/chunks/08i5_next_dist_0bovzun._.js:776
[  314237ms] [LOG] [Fast Refresh] done in 71ms @ http://localhost:3000/_next/static/chunks/08i5_next_dist_0bovzun._.js:776
[  314300ms] [LOG] [Fast Refresh] done in 71ms @ http://localhost:3000/_next/static/chunks/08i5_next_dist_0bovzun._.js:776
[  314362ms] [LOG] [Fast Refresh] done in 71ms @ http://localhost:3000/_next/static/chunks/08i5_next_dist_0bovzun._.js:776
[  314426ms] [LOG] [Fast Refresh] done in 71ms @ http://localhost:3000/_next/static/chunks/08i5_next_dist_0bovzun._.js:776
[  314474ms] [LOG] [Fast Refresh] done in 71ms @ http://localhost:3000/_next/static/chunks/08i5_next_dist_0bovzun._.js:776
[  314538ms] [LOG] [Fast Refresh] done in 71ms @ http://localhost:3000/_next/static/chunks/08i5_next_dist_0bovzun._.js:776
[  314591ms] [LOG] [Fast Refresh] done in 71ms @ http://localhost:3000/_next/static/chunks/08i5_next_dist_0bovzun._.js:776
[  314653ms] [LOG] [Fast Refresh] done in 71ms @ http://localhost:3000/_next/static/chunks/08i5_next_dist_0bovzun._.js:776
[  314717ms] [LOG] [Fast Refresh] done in 71ms @ http://localhost:3000/_next/static/chunks/08i5_next_dist_0bovzun._.js:776
[  314778ms] [LOG] [Fast Refresh] done in 71ms @ http://localhost:3000/_next/static/chunks/08i5_next_dist_0bovzun._.js:776
[  314825ms] [LOG] [Fast Refresh] done in 71ms @ http://localhost:3000/_next/static/chunks/08i5_next_dist_0bovzun._.js:776
[  314887ms] [LOG] [Fast Refresh] done in 71ms @ http://localhost:3000/_next/static/chunks/08i5_next_dist_0bovzun._.js:776
[  314935ms] [LOG] [Fast Refresh] done in 71ms @ http://localhost:3000/_next/static/chunks/08i5_next_dist_0bovzun._.js:776
[  314996ms] [LOG] [Fast Refresh] done in 71ms @ http://localhost:3000/_next/static/chunks/08i5_next_dist_0bovzun._.js:776
[  315068ms] [LOG] [Fast Refresh] done in 71ms @ http://localhost:3000/_next/static/chunks/08i5_next_dist_0bovzun._.js:776
[  315132ms] [LOG] [Fast Refresh] done in 71ms @ http://localhost:3000/_next/static/chunks/08i5_next_dist_0bovzun._.js:776
[  315181ms] [LOG] [Fast Refresh] done in 71ms @ http://localhost:3000/_next/static/chunks/08i5_next_dist_0bovzun._.js:776
[  315240ms] [LOG] [Fast Refresh] done in 71ms @ http://localhost:3000/_next/static/chunks/08i5_next_dist_0bovzun._.js:776
[  315293ms] [LOG] [Fast Refresh] done in 71ms @ http://localhost:3000/_next/static/chunks/08i5_next_dist_0bovzun._.js:776
[  315357ms] [LOG] [Fast Refresh] done in 71ms @ http://localhost:3000/_next/static/chunks/08i5_next_dist_0bovzun._.js:776
[  315419ms] [LOG] [Fast Refresh] done in 71ms @ http://localhost:3000/_next/static/chunks/08i5_next_dist_0bovzun._.js:776
[  315482ms] [LOG] [Fast Refresh] done in 71ms @ http://localhost:3000/_next/static/chunks/08i5_next_dist_0bovzun._.js:776
[  315547ms] [LOG] [Fast Refresh] done in 71ms @ http://localhost:3000/_next/static/chunks/08i5_next_dist_0bovzun._.js:776
[  315622ms] [LOG] [Fast Refresh] done in 71ms @ http://localhost:3000/_next/static/chunks/08i5_next_dist_0bovzun._.js:776
[  315673ms] [LOG] [Fast Refresh] done in 71ms @ http://localhost:3000/_next/static/chunks/08i5_next_dist_0bovzun._.js:776
[  315730ms] [LOG] [Fast Refresh] done in 71ms @ http://localhost:3000/_next/static/chunks/08i5_next_dist_0bovzun._.js:776
[  315783ms] [LOG] [Fast Refresh] done in 71ms @ http://localhost:3000/_next/static/chunks/08i5_next_dist_0bovzun._.js:776
[  315834ms] [LOG] [Fast Refresh] done in 71ms @ http://localhost:3000/_next/static/chunks/08i5_next_dist_0bovzun._.js:776
[  315894ms] [LOG] [Fast Refresh] done in 71ms @ http://localhost:3000/_next/static/chunks/08i5_next_dist_0bovzun._.js:776
[  315949ms] [LOG] [Fast Refresh] done in 71ms @ http://localhost:3000/_next/static/chunks/08i5_next_dist_0bovzun._.js:776
[  316019ms] [LOG] [Fast Refresh] done in 71ms @ http://localhost:3000/_next/static/chunks/08i5_next_dist_0bovzun._.js:776
[  316082ms] [LOG] [Fast Refresh] done in 71ms @ http://localhost:3000/_next/static/chunks/08i5_next_dist_0bovzun._.js:776
[  316145ms] [LOG] [Fast Refresh] done in 71ms @ http://localhost:3000/_next/static/chunks/08i5_next_dist_0bovzun._.js:776
[  316215ms] [LOG] [Fast Refresh] done in 71ms @ http://localhost:3000/_next/static/chunks/08i5_next_dist_0bovzun._.js:776
[  316278ms] [LOG] [Fast Refresh] done in 71ms @ http://localhost:3000/_next/static/chunks/08i5_next_dist_0bovzun._.js:776
[  316341ms] [LOG] [Fast Refresh] done in 71ms @ http://localhost:3000/_next/static/chunks/08i5_next_dist_0bovzun._.js:776
[  316404ms] [LOG] [Fast Refresh] done in 71ms @ http://localhost:3000/_next/static/chunks/08i5_next_dist_0bovzun._.js:776
[  316467ms] [LOG] [Fast Refresh] done in 71ms @ http://localhost:3000/_next/static/chunks/08i5_next_dist_0bovzun._.js:776
[  316528ms] [LOG] [Fast Refresh] done in 71ms @ http://localhost:3000/_next/static/chunks/08i5_next_dist_0bovzun._.js:776
[  316591ms] [LOG] [Fast Refresh] done in 71ms @ http://localhost:3000/_next/static/chunks/08i5_next_dist_0bovzun._.js:776
[  316658ms] [LOG] [Fast Refresh] done in 71ms @ http://localhost:3000/_next/static/chunks/08i5_next_dist_0bovzun._.js:776
[  316714ms] [LOG] [Fast Refresh] done in 71ms @ http://localhost:3000/_next/static/chunks/08i5_next_dist_0bovzun._.js:776
[  316763ms] [LOG] [Fast Refresh] done in 71ms @ http://localhost:3000/_next/static/chunks/08i5_next_dist_0bovzun._.js:776
[  316824ms] [LOG] [Fast Refresh] done in 71ms @ http://localhost:3000/_next/static/chunks/08i5_next_dist_0bovzun._.js:776
[  316888ms] [LOG] [Fast Refresh] done in 71ms @ http://localhost:3000/_next/static/chunks/08i5_next_dist_0bovzun._.js:776
[  316947ms] [LOG] [Fast Refresh] done in 71ms @ http://localhost:3000/_next/static/chunks/08i5_next_dist_0bovzun._.js:776
[  317019ms] [LOG] [Fast Refresh] done in 71ms @ http://localhost:3000/_next/static/chunks/08i5_next_dist_0bovzun._.js:776
[  317079ms] [LOG] [Fast Refresh] done in 71ms @ http://localhost:3000/_next/static/chunks/08i5_next_dist_0bovzun._.js:776
[  317136ms] [LOG] [Fast Refresh] done in 71ms @ http://localhost:3000/_next/static/chunks/08i5_next_dist_0bovzun._.js:776
[  317185ms] [LOG] [Fast Refresh] done in 71ms @ http://localhost:3000/_next/static/chunks/08i5_next_dist_0bovzun._.js:776
[  317236ms] [LOG] [Fast Refresh] done in 71ms @ http://localhost:3000/_next/static/chunks/08i5_next_dist_0bovzun._.js:776
[  317300ms] [LOG] [Fast Refresh] done in 71ms @ http://localhost:3000/_next/static/chunks/08i5_next_dist_0bovzun._.js:776
[  317356ms] [LOG] [Fast Refresh] done in 71ms @ http://localhost:3000/_next/static/chunks/08i5_next_dist_0bovzun._.js:776
[  317414ms] [LOG] [Fast Refresh] done in 71ms @ http://localhost:3000/_next/static/chunks/08i5_next_dist_0bovzun._.js:776
[  317466ms] [LOG] [Fast Refresh] done in 71ms @ http://localhost:3000/_next/static/chunks/08i5_next_dist_0bovzun._.js:776
[  317518ms] [LOG] [Fast Refresh] done in 71ms @ http://localhost:3000/_next/static/chunks/08i5_next_dist_0bovzun._.js:776
[  317560ms] [LOG] [Fast Refresh] done in 71ms @ http://localhost:3000/_next/static/chunks/08i5_next_dist_0bovzun._.js:776
[  317601ms] [LOG] [Fast Refresh] done in 71ms @ http://localhost:3000/_next/static/chunks/08i5_next_dist_0bovzun._.js:776
[  317644ms] [LOG] [Fast Refresh] done in 71ms @ http://localhost:3000/_next/static/chunks/08i5_next_dist_0bovzun._.js:776
[  317691ms] [LOG] [Fast Refresh] done in 71ms @ http://localhost:3000/_next/static/chunks/08i5_next_dist_0bovzun._.js:776
[  317732ms] [LOG] [Fast Refresh] done in 71ms @ http://localhost:3000/_next/static/chunks/08i5_next_dist_0bovzun._.js:776
[  317782ms] [LOG] [Fast Refresh] done in 71ms @ http://localhost:3000/_next/static/chunks/08i5_next_dist_0bovzun._.js:776
[  317836ms] [LOG] [Fast Refresh] done in 71ms @ http://localhost:3000/_next/static/chunks/08i5_next_dist_0bovzun._.js:776
[  317878ms] [LOG] [Fast Refresh] done in 71ms @ http://localhost:3000/_next/static/chunks/08i5_next_dist_0bovzun._.js:776
[  317933ms] [LOG] [Fast Refresh] done in 71ms @ http://localhost:3000/_next/static/chunks/08i5_next_dist_0bovzun._.js:776
[  317982ms] [LOG] [Fast Refresh] done in 71ms @ http://localhost:3000/_next/static/chunks/08i5_next_dist_0bovzun._.js:776
[  318023ms] [LOG] [Fast Refresh] done in 71ms @ http://localhost:3000/_next/static/chunks/08i5_next_dist_0bovzun._.js:776
[  318079ms] [LOG] [Fast Refresh] done in 71ms @ http://localhost:3000/_next/static/chunks/08i5_next_dist_0bovzun._.js:776
[  318121ms] [LOG] [Fast Refresh] done in 71ms @ http://localhost:3000/_next/static/chunks/08i5_next_dist_0bovzun._.js:776
[  318169ms] [LOG] [Fast Refresh] done in 71ms @ http://localhost:3000/_next/static/chunks/08i5_next_dist_0bovzun._.js:776
[  318218ms] [LOG] [Fast Refresh] done in 71ms @ http://localhost:3000/_next/static/chunks/08i5_next_dist_0bovzun._.js:776
[  318260ms] [LOG] [Fast Refresh] done in 71ms @ http://localhost:3000/_next/static/chunks/08i5_next_dist_0bovzun._.js:776
[  318301ms] [LOG] [Fast Refresh] done in 71ms @ http://localhost:3000/_next/static/chunks/08i5_next_dist_0bovzun._.js:776
[  318344ms] [LOG] [Fast Refresh] done in 71ms @ http://localhost:3000/_next/static/chunks/08i5_next_dist_0bovzun._.js:776
[  318386ms] [LOG] [Fast Refresh] done in 71ms @ http://localhost:3000/_next/static/chunks/08i5_next_dist_0bovzun._.js:776
[  318450ms] [LOG] [Fast Refresh] done in 71ms @ http://localhost:3000/_next/static/chunks/08i5_next_dist_0bovzun._.js:776
[  318513ms] [LOG] [Fast Refresh] done in 71ms @ http://localhost:3000/_next/static/chunks/08i5_next_dist_0bovzun._.js:776
[  318581ms] [LOG] [Fast Refresh] done in 71ms @ http://localhost:3000/_next/static/chunks/08i5_next_dist_0bovzun._.js:776
[  318635ms] [LOG] [Fast Refresh] done in 71ms @ http://localhost:3000/_next/static/chunks/08i5_next_dist_0bovzun._.js:776
[  318681ms] [LOG] [Fast Refresh] done in 71ms @ http://localhost:3000/_next/static/chunks/08i5_next_dist_0bovzun._.js:776
[  318745ms] [LOG] [Fast Refresh] done in 71ms @ http://localhost:3000/_next/static/chunks/08i5_next_dist_0bovzun._.js:776
[  318806ms] [LOG] [Fast Refresh] done in 71ms @ http://localhost:3000/_next/static/chunks/08i5_next_dist_0bovzun._.js:776
[  318855ms] [LOG] [Fast Refresh] done in 71ms @ http://localhost:3000/_next/static/chunks/08i5_next_dist_0bovzun._.js:776
[  318917ms] [LOG] [Fast Refresh] done in 71ms @ http://localhost:3000/_next/static/chunks/08i5_next_dist_0bovzun._.js:776
[  318980ms] [LOG] [Fast Refresh] done in 71ms @ http://localhost:3000/_next/static/chunks/08i5_next_dist_0bovzun._.js:776
[  319058ms] [LOG] [Fast Refresh] done in 71ms @ http://localhost:3000/_next/static/chunks/08i5_next_dist_0bovzun._.js:776
[  319121ms] [LOG] [Fast Refresh] done in 71ms @ http://localhost:3000/_next/static/chunks/08i5_next_dist_0bovzun._.js:776
[  319191ms] [LOG] [Fast Refresh] done in 71ms @ http://localhost:3000/_next/static/chunks/08i5_next_dist_0bovzun._.js:776
[  319262ms] [LOG] [Fast Refresh] done in 71ms @ http://localhost:3000/_next/static/chunks/08i5_next_dist_0bovzun._.js:776
[  319325ms] [LOG] [Fast Refresh] done in 71ms @ http://localhost:3000/_next/static/chunks/08i5_next_dist_0bovzun._.js:776
[  319380ms] [LOG] [Fast Refresh] done in 71ms @ http://localhost:3000/_next/static/chunks/08i5_next_dist_0bovzun._.js:776
[  319445ms] [LOG] [Fast Refresh] done in 71ms @ http://localhost:3000/_next/static/chunks/08i5_next_dist_0bovzun._.js:776
[  319510ms] [LOG] [Fast Refresh] done in 71ms @ http://localhost:3000/_next/static/chunks/08i5_next_dist_0bovzun._.js:776
[  319590ms] [LOG] [Fast Refresh] done in 71ms @ http://localhost:3000/_next/static/chunks/08i5_next_dist_0bovzun._.js:776
[  319638ms] [LOG] [Fast Refresh] done in 71ms @ http://localhost:3000/_next/static/chunks/08i5_next_dist_0bovzun._.js:776
[  319699ms] [LOG] [Fast Refresh] done in 71ms @ http://localhost:3000/_next/static/chunks/08i5_next_dist_0bovzun._.js:776
[  319763ms] [LOG] [Fast Refresh] done in 71ms @ http://localhost:3000/_next/static/chunks/08i5_next_dist_0bovzun._.js:776
[  319824ms] [LOG] [Fast Refresh] done in 71ms @ http://localhost:3000/_next/static/chunks/08i5_next_dist_0bovzun._.js:776
[  319877ms] [LOG] [Fast Refresh] done in 71ms @ http://localhost:3000/_next/static/chunks/08i5_next_dist_0bovzun._.js:776
[  319934ms] [LOG] [Fast Refresh] done in 71ms @ http://localhost:3000/_next/static/chunks/08i5_next_dist_0bovzun._.js:776
[  319986ms] [LOG] [Fast Refresh] done in 71ms @ http://localhost:3000/_next/static/chunks/08i5_next_dist_0bovzun._.js:776
[  320043ms] [LOG] [Fast Refresh] done in 71ms @ http://localhost:3000/_next/static/chunks/08i5_next_dist_0bovzun._.js:776
[  320096ms] [LOG] [Fast Refresh] done in 71ms @ http://localhost:3000/_next/static/chunks/08i5_next_dist_0bovzun._.js:776
[  320153ms] [LOG] [Fast Refresh] done in 71ms @ http://localhost:3000/_next/static/chunks/08i5_next_dist_0bovzun._.js:776
[  320215ms] [LOG] [Fast Refresh] done in 71ms @ http://localhost:3000/_next/static/chunks/08i5_next_dist_0bovzun._.js:776
[  320279ms] [LOG] [Fast Refresh] done in 71ms @ http://localhost:3000/_next/static/chunks/08i5_next_dist_0bovzun._.js:776
[  320332ms] [LOG] [Fast Refresh] done in 71ms @ http://localhost:3000/_next/static/chunks/08i5_next_dist_0bovzun._.js:776
[  320395ms] [LOG] [Fast Refresh] done in 71ms @ http://localhost:3000/_next/static/chunks/08i5_next_dist_0bovzun._.js:776
[  320449ms] [LOG] [Fast Refresh] done in 71ms @ http://localhost:3000/_next/static/chunks/08i5_next_dist_0bovzun._.js:776
[  320512ms] [LOG] [Fast Refresh] done in 71ms @ http://localhost:3000/_next/static/chunks/08i5_next_dist_0bovzun._.js:776
[  320581ms] [LOG] [Fast Refresh] done in 71ms @ http://localhost:3000/_next/static/chunks/08i5_next_dist_0bovzun._.js:776
[  320645ms] [LOG] [Fast Refresh] done in 71ms @ http://localhost:3000/_next/static/chunks/08i5_next_dist_0bovzun._.js:776
[  320700ms] [LOG] [Fast Refresh] done in 71ms @ http://localhost:3000/_next/static/chunks/08i5_next_dist_0bovzun._.js:776
[  320763ms] [LOG] [Fast Refresh] done in 71ms @ http://localhost:3000/_next/static/chunks/08i5_next_dist_0bovzun._.js:776
[  320812ms] [LOG] [Fast Refresh] done in 71ms @ http://localhost:3000/_next/static/chunks/08i5_next_dist_0bovzun._.js:776
[  320865ms] [LOG] [Fast Refresh] done in 71ms @ http://localhost:3000/_next/static/chunks/08i5_next_dist_0bovzun._.js:776
[  320935ms] [LOG] [Fast Refresh] done in 71ms @ http://localhost:3000/_next/static/chunks/08i5_next_dist_0bovzun._.js:776
[  320999ms] [LOG] [Fast Refresh] done in 71ms @ http://localhost:3000/_next/static/chunks/08i5_next_dist_0bovzun._.js:776
[  321054ms] [LOG] [Fast Refresh] done in 71ms @ http://localhost:3000/_next/static/chunks/08i5_next_dist_0bovzun._.js:776
[  321117ms] [LOG] [Fast Refresh] done in 71ms @ http://localhost:3000/_next/static/chunks/08i5_next_dist_0bovzun._.js:776
[  321181ms] [LOG] [Fast Refresh] done in 71ms @ http://localhost:3000/_next/static/chunks/08i5_next_dist_0bovzun._.js:776
[  321248ms] [LOG] [Fast Refresh] done in 71ms @ http://localhost:3000/_next/static/chunks/08i5_next_dist_0bovzun._.js:776
[  321309ms] [LOG] [Fast Refresh] done in 71ms @ http://localhost:3000/_next/static/chunks/08i5_next_dist_0bovzun._.js:776
[  321373ms] [LOG] [Fast Refresh] done in 71ms @ http://localhost:3000/_next/static/chunks/08i5_next_dist_0bovzun._.js:776
[  321424ms] [LOG] [Fast Refresh] done in 71ms @ http://localhost:3000/_next/static/chunks/08i5_next_dist_0bovzun._.js:776
[  321488ms] [LOG] [Fast Refresh] done in 71ms @ http://localhost:3000/_next/static/chunks/08i5_next_dist_0bovzun._.js:776
[  321543ms] [LOG] [Fast Refresh] done in 71ms @ http://localhost:3000/_next/static/chunks/08i5_next_dist_0bovzun._.js:776
[  321607ms] [LOG] [Fast Refresh] done in 71ms @ http://localhost:3000/_next/static/chunks/08i5_next_dist_0bovzun._.js:776
[  321658ms] [LOG] [Fast Refresh] done in 71ms @ http://localhost:3000/_next/static/chunks/08i5_next_dist_0bovzun._.js:776
[  321722ms] [LOG] [Fast Refresh] done in 71ms @ http://localhost:3000/_next/static/chunks/08i5_next_dist_0bovzun._.js:776
[  321783ms] [LOG] [Fast Refresh] done in 71ms @ http://localhost:3000/_next/static/chunks/08i5_next_dist_0bovzun._.js:776
[  321847ms] [LOG] [Fast Refresh] done in 71ms @ http://localhost:3000/_next/static/chunks/08i5_next_dist_0bovzun._.js:776
[  321910ms] [LOG] [Fast Refresh] done in 71ms @ http://localhost:3000/_next/static/chunks/08i5_next_dist_0bovzun._.js:776
[  321965ms] [LOG] [Fast Refresh] done in 71ms @ http://localhost:3000/_next/static/chunks/08i5_next_dist_0bovzun._.js:776
[  322022ms] [LOG] [Fast Refresh] done in 71ms @ http://localhost:3000/_next/static/chunks/08i5_next_dist_0bovzun._.js:776
[  322074ms] [LOG] [Fast Refresh] done in 71ms @ http://localhost:3000/_next/static/chunks/08i5_next_dist_0bovzun._.js:776
[  322137ms] [LOG] [Fast Refresh] done in 71ms @ http://localhost:3000/_next/static/chunks/08i5_next_dist_0bovzun._.js:776
[  322215ms] [LOG] [Fast Refresh] done in 71ms @ http://localhost:3000/_next/static/chunks/08i5_next_dist_0bovzun._.js:776
[  322277ms] [LOG] [Fast Refresh] done in 71ms @ http://localhost:3000/_next/static/chunks/08i5_next_dist_0bovzun._.js:776
[  322341ms] [LOG] [Fast Refresh] done in 71ms @ http://localhost:3000/_next/static/chunks/08i5_next_dist_0bovzun._.js:776
[  322392ms] [LOG] [Fast Refresh] done in 71ms @ http://localhost:3000/_next/static/chunks/08i5_next_dist_0bovzun._.js:776
[  322450ms] [LOG] [Fast Refresh] done in 71ms @ http://localhost:3000/_next/static/chunks/08i5_next_dist_0bovzun._.js:776
[  322492ms] [LOG] [Fast Refresh] done in 71ms @ http://localhost:3000/_next/static/chunks/08i5_next_dist_0bovzun._.js:776
[  322555ms] [LOG] [Fast Refresh] done in 71ms @ http://localhost:3000/_next/static/chunks/08i5_next_dist_0bovzun._.js:776
[  322617ms] [LOG] [Fast Refresh] done in 71ms @ http://localhost:3000/_next/static/chunks/08i5_next_dist_0bovzun._.js:776
[  322657ms] [LOG] [Fast Refresh] done in 71ms @ http://localhost:3000/_next/static/chunks/08i5_next_dist_0bovzun._.js:776
[  322699ms] [LOG] [Fast Refresh] done in 71ms @ http://localhost:3000/_next/static/chunks/08i5_next_dist_0bovzun._.js:776
[  322746ms] [LOG] [Fast Refresh] done in 71ms @ http://localhost:3000/_next/static/chunks/08i5_next_dist_0bovzun._.js:776
[  322799ms] [LOG] [Fast Refresh] done in 71ms @ http://localhost:3000/_next/static/chunks/08i5_next_dist_0bovzun._.js:776
[  322843ms] [LOG] [Fast Refresh] done in 71ms @ http://localhost:3000/_next/static/chunks/08i5_next_dist_0bovzun._.js:776
[  322885ms] [LOG] [Fast Refresh] done in 71ms @ http://localhost:3000/_next/static/chunks/08i5_next_dist_0bovzun._.js:776
[  322934ms] [LOG] [Fast Refresh] done in 71ms @ http://localhost:3000/_next/static/chunks/08i5_next_dist_0bovzun._.js:776
[  322982ms] [LOG] [Fast Refresh] done in 71ms @ http://localhost:3000/_next/static/chunks/08i5_next_dist_0bovzun._.js:776
[  323032ms] [LOG] [Fast Refresh] done in 71ms @ http://localhost:3000/_next/static/chunks/08i5_next_dist_0bovzun._.js:776
[  323086ms] [LOG] [Fast Refresh] done in 71ms @ http://localhost:3000/_next/static/chunks/08i5_next_dist_0bovzun._.js:776
[  323128ms] [LOG] [Fast Refresh] done in 71ms @ http://localhost:3000/_next/static/chunks/08i5_next_dist_0bovzun._.js:776
[  323169ms] [LOG] [Fast Refresh] done in 71ms @ http://localhost:3000/_next/static/chunks/08i5_next_dist_0bovzun._.js:776
[  323211ms] [LOG] [Fast Refresh] done in 71ms @ http://localhost:3000/_next/static/chunks/08i5_next_dist_0bovzun._.js:776
[  323253ms] [LOG] [Fast Refresh] done in 71ms @ http://localhost:3000/_next/static/chunks/08i5_next_dist_0bovzun._.js:776
[  323294ms] [LOG] [Fast Refresh] done in 71ms @ http://localhost:3000/_next/static/chunks/08i5_next_dist_0bovzun._.js:776
[  323343ms] [LOG] [Fast Refresh] done in 71ms @ http://localhost:3000/_next/static/chunks/08i5_next_dist_0bovzun._.js:776
[  323392ms] [LOG] [Fast Refresh] done in 71ms @ http://localhost:3000/_next/static/chunks/08i5_next_dist_0bovzun._.js:776
[  323445ms] [LOG] [Fast Refresh] done in 71ms @ http://localhost:3000/_next/static/chunks/08i5_next_dist_0bovzun._.js:776
[  323512ms] [LOG] [Fast Refresh] done in 71ms @ http://localhost:3000/_next/static/chunks/08i5_next_dist_0bovzun._.js:776
[  323582ms] [LOG] [Fast Refresh] done in 71ms @ http://localhost:3000/_next/static/chunks/08i5_next_dist_0bovzun._.js:776
[  323645ms] [LOG] [Fast Refresh] done in 71ms @ http://localhost:3000/_next/static/chunks/08i5_next_dist_0bovzun._.js:776
[  323700ms] [LOG] [Fast Refresh] done in 71ms @ http://localhost:3000/_next/static/chunks/08i5_next_dist_0bovzun._.js:776
[  323763ms] [LOG] [Fast Refresh] done in 71ms @ http://localhost:3000/_next/static/chunks/08i5_next_dist_0bovzun._.js:776
[  323830ms] [LOG] [Fast Refresh] done in 71ms @ http://localhost:3000/_next/static/chunks/08i5_next_dist_0bovzun._.js:776
[  323896ms] [LOG] [Fast Refresh] done in 71ms @ http://localhost:3000/_next/static/chunks/08i5_next_dist_0bovzun._.js:776
[  323944ms] [LOG] [Fast Refresh] done in 71ms @ http://localhost:3000/_next/static/chunks/08i5_next_dist_0bovzun._.js:776
[  324007ms] [LOG] [Fast Refresh] done in 71ms @ http://localhost:3000/_next/static/chunks/08i5_next_dist_0bovzun._.js:776
[  324069ms] [LOG] [Fast Refresh] done in 71ms @ http://localhost:3000/_next/static/chunks/08i5_next_dist_0bovzun._.js:776
[  324121ms] [LOG] [Fast Refresh] done in 71ms @ http://localhost:3000/_next/static/chunks/08i5_next_dist_0bovzun._.js:776
[  324171ms] [LOG] [Fast Refresh] done in 71ms @ http://localhost:3000/_next/static/chunks/08i5_next_dist_0bovzun._.js:776
[  324231ms] [LOG] [Fast Refresh] done in 71ms @ http://localhost:3000/_next/static/chunks/08i5_next_dist_0bovzun._.js:776
[  324297ms] [LOG] [Fast Refresh] done in 71ms @ http://localhost:3000/_next/static/chunks/08i5_next_dist_0bovzun._.js:776
[  324355ms] [LOG] [Fast Refresh] done in 71ms @ http://localhost:3000/_next/static/chunks/08i5_next_dist_0bovzun._.js:776
[  324419ms] [LOG] [Fast Refresh] done in 71ms @ http://localhost:3000/_next/static/chunks/08i5_next_dist_0bovzun._.js:776
[  324481ms] [LOG] [Fast Refresh] done in 71ms @ http://localhost:3000/_next/static/chunks/08i5_next_dist_0bovzun._.js:776
[  324533ms] [LOG] [Fast Refresh] done in 71ms @ http://localhost:3000/_next/static/chunks/08i5_next_dist_0bovzun._.js:776
[  324590ms] [LOG] [Fast Refresh] done in 71ms @ http://localhost:3000/_next/static/chunks/08i5_next_dist_0bovzun._.js:776
[  324651ms] [LOG] [Fast Refresh] done in 71ms @ http://localhost:3000/_next/static/chunks/08i5_next_dist_0bovzun._.js:776
[  324706ms] [LOG] [Fast Refresh] done in 71ms @ http://localhost:3000/_next/static/chunks/08i5_next_dist_0bovzun._.js:776
[  324761ms] [LOG] [Fast Refresh] done in 71ms @ http://localhost:3000/_next/static/chunks/08i5_next_dist_0bovzun._.js:776
[  324825ms] [LOG] [Fast Refresh] done in 71ms @ http://localhost:3000/_next/static/chunks/08i5_next_dist_0bovzun._.js:776
[  324894ms] [LOG] [Fast Refresh] done in 71ms @ http://localhost:3000/_next/static/chunks/08i5_next_dist_0bovzun._.js:776
[  324949ms] [LOG] [Fast Refresh] done in 71ms @ http://localhost:3000/_next/static/chunks/08i5_next_dist_0bovzun._.js:776
[  325003ms] [LOG] [Fast Refresh] done in 71ms @ http://localhost:3000/_next/static/chunks/08i5_next_dist_0bovzun._.js:776
[  325058ms] [LOG] [Fast Refresh] done in 71ms @ http://localhost:3000/_next/static/chunks/08i5_next_dist_0bovzun._.js:776
[  325115ms] [LOG] [Fast Refresh] done in 71ms @ http://localhost:3000/_next/static/chunks/08i5_next_dist_0bovzun._.js:776
[  325167ms] [LOG] [Fast Refresh] done in 71ms @ http://localhost:3000/_next/static/chunks/08i5_next_dist_0bovzun._.js:776
[  325225ms] [LOG] [Fast Refresh] done in 71ms @ http://localhost:3000/_next/static/chunks/08i5_next_dist_0bovzun._.js:776
[  325281ms] [LOG] [Fast Refresh] done in 71ms @ http://localhost:3000/_next/static/chunks/08i5_next_dist_0bovzun._.js:776
[  325340ms] [LOG] [Fast Refresh] done in 71ms @ http://localhost:3000/_next/static/chunks/08i5_next_dist_0bovzun._.js:776
[  325390ms] [LOG] [Fast Refresh] done in 71ms @ http://localhost:3000/_next/static/chunks/08i5_next_dist_0bovzun._.js:776
[  325442ms] [LOG] [Fast Refresh] done in 71ms @ http://localhost:3000/_next/static/chunks/08i5_next_dist_0bovzun._.js:776
[  325496ms] [LOG] [Fast Refresh] done in 71ms @ http://localhost:3000/_next/static/chunks/08i5_next_dist_0bovzun._.js:776
[  325559ms] [LOG] [Fast Refresh] done in 71ms @ http://localhost:3000/_next/static/chunks/08i5_next_dist_0bovzun._.js:776
[  325622ms] [LOG] [Fast Refresh] done in 71ms @ http://localhost:3000/_next/static/chunks/08i5_next_dist_0bovzun._.js:776
[  325683ms] [LOG] [Fast Refresh] done in 71ms @ http://localhost:3000/_next/static/chunks/08i5_next_dist_0bovzun._.js:776
[  325735ms] [LOG] [Fast Refresh] done in 71ms @ http://localhost:3000/_next/static/chunks/08i5_next_dist_0bovzun._.js:776
[  325799ms] [LOG] [Fast Refresh] done in 71ms @ http://localhost:3000/_next/static/chunks/08i5_next_dist_0bovzun._.js:776
[  325853ms] [LOG] [Fast Refresh] done in 71ms @ http://localhost:3000/_next/static/chunks/08i5_next_dist_0bovzun._.js:776
[  325917ms] [LOG] [Fast Refresh] done in 71ms @ http://localhost:3000/_next/static/chunks/08i5_next_dist_0bovzun._.js:776
[  325996ms] [LOG] [Fast Refresh] done in 71ms @ http://localhost:3000/_next/static/chunks/08i5_next_dist_0bovzun._.js:776
[  326060ms] [LOG] [Fast Refresh] done in 71ms @ http://localhost:3000/_next/static/chunks/08i5_next_dist_0bovzun._.js:776
[  326111ms] [LOG] [Fast Refresh] done in 71ms @ http://localhost:3000/_next/static/chunks/08i5_next_dist_0bovzun._.js:776
[  326175ms] [LOG] [Fast Refresh] done in 71ms @ http://localhost:3000/_next/static/chunks/08i5_next_dist_0bovzun._.js:776
[  326230ms] [LOG] [Fast Refresh] done in 71ms @ http://localhost:3000/_next/static/chunks/08i5_next_dist_0bovzun._.js:776
[  326293ms] [LOG] [Fast Refresh] done in 71ms @ http://localhost:3000/_next/static/chunks/08i5_next_dist_0bovzun._.js:776
[  326346ms] [LOG] [Fast Refresh] done in 71ms @ http://localhost:3000/_next/static/chunks/08i5_next_dist_0bovzun._.js:776
[  326410ms] [LOG] [Fast Refresh] done in 71ms @ http://localhost:3000/_next/static/chunks/08i5_next_dist_0bovzun._.js:776
[  326464ms] [LOG] [Fast Refresh] done in 71ms @ http://localhost:3000/_next/static/chunks/08i5_next_dist_0bovzun._.js:776
[  326522ms] [LOG] [Fast Refresh] done in 71ms @ http://localhost:3000/_next/static/chunks/08i5_next_dist_0bovzun._.js:776
[  326582ms] [LOG] [Fast Refresh] done in 71ms @ http://localhost:3000/_next/static/chunks/08i5_next_dist_0bovzun._.js:776
[  326645ms] [LOG] [Fast Refresh] done in 71ms @ http://localhost:3000/_next/static/chunks/08i5_next_dist_0bovzun._.js:776
[  326699ms] [LOG] [Fast Refresh] done in 71ms @ http://localhost:3000/_next/static/chunks/08i5_next_dist_0bovzun._.js:776
[  326762ms] [LOG] [Fast Refresh] done in 71ms @ http://localhost:3000/_next/static/chunks/08i5_next_dist_0bovzun._.js:776
[  326829ms] [LOG] [Fast Refresh] done in 71ms @ http://localhost:3000/_next/static/chunks/08i5_next_dist_0bovzun._.js:776
[  326887ms] [LOG] [Fast Refresh] done in 71ms @ http://localhost:3000/_next/static/chunks/08i5_next_dist_0bovzun._.js:776
[  326949ms] [LOG] [Fast Refresh] done in 71ms @ http://localhost:3000/_next/static/chunks/08i5_next_dist_0bovzun._.js:776
[  327012ms] [LOG] [Fast Refresh] done in 71ms @ http://localhost:3000/_next/static/chunks/08i5_next_dist_0bovzun._.js:776
[  327061ms] [LOG] [Fast Refresh] done in 71ms @ http://localhost:3000/_next/static/chunks/08i5_next_dist_0bovzun._.js:776
[  327113ms] [LOG] [Fast Refresh] done in 71ms @ http://localhost:3000/_next/static/chunks/08i5_next_dist_0bovzun._.js:776
[  327179ms] [LOG] [Fast Refresh] done in 71ms @ http://localhost:3000/_next/static/chunks/08i5_next_dist_0bovzun._.js:776
[  327242ms] [LOG] [Fast Refresh] done in 71ms @ http://localhost:3000/_next/static/chunks/08i5_next_dist_0bovzun._.js:776
[  327297ms] [LOG] [Fast Refresh] done in 71ms @ http://localhost:3000/_next/static/chunks/08i5_next_dist_0bovzun._.js:776
[  327360ms] [LOG] [Fast Refresh] done in 71ms @ http://localhost:3000/_next/static/chunks/08i5_next_dist_0bovzun._.js:776
[  327423ms] [LOG] [Fast Refresh] done in 71ms @ http://localhost:3000/_next/static/chunks/08i5_next_dist_0bovzun._.js:776
[  327475ms] [LOG] [Fast Refresh] done in 71ms @ http://localhost:3000/_next/static/chunks/08i5_next_dist_0bovzun._.js:776
[  327520ms] [LOG] [Fast Refresh] done in 71ms @ http://localhost:3000/_next/static/chunks/08i5_next_dist_0bovzun._.js:776
[  327558ms] [LOG] [Fast Refresh] done in 71ms @ http://localhost:3000/_next/static/chunks/08i5_next_dist_0bovzun._.js:776
[  327614ms] [LOG] [Fast Refresh] done in 71ms @ http://localhost:3000/_next/static/chunks/08i5_next_dist_0bovzun._.js:776
[  327678ms] [LOG] [Fast Refresh] done in 71ms @ http://localhost:3000/_next/static/chunks/08i5_next_dist_0bovzun._.js:776
[  327725ms] [LOG] [Fast Refresh] done in 71ms @ http://localhost:3000/_next/static/chunks/08i5_next_dist_0bovzun._.js:776
[  327767ms] [LOG] [Fast Refresh] done in 71ms @ http://localhost:3000/_next/static/chunks/08i5_next_dist_0bovzun._.js:776
[  327808ms] [LOG] [Fast Refresh] done in 71ms @ http://localhost:3000/_next/static/chunks/08i5_next_dist_0bovzun._.js:776
[  327850ms] [LOG] [Fast Refresh] done in 71ms @ http://localhost:3000/_next/static/chunks/08i5_next_dist_0bovzun._.js:776
[  327892ms] [LOG] [Fast Refresh] done in 71ms @ http://localhost:3000/_next/static/chunks/08i5_next_dist_0bovzun._.js:776
[  327947ms] [LOG] [Fast Refresh] done in 71ms @ http://localhost:3000/_next/static/chunks/08i5_next_dist_0bovzun._.js:776
[  327997ms] [LOG] [Fast Refresh] done in 71ms @ http://localhost:3000/_next/static/chunks/08i5_next_dist_0bovzun._.js:776
[  328049ms] [LOG] [Fast Refresh] done in 71ms @ http://localhost:3000/_next/static/chunks/08i5_next_dist_0bovzun._.js:776
[  328100ms] [LOG] [Fast Refresh] done in 71ms @ http://localhost:3000/_next/static/chunks/08i5_next_dist_0bovzun._.js:776
[  328156ms] [LOG] [Fast Refresh] done in 71ms @ http://localhost:3000/_next/static/chunks/08i5_next_dist_0bovzun._.js:776
[  328197ms] [LOG] [Fast Refresh] done in 71ms @ http://localhost:3000/_next/static/chunks/08i5_next_dist_0bovzun._.js:776
[  328240ms] [LOG] [Fast Refresh] done in 71ms @ http://localhost:3000/_next/static/chunks/08i5_next_dist_0bovzun._.js:776
[  328281ms] [LOG] [Fast Refresh] done in 71ms @ http://localhost:3000/_next/static/chunks/08i5_next_dist_0bovzun._.js:776
[  328323ms] [LOG] [Fast Refresh] done in 71ms @ http://localhost:3000/_next/static/chunks/08i5_next_dist_0bovzun._.js:776
[  328364ms] [LOG] [Fast Refresh] done in 71ms @ http://localhost:3000/_next/static/chunks/08i5_next_dist_0bovzun._.js:776
[  328406ms] [LOG] [Fast Refresh] done in 71ms @ http://localhost:3000/_next/static/chunks/08i5_next_dist_0bovzun._.js:776
[  328460ms] [LOG] [Fast Refresh] done in 71ms @ http://localhost:3000/_next/static/chunks/08i5_next_dist_0bovzun._.js:776
[  328513ms] [LOG] [Fast Refresh] done in 71ms @ http://localhost:3000/_next/static/chunks/08i5_next_dist_0bovzun._.js:776
[  328577ms] [LOG] [Fast Refresh] done in 71ms @ http://localhost:3000/_next/static/chunks/08i5_next_dist_0bovzun._.js:776
[  328633ms] [LOG] [Fast Refresh] done in 71ms @ http://localhost:3000/_next/static/chunks/08i5_next_dist_0bovzun._.js:776
[  328684ms] [LOG] [Fast Refresh] done in 71ms @ http://localhost:3000/_next/static/chunks/08i5_next_dist_0bovzun._.js:776
[  328735ms] [LOG] [Fast Refresh] done in 71ms @ http://localhost:3000/_next/static/chunks/08i5_next_dist_0bovzun._.js:776
[  328798ms] [LOG] [Fast Refresh] done in 71ms @ http://localhost:3000/_next/static/chunks/08i5_next_dist_0bovzun._.js:776
[  328853ms] [LOG] [Fast Refresh] done in 71ms @ http://localhost:3000/_next/static/chunks/08i5_next_dist_0bovzun._.js:776
[  328908ms] [LOG] [Fast Refresh] done in 71ms @ http://localhost:3000/_next/static/chunks/08i5_next_dist_0bovzun._.js:776
[  328985ms] [LOG] [Fast Refresh] done in 71ms @ http://localhost:3000/_next/static/chunks/08i5_next_dist_0bovzun._.js:776
[  329047ms] [LOG] [Fast Refresh] done in 71ms @ http://localhost:3000/_next/static/chunks/08i5_next_dist_0bovzun._.js:776
[  329105ms] [LOG] [Fast Refresh] done in 71ms @ http://localhost:3000/_next/static/chunks/08i5_next_dist_0bovzun._.js:776
[  329168ms] [LOG] [Fast Refresh] done in 71ms @ http://localhost:3000/_next/static/chunks/08i5_next_dist_0bovzun._.js:776
[  329228ms] [LOG] [Fast Refresh] done in 71ms @ http://localhost:3000/_next/static/chunks/08i5_next_dist_0bovzun._.js:776
[  329291ms] [LOG] [Fast Refresh] done in 71ms @ http://localhost:3000/_next/static/chunks/08i5_next_dist_0bovzun._.js:776
[  329345ms] [LOG] [Fast Refresh] done in 71ms @ http://localhost:3000/_next/static/chunks/08i5_next_dist_0bovzun._.js:776
[  329418ms] [LOG] [Fast Refresh] done in 71ms @ http://localhost:3000/_next/static/chunks/08i5_next_dist_0bovzun._.js:776
[  329457ms] [LOG] [Fast Refresh] done in 71ms @ http://localhost:3000/_next/static/chunks/08i5_next_dist_0bovzun._.js:776
[  329520ms] [LOG] [Fast Refresh] done in 71ms @ http://localhost:3000/_next/static/chunks/08i5_next_dist_0bovzun._.js:776
[  329575ms] [LOG] [Fast Refresh] done in 71ms @ http://localhost:3000/_next/static/chunks/08i5_next_dist_0bovzun._.js:776
[  329637ms] [LOG] [Fast Refresh] done in 71ms @ http://localhost:3000/_next/static/chunks/08i5_next_dist_0bovzun._.js:776
[  329700ms] [LOG] [Fast Refresh] done in 71ms @ http://localhost:3000/_next/static/chunks/08i5_next_dist_0bovzun._.js:776
[  329778ms] [LOG] [Fast Refresh] done in 71ms @ http://localhost:3000/_next/static/chunks/08i5_next_dist_0bovzun._.js:776
[  329840ms] [LOG] [Fast Refresh] done in 71ms @ http://localhost:3000/_next/static/chunks/08i5_next_dist_0bovzun._.js:776
[  329903ms] [LOG] [Fast Refresh] done in 71ms @ http://localhost:3000/_next/static/chunks/08i5_next_dist_0bovzun._.js:776
[  329949ms] [LOG] [Fast Refresh] done in 71ms @ http://localhost:3000/_next/static/chunks/08i5_next_dist_0bovzun._.js:776
[  330013ms] [LOG] [Fast Refresh] done in 71ms @ http://localhost:3000/_next/static/chunks/08i5_next_dist_0bovzun._.js:776
[  330075ms] [LOG] [Fast Refresh] done in 71ms @ http://localhost:3000/_next/static/chunks/08i5_next_dist_0bovzun._.js:776
[  330139ms] [LOG] [Fast Refresh] done in 71ms @ http://localhost:3000/_next/static/chunks/08i5_next_dist_0bovzun._.js:776
[  330199ms] [LOG] [Fast Refresh] done in 71ms @ http://localhost:3000/_next/static/chunks/08i5_next_dist_0bovzun._.js:776
[  330262ms] [LOG] [Fast Refresh] done in 71ms @ http://localhost:3000/_next/static/chunks/08i5_next_dist_0bovzun._.js:776
[  330313ms] [LOG] [Fast Refresh] done in 71ms @ http://localhost:3000/_next/static/chunks/08i5_next_dist_0bovzun._.js:776
[  330386ms] [LOG] [Fast Refresh] done in 71ms @ http://localhost:3000/_next/static/chunks/08i5_next_dist_0bovzun._.js:776
[  330437ms] [LOG] [Fast Refresh] done in 71ms @ http://localhost:3000/_next/static/chunks/08i5_next_dist_0bovzun._.js:776
[  330496ms] [LOG] [Fast Refresh] done in 71ms @ http://localhost:3000/_next/static/chunks/08i5_next_dist_0bovzun._.js:776
[  330560ms] [LOG] [Fast Refresh] done in 71ms @ http://localhost:3000/_next/static/chunks/08i5_next_dist_0bovzun._.js:776
[  330621ms] [LOG] [Fast Refresh] done in 71ms @ http://localhost:3000/_next/static/chunks/08i5_next_dist_0bovzun._.js:776
[  330675ms] [LOG] [Fast Refresh] done in 71ms @ http://localhost:3000/_next/static/chunks/08i5_next_dist_0bovzun._.js:776
[  330739ms] [LOG] [Fast Refresh] done in 71ms @ http://localhost:3000/_next/static/chunks/08i5_next_dist_0bovzun._.js:776
[  330800ms] [LOG] [Fast Refresh] done in 71ms @ http://localhost:3000/_next/static/chunks/08i5_next_dist_0bovzun._.js:776
[  330855ms] [LOG] [Fast Refresh] done in 71ms @ http://localhost:3000/_next/static/chunks/08i5_next_dist_0bovzun._.js:776
[  330895ms] [LOG] [Fast Refresh] done in 71ms @ http://localhost:3000/_next/static/chunks/08i5_next_dist_0bovzun._.js:776
[  330958ms] [LOG] [Fast Refresh] done in 71ms @ http://localhost:3000/_next/static/chunks/08i5_next_dist_0bovzun._.js:776
[  331020ms] [LOG] [Fast Refresh] done in 71ms @ http://localhost:3000/_next/static/chunks/08i5_next_dist_0bovzun._.js:776
[  331084ms] [LOG] [Fast Refresh] done in 71ms @ http://localhost:3000/_next/static/chunks/08i5_next_dist_0bovzun._.js:776
[  331144ms] [LOG] [Fast Refresh] done in 71ms @ http://localhost:3000/_next/static/chunks/08i5_next_dist_0bovzun._.js:776
[  331207ms] [LOG] [Fast Refresh] done in 71ms @ http://localhost:3000/_next/static/chunks/08i5_next_dist_0bovzun._.js:776
[  331278ms] [LOG] [Fast Refresh] done in 71ms @ http://localhost:3000/_next/static/chunks/08i5_next_dist_0bovzun._.js:776
[  331340ms] [LOG] [Fast Refresh] done in 71ms @ http://localhost:3000/_next/static/chunks/08i5_next_dist_0bovzun._.js:776
[  331389ms] [LOG] [Fast Refresh] done in 71ms @ http://localhost:3000/_next/static/chunks/08i5_next_dist_0bovzun._.js:776
[  331442ms] [LOG] [Fast Refresh] done in 71ms @ http://localhost:3000/_next/static/chunks/08i5_next_dist_0bovzun._.js:776
[  331498ms] [LOG] [Fast Refresh] done in 71ms @ http://localhost:3000/_next/static/chunks/08i5_next_dist_0bovzun._.js:776
[  331559ms] [LOG] [Fast Refresh] done in 71ms @ http://localhost:3000/_next/static/chunks/08i5_next_dist_0bovzun._.js:776
[  331610ms] [LOG] [Fast Refresh] done in 71ms @ http://localhost:3000/_next/static/chunks/08i5_next_dist_0bovzun._.js:776
[  331673ms] [LOG] [Fast Refresh] done in 71ms @ http://localhost:3000/_next/static/chunks/08i5_next_dist_0bovzun._.js:776
[  331725ms] [LOG] [Fast Refresh] done in 71ms @ http://localhost:3000/_next/static/chunks/08i5_next_dist_0bovzun._.js:776
[  331795ms] [LOG] [Fast Refresh] done in 71ms @ http://localhost:3000/_next/static/chunks/08i5_next_dist_0bovzun._.js:776
[  331855ms] [LOG] [Fast Refresh] done in 71ms @ http://localhost:3000/_next/static/chunks/08i5_next_dist_0bovzun._.js:776
[  331919ms] [LOG] [Fast Refresh] done in 71ms @ http://localhost:3000/_next/static/chunks/08i5_next_dist_0bovzun._.js:776
[  331996ms] [LOG] [Fast Refresh] done in 71ms @ http://localhost:3000/_next/static/chunks/08i5_next_dist_0bovzun._.js:776
[  332059ms] [LOG] [Fast Refresh] done in 71ms @ http://localhost:3000/_next/static/chunks/08i5_next_dist_0bovzun._.js:776
[  332111ms] [LOG] [Fast Refresh] done in 71ms @ http://localhost:3000/_next/static/chunks/08i5_next_dist_0bovzun._.js:776
[  332175ms] [LOG] [Fast Refresh] done in 71ms @ http://localhost:3000/_next/static/chunks/08i5_next_dist_0bovzun._.js:776
[  332232ms] [LOG] [Fast Refresh] done in 71ms @ http://localhost:3000/_next/static/chunks/08i5_next_dist_0bovzun._.js:776
[  332295ms] [LOG] [Fast Refresh] done in 71ms @ http://localhost:3000/_next/static/chunks/08i5_next_dist_0bovzun._.js:776
[  332348ms] [LOG] [Fast Refresh] done in 71ms @ http://localhost:3000/_next/static/chunks/08i5_next_dist_0bovzun._.js:776
[  332399ms] [LOG] [Fast Refresh] done in 71ms @ http://localhost:3000/_next/static/chunks/08i5_next_dist_0bovzun._.js:776
[  332452ms] [LOG] [Fast Refresh] done in 71ms @ http://localhost:3000/_next/static/chunks/08i5_next_dist_0bovzun._.js:776
[  332508ms] [LOG] [Fast Refresh] done in 71ms @ http://localhost:3000/_next/static/chunks/08i5_next_dist_0bovzun._.js:776
[  332559ms] [LOG] [Fast Refresh] done in 71ms @ http://localhost:3000/_next/static/chunks/08i5_next_dist_0bovzun._.js:776
[  332600ms] [LOG] [Fast Refresh] done in 71ms @ http://localhost:3000/_next/static/chunks/08i5_next_dist_0bovzun._.js:776
[  332642ms] [LOG] [Fast Refresh] done in 71ms @ http://localhost:3000/_next/static/chunks/08i5_next_dist_0bovzun._.js:776
[  332683ms] [LOG] [Fast Refresh] done in 71ms @ http://localhost:3000/_next/static/chunks/08i5_next_dist_0bovzun._.js:776
[  332745ms] [LOG] [Fast Refresh] done in 71ms @ http://localhost:3000/_next/static/chunks/08i5_next_dist_0bovzun._.js:776
[  332797ms] [LOG] [Fast Refresh] done in 71ms @ http://localhost:3000/_next/static/chunks/08i5_next_dist_0bovzun._.js:776
[  332838ms] [LOG] [Fast Refresh] done in 71ms @ http://localhost:3000/_next/static/chunks/08i5_next_dist_0bovzun._.js:776
[  332881ms] [LOG] [Fast Refresh] done in 71ms @ http://localhost:3000/_next/static/chunks/08i5_next_dist_0bovzun._.js:776
[  332934ms] [LOG] [Fast Refresh] done in 71ms @ http://localhost:3000/_next/static/chunks/08i5_next_dist_0bovzun._.js:776
[  332975ms] [LOG] [Fast Refresh] done in 71ms @ http://localhost:3000/_next/static/chunks/08i5_next_dist_0bovzun._.js:776
[  333017ms] [LOG] [Fast Refresh] done in 71ms @ http://localhost:3000/_next/static/chunks/08i5_next_dist_0bovzun._.js:776
[  333058ms] [LOG] [Fast Refresh] done in 71ms @ http://localhost:3000/_next/static/chunks/08i5_next_dist_0bovzun._.js:776
[  333114ms] [LOG] [Fast Refresh] done in 71ms @ http://localhost:3000/_next/static/chunks/08i5_next_dist_0bovzun._.js:776
[  333158ms] [LOG] [Fast Refresh] done in 71ms @ http://localhost:3000/_next/static/chunks/08i5_next_dist_0bovzun._.js:776
[  333201ms] [LOG] [Fast Refresh] done in 71ms @ http://localhost:3000/_next/static/chunks/08i5_next_dist_0bovzun._.js:776
[  333260ms] [LOG] [Fast Refresh] done in 71ms @ http://localhost:3000/_next/static/chunks/08i5_next_dist_0bovzun._.js:776
[  333315ms] [LOG] [Fast Refresh] done in 71ms @ http://localhost:3000/_next/static/chunks/08i5_next_dist_0bovzun._.js:776
[  333364ms] [LOG] [Fast Refresh] done in 71ms @ http://localhost:3000/_next/static/chunks/08i5_next_dist_0bovzun._.js:776
[  333406ms] [LOG] [Fast Refresh] done in 71ms @ http://localhost:3000/_next/static/chunks/08i5_next_dist_0bovzun._.js:776
[  333460ms] [LOG] [Fast Refresh] done in 71ms @ http://localhost:3000/_next/static/chunks/08i5_next_dist_0bovzun._.js:776
[  333510ms] [LOG] [Fast Refresh] done in 71ms @ http://localhost:3000/_next/static/chunks/08i5_next_dist_0bovzun._.js:776
[  333563ms] [LOG] [Fast Refresh] done in 71ms @ http://localhost:3000/_next/static/chunks/08i5_next_dist_0bovzun._.js:776
[  333636ms] [LOG] [Fast Refresh] done in 71ms @ http://localhost:3000/_next/static/chunks/08i5_next_dist_0bovzun._.js:776
[  333676ms] [LOG] [Fast Refresh] done in 71ms @ http://localhost:3000/_next/static/chunks/08i5_next_dist_0bovzun._.js:776
[  333746ms] [LOG] [Fast Refresh] done in 71ms @ http://localhost:3000/_next/static/chunks/08i5_next_dist_0bovzun._.js:776
[  333799ms] [LOG] [Fast Refresh] done in 71ms @ http://localhost:3000/_next/static/chunks/08i5_next_dist_0bovzun._.js:776
[  333855ms] [LOG] [Fast Refresh] done in 71ms @ http://localhost:3000/_next/static/chunks/08i5_next_dist_0bovzun._.js:776
[  333910ms] [LOG] [Fast Refresh] done in 71ms @ http://localhost:3000/_next/static/chunks/08i5_next_dist_0bovzun._.js:776
[  333974ms] [LOG] [Fast Refresh] done in 71ms @ http://localhost:3000/_next/static/chunks/08i5_next_dist_0bovzun._.js:776
[  334043ms] [LOG] [Fast Refresh] done in 71ms @ http://localhost:3000/_next/static/chunks/08i5_next_dist_0bovzun._.js:776
[  334106ms] [LOG] [Fast Refresh] done in 71ms @ http://localhost:3000/_next/static/chunks/08i5_next_dist_0bovzun._.js:776
[  334170ms] [LOG] [Fast Refresh] done in 71ms @ http://localhost:3000/_next/static/chunks/08i5_next_dist_0bovzun._.js:776
[  334232ms] [LOG] [Fast Refresh] done in 71ms @ http://localhost:3000/_next/static/chunks/08i5_next_dist_0bovzun._.js:776
[  334293ms] [LOG] [Fast Refresh] done in 71ms @ http://localhost:3000/_next/static/chunks/08i5_next_dist_0bovzun._.js:776
[  334343ms] [LOG] [Fast Refresh] done in 71ms @ http://localhost:3000/_next/static/chunks/08i5_next_dist_0bovzun._.js:776
[  334393ms] [LOG] [Fast Refresh] done in 71ms @ http://localhost:3000/_next/static/chunks/08i5_next_dist_0bovzun._.js:776
[  334456ms] [LOG] [Fast Refresh] done in 71ms @ http://localhost:3000/_next/static/chunks/08i5_next_dist_0bovzun._.js:776
[  334513ms] [LOG] [Fast Refresh] done in 71ms @ http://localhost:3000/_next/static/chunks/08i5_next_dist_0bovzun._.js:776
[  334577ms] [LOG] [Fast Refresh] done in 71ms @ http://localhost:3000/_next/static/chunks/08i5_next_dist_0bovzun._.js:776
[  334640ms] [LOG] [Fast Refresh] done in 71ms @ http://localhost:3000/_next/static/chunks/08i5_next_dist_0bovzun._.js:776
[  334704ms] [LOG] [Fast Refresh] done in 71ms @ http://localhost:3000/_next/static/chunks/08i5_next_dist_0bovzun._.js:776
[  334763ms] [LOG] [Fast Refresh] done in 71ms @ http://localhost:3000/_next/static/chunks/08i5_next_dist_0bovzun._.js:776
[  334825ms] [LOG] [Fast Refresh] done in 71ms @ http://localhost:3000/_next/static/chunks/08i5_next_dist_0bovzun._.js:776
[  334890ms] [LOG] [Fast Refresh] done in 71ms @ http://localhost:3000/_next/static/chunks/08i5_next_dist_0bovzun._.js:776
[  334948ms] [LOG] [Fast Refresh] done in 71ms @ http://localhost:3000/_next/static/chunks/08i5_next_dist_0bovzun._.js:776
[  335004ms] [LOG] [Fast Refresh] done in 71ms @ http://localhost:3000/_next/static/chunks/08i5_next_dist_0bovzun._.js:776
[  335067ms] [LOG] [Fast Refresh] done in 71ms @ http://localhost:3000/_next/static/chunks/08i5_next_dist_0bovzun._.js:776
[  335119ms] [LOG] [Fast Refresh] done in 71ms @ http://localhost:3000/_next/static/chunks/08i5_next_dist_0bovzun._.js:776
[  335183ms] [LOG] [Fast Refresh] done in 71ms @ http://localhost:3000/_next/static/chunks/08i5_next_dist_0bovzun._.js:776
[  335237ms] [LOG] [Fast Refresh] done in 71ms @ http://localhost:3000/_next/static/chunks/08i5_next_dist_0bovzun._.js:776
[  335309ms] [LOG] [Fast Refresh] done in 71ms @ http://localhost:3000/_next/static/chunks/08i5_next_dist_0bovzun._.js:776
[  335362ms] [LOG] [Fast Refresh] done in 71ms @ http://localhost:3000/_next/static/chunks/08i5_next_dist_0bovzun._.js:776
[  335425ms] [LOG] [Fast Refresh] done in 71ms @ http://localhost:3000/_next/static/chunks/08i5_next_dist_0bovzun._.js:776
[  335486ms] [LOG] [Fast Refresh] done in 71ms @ http://localhost:3000/_next/static/chunks/08i5_next_dist_0bovzun._.js:776
[  335550ms] [LOG] [Fast Refresh] done in 71ms @ http://localhost:3000/_next/static/chunks/08i5_next_dist_0bovzun._.js:776
[  335613ms] [LOG] [Fast Refresh] done in 71ms @ http://localhost:3000/_next/static/chunks/08i5_next_dist_0bovzun._.js:776
[  335677ms] [LOG] [Fast Refresh] done in 71ms @ http://localhost:3000/_next/static/chunks/08i5_next_dist_0bovzun._.js:776
[  335738ms] [LOG] [Fast Refresh] done in 71ms @ http://localhost:3000/_next/static/chunks/08i5_next_dist_0bovzun._.js:776
[  335804ms] [LOG] [Fast Refresh] done in 71ms @ http://localhost:3000/_next/static/chunks/08i5_next_dist_0bovzun._.js:776
[  335858ms] [LOG] [Fast Refresh] done in 71ms @ http://localhost:3000/_next/static/chunks/08i5_next_dist_0bovzun._.js:776
[  335937ms] [LOG] [Fast Refresh] done in 71ms @ http://localhost:3000/_next/static/chunks/08i5_next_dist_0bovzun._.js:776
[  336006ms] [LOG] [Fast Refresh] done in 71ms @ http://localhost:3000/_next/static/chunks/08i5_next_dist_0bovzun._.js:776
[  336061ms] [LOG] [Fast Refresh] done in 71ms @ http://localhost:3000/_next/static/chunks/08i5_next_dist_0bovzun._.js:776
[  336122ms] [LOG] [Fast Refresh] done in 71ms @ http://localhost:3000/_next/static/chunks/08i5_next_dist_0bovzun._.js:776
[  336172ms] [LOG] [Fast Refresh] done in 71ms @ http://localhost:3000/_next/static/chunks/08i5_next_dist_0bovzun._.js:776
[  336234ms] [LOG] [Fast Refresh] done in 71ms @ http://localhost:3000/_next/static/chunks/08i5_next_dist_0bovzun._.js:776
[  336308ms] [LOG] [Fast Refresh] done in 71ms @ http://localhost:3000/_next/static/chunks/08i5_next_dist_0bovzun._.js:776
[  336371ms] [LOG] [Fast Refresh] done in 71ms @ http://localhost:3000/_next/static/chunks/08i5_next_dist_0bovzun._.js:776
[  336422ms] [LOG] [Fast Refresh] done in 71ms @ http://localhost:3000/_next/static/chunks/08i5_next_dist_0bovzun._.js:776
[  336480ms] [LOG] [Fast Refresh] done in 71ms @ http://localhost:3000/_next/static/chunks/08i5_next_dist_0bovzun._.js:776
[  336534ms] [LOG] [Fast Refresh] done in 71ms @ http://localhost:3000/_next/static/chunks/08i5_next_dist_0bovzun._.js:776
[  336597ms] [LOG] [Fast Refresh] done in 71ms @ http://localhost:3000/_next/static/chunks/08i5_next_dist_0bovzun._.js:776
[  336659ms] [LOG] [Fast Refresh] done in 71ms @ http://localhost:3000/_next/static/chunks/08i5_next_dist_0bovzun._.js:776
[  336723ms] [LOG] [Fast Refresh] done in 71ms @ http://localhost:3000/_next/static/chunks/08i5_next_dist_0bovzun._.js:776
[  336785ms] [LOG] [Fast Refresh] done in 71ms @ http://localhost:3000/_next/static/chunks/08i5_next_dist_0bovzun._.js:776
[  336849ms] [LOG] [Fast Refresh] done in 71ms @ http://localhost:3000/_next/static/chunks/08i5_next_dist_0bovzun._.js:776
[  336901ms] [LOG] [Fast Refresh] done in 71ms @ http://localhost:3000/_next/static/chunks/08i5_next_dist_0bovzun._.js:776
[  336964ms] [LOG] [Fast Refresh] done in 71ms @ http://localhost:3000/_next/static/chunks/08i5_next_dist_0bovzun._.js:776
[  337028ms] [LOG] [Fast Refresh] done in 71ms @ http://localhost:3000/_next/static/chunks/08i5_next_dist_0bovzun._.js:776
[  337091ms] [LOG] [Fast Refresh] done in 71ms @ http://localhost:3000/_next/static/chunks/08i5_next_dist_0bovzun._.js:776
[  337145ms] [LOG] [Fast Refresh] done in 71ms @ http://localhost:3000/_next/static/chunks/08i5_next_dist_0bovzun._.js:776
[  337208ms] [LOG] [Fast Refresh] done in 71ms @ http://localhost:3000/_next/static/chunks/08i5_next_dist_0bovzun._.js:776
[  337262ms] [LOG] [Fast Refresh] done in 71ms @ http://localhost:3000/_next/static/chunks/08i5_next_dist_0bovzun._.js:776
[  337326ms] [LOG] [Fast Refresh] done in 71ms @ http://localhost:3000/_next/static/chunks/08i5_next_dist_0bovzun._.js:776
[  337378ms] [LOG] [Fast Refresh] done in 71ms @ http://localhost:3000/_next/static/chunks/08i5_next_dist_0bovzun._.js:776
[  337423ms] [LOG] [Fast Refresh] done in 71ms @ http://localhost:3000/_next/static/chunks/08i5_next_dist_0bovzun._.js:776
[  337482ms] [LOG] [Fast Refresh] done in 71ms @ http://localhost:3000/_next/static/chunks/08i5_next_dist_0bovzun._.js:776
[  337524ms] [LOG] [Fast Refresh] done in 71ms @ http://localhost:3000/_next/static/chunks/08i5_next_dist_0bovzun._.js:776
[  337574ms] [LOG] [Fast Refresh] done in 71ms @ http://localhost:3000/_next/static/chunks/08i5_next_dist_0bovzun._.js:776
[  337635ms] [LOG] [Fast Refresh] done in 71ms @ http://localhost:3000/_next/static/chunks/08i5_next_dist_0bovzun._.js:776
[  337684ms] [LOG] [Fast Refresh] done in 71ms @ http://localhost:3000/_next/static/chunks/08i5_next_dist_0bovzun._.js:776
[  337746ms] [LOG] [Fast Refresh] done in 71ms @ http://localhost:3000/_next/static/chunks/08i5_next_dist_0bovzun._.js:776
[  337797ms] [LOG] [Fast Refresh] done in 71ms @ http://localhost:3000/_next/static/chunks/08i5_next_dist_0bovzun._.js:776
[  337838ms] [LOG] [Fast Refresh] done in 71ms @ http://localhost:3000/_next/static/chunks/08i5_next_dist_0bovzun._.js:776
[  337880ms] [LOG] [Fast Refresh] done in 71ms @ http://localhost:3000/_next/static/chunks/08i5_next_dist_0bovzun._.js:776
[  337921ms] [LOG] [Fast Refresh] done in 71ms @ http://localhost:3000/_next/static/chunks/08i5_next_dist_0bovzun._.js:776
[  337961ms] [LOG] [Fast Refresh] done in 71ms @ http://localhost:3000/_next/static/chunks/08i5_next_dist_0bovzun._.js:776
[  338003ms] [LOG] [Fast Refresh] done in 71ms @ http://localhost:3000/_next/static/chunks/08i5_next_dist_0bovzun._.js:776
[  338045ms] [LOG] [Fast Refresh] done in 71ms @ http://localhost:3000/_next/static/chunks/08i5_next_dist_0bovzun._.js:776
[  338086ms] [LOG] [Fast Refresh] done in 71ms @ http://localhost:3000/_next/static/chunks/08i5_next_dist_0bovzun._.js:776
[  338138ms] [LOG] [Fast Refresh] done in 71ms @ http://localhost:3000/_next/static/chunks/08i5_next_dist_0bovzun._.js:776
[  338178ms] [LOG] [Fast Refresh] done in 71ms @ http://localhost:3000/_next/static/chunks/08i5_next_dist_0bovzun._.js:776
[  338218ms] [LOG] [Fast Refresh] done in 71ms @ http://localhost:3000/_next/static/chunks/08i5_next_dist_0bovzun._.js:776
[  338263ms] [LOG] [Fast Refresh] done in 71ms @ http://localhost:3000/_next/static/chunks/08i5_next_dist_0bovzun._.js:776
[  338301ms] [LOG] [Fast Refresh] done in 71ms @ http://localhost:3000/_next/static/chunks/08i5_next_dist_0bovzun._.js:776
[  338357ms] [LOG] [Fast Refresh] done in 71ms @ http://localhost:3000/_next/static/chunks/08i5_next_dist_0bovzun._.js:776
[  338399ms] [LOG] [Fast Refresh] done in 71ms @ http://localhost:3000/_next/static/chunks/08i5_next_dist_0bovzun._.js:776
[  338444ms] [LOG] [Fast Refresh] done in 71ms @ http://localhost:3000/_next/static/chunks/08i5_next_dist_0bovzun._.js:776
[  338508ms] [LOG] [Fast Refresh] done in 71ms @ http://localhost:3000/_next/static/chunks/08i5_next_dist_0bovzun._.js:776
[  338568ms] [LOG] [Fast Refresh] done in 71ms @ http://localhost:3000/_next/static/chunks/08i5_next_dist_0bovzun._.js:776
[  338626ms] [LOG] [Fast Refresh] done in 71ms @ http://localhost:3000/_next/static/chunks/08i5_next_dist_0bovzun._.js:776
[  338689ms] [LOG] [Fast Refresh] done in 71ms @ http://localhost:3000/_next/static/chunks/08i5_next_dist_0bovzun._.js:776
[  338735ms] [LOG] [Fast Refresh] done in 71ms @ http://localhost:3000/_next/static/chunks/08i5_next_dist_0bovzun._.js:776
[  338795ms] [LOG] [Fast Refresh] done in 71ms @ http://localhost:3000/_next/static/chunks/08i5_next_dist_0bovzun._.js:776
[  338850ms] [LOG] [Fast Refresh] done in 71ms @ http://localhost:3000/_next/static/chunks/08i5_next_dist_0bovzun._.js:776
[  338899ms] [LOG] [Fast Refresh] done in 71ms @ http://localhost:3000/_next/static/chunks/08i5_next_dist_0bovzun._.js:776
[  338952ms] [LOG] [Fast Refresh] done in 71ms @ http://localhost:3000/_next/static/chunks/08i5_next_dist_0bovzun._.js:776
[  339028ms] [LOG] [Fast Refresh] done in 71ms @ http://localhost:3000/_next/static/chunks/08i5_next_dist_0bovzun._.js:776
[  339076ms] [LOG] [Fast Refresh] done in 71ms @ http://localhost:3000/_next/static/chunks/08i5_next_dist_0bovzun._.js:776
[  339137ms] [LOG] [Fast Refresh] done in 71ms @ http://localhost:3000/_next/static/chunks/08i5_next_dist_0bovzun._.js:776
[  339201ms] [LOG] [Fast Refresh] done in 71ms @ http://localhost:3000/_next/static/chunks/08i5_next_dist_0bovzun._.js:776
[  339264ms] [LOG] [Fast Refresh] done in 71ms @ http://localhost:3000/_next/static/chunks/08i5_next_dist_0bovzun._.js:776
[  339327ms] [LOG] [Fast Refresh] done in 71ms @ http://localhost:3000/_next/static/chunks/08i5_next_dist_0bovzun._.js:776
[  339389ms] [LOG] [Fast Refresh] done in 71ms @ http://localhost:3000/_next/static/chunks/08i5_next_dist_0bovzun._.js:776
[  339439ms] [LOG] [Fast Refresh] done in 71ms @ http://localhost:3000/_next/static/chunks/08i5_next_dist_0bovzun._.js:776
[  339510ms] [LOG] [Fast Refresh] done in 71ms @ http://localhost:3000/_next/static/chunks/08i5_next_dist_0bovzun._.js:776
[  339566ms] [LOG] [Fast Refresh] done in 71ms @ http://localhost:3000/_next/static/chunks/08i5_next_dist_0bovzun._.js:776
[  339629ms] [LOG] [Fast Refresh] done in 71ms @ http://localhost:3000/_next/static/chunks/08i5_next_dist_0bovzun._.js:776
[  339675ms] [LOG] [Fast Refresh] done in 71ms @ http://localhost:3000/_next/static/chunks/08i5_next_dist_0bovzun._.js:776
[  339739ms] [LOG] [Fast Refresh] done in 71ms @ http://localhost:3000/_next/static/chunks/08i5_next_dist_0bovzun._.js:776
[  339799ms] [LOG] [Fast Refresh] done in 71ms @ http://localhost:3000/_next/static/chunks/08i5_next_dist_0bovzun._.js:776
[  339863ms] [LOG] [Fast Refresh] done in 71ms @ http://localhost:3000/_next/static/chunks/08i5_next_dist_0bovzun._.js:776
[  339919ms] [LOG] [Fast Refresh] done in 71ms @ http://localhost:3000/_next/static/chunks/08i5_next_dist_0bovzun._.js:776
[  339983ms] [LOG] [Fast Refresh] done in 71ms @ http://localhost:3000/_next/static/chunks/08i5_next_dist_0bovzun._.js:776
[  340036ms] [LOG] [Fast Refresh] done in 71ms @ http://localhost:3000/_next/static/chunks/08i5_next_dist_0bovzun._.js:776
[  340099ms] [LOG] [Fast Refresh] done in 71ms @ http://localhost:3000/_next/static/chunks/08i5_next_dist_0bovzun._.js:776
[  340161ms] [LOG] [Fast Refresh] done in 71ms @ http://localhost:3000/_next/static/chunks/08i5_next_dist_0bovzun._.js:776
[  340230ms] [LOG] [Fast Refresh] done in 71ms @ http://localhost:3000/_next/static/chunks/08i5_next_dist_0bovzun._.js:776
[  340276ms] [LOG] [Fast Refresh] done in 71ms @ http://localhost:3000/_next/static/chunks/08i5_next_dist_0bovzun._.js:776
[  340341ms] [LOG] [Fast Refresh] done in 71ms @ http://localhost:3000/_next/static/chunks/08i5_next_dist_0bovzun._.js:776
[  340396ms] [LOG] [Fast Refresh] done in 71ms @ http://localhost:3000/_next/static/chunks/08i5_next_dist_0bovzun._.js:776
[  340448ms] [LOG] [Fast Refresh] done in 71ms @ http://localhost:3000/_next/static/chunks/08i5_next_dist_0bovzun._.js:776
[  340498ms] [LOG] [Fast Refresh] done in 71ms @ http://localhost:3000/_next/static/chunks/08i5_next_dist_0bovzun._.js:776
[  340559ms] [LOG] [Fast Refresh] done in 71ms @ http://localhost:3000/_next/static/chunks/08i5_next_dist_0bovzun._.js:776
[  340623ms] [LOG] [Fast Refresh] done in 71ms @ http://localhost:3000/_next/static/chunks/08i5_next_dist_0bovzun._.js:776
[  340683ms] [LOG] [Fast Refresh] done in 71ms @ http://localhost:3000/_next/static/chunks/08i5_next_dist_0bovzun._.js:776
[  340735ms] [LOG] [Fast Refresh] done in 71ms @ http://localhost:3000/_next/static/chunks/08i5_next_dist_0bovzun._.js:776
[  340809ms] [LOG] [Fast Refresh] done in 71ms @ http://localhost:3000/_next/static/chunks/08i5_next_dist_0bovzun._.js:776
[  340860ms] [LOG] [Fast Refresh] done in 71ms @ http://localhost:3000/_next/static/chunks/08i5_next_dist_0bovzun._.js:776
[  340934ms] [LOG] [Fast Refresh] done in 71ms @ http://localhost:3000/_next/static/chunks/08i5_next_dist_0bovzun._.js:776
[  340971ms] [LOG] [Fast Refresh] done in 71ms @ http://localhost:3000/_next/static/chunks/08i5_next_dist_0bovzun._.js:776
[  341035ms] [LOG] [Fast Refresh] done in 71ms @ http://localhost:3000/_next/static/chunks/08i5_next_dist_0bovzun._.js:776
[  341098ms] [LOG] [Fast Refresh] done in 71ms @ http://localhost:3000/_next/static/chunks/08i5_next_dist_0bovzun._.js:776
[  341151ms] [LOG] [Fast Refresh] done in 71ms @ http://localhost:3000/_next/static/chunks/08i5_next_dist_0bovzun._.js:776
[  341205ms] [LOG] [Fast Refresh] done in 71ms @ http://localhost:3000/_next/static/chunks/08i5_next_dist_0bovzun._.js:776
[  341276ms] [LOG] [Fast Refresh] done in 71ms @ http://localhost:3000/_next/static/chunks/08i5_next_dist_0bovzun._.js:776
[  341340ms] [LOG] [Fast Refresh] done in 71ms @ http://localhost:3000/_next/static/chunks/08i5_next_dist_0bovzun._.js:776
[  341418ms] [LOG] [Fast Refresh] done in 71ms @ http://localhost:3000/_next/static/chunks/08i5_next_dist_0bovzun._.js:776
[  341474ms] [LOG] [Fast Refresh] done in 71ms @ http://localhost:3000/_next/static/chunks/08i5_next_dist_0bovzun._.js:776
[  341538ms] [LOG] [Fast Refresh] done in 71ms @ http://localhost:3000/_next/static/chunks/08i5_next_dist_0bovzun._.js:776
[  341591ms] [LOG] [Fast Refresh] done in 71ms @ http://localhost:3000/_next/static/chunks/08i5_next_dist_0bovzun._.js:776
[  341652ms] [LOG] [Fast Refresh] done in 71ms @ http://localhost:3000/_next/static/chunks/08i5_next_dist_0bovzun._.js:776
[  341708ms] [LOG] [Fast Refresh] done in 71ms @ http://localhost:3000/_next/static/chunks/08i5_next_dist_0bovzun._.js:776
[  341772ms] [LOG] [Fast Refresh] done in 71ms @ http://localhost:3000/_next/static/chunks/08i5_next_dist_0bovzun._.js:776
[  341826ms] [LOG] [Fast Refresh] done in 71ms @ http://localhost:3000/_next/static/chunks/08i5_next_dist_0bovzun._.js:776
[  341902ms] [LOG] [Fast Refresh] done in 71ms @ http://localhost:3000/_next/static/chunks/08i5_next_dist_0bovzun._.js:776
[  341964ms] [LOG] [Fast Refresh] done in 71ms @ http://localhost:3000/_next/static/chunks/08i5_next_dist_0bovzun._.js:776
[  342028ms] [LOG] [Fast Refresh] done in 71ms @ http://localhost:3000/_next/static/chunks/08i5_next_dist_0bovzun._.js:776
[  342090ms] [LOG] [Fast Refresh] done in 71ms @ http://localhost:3000/_next/static/chunks/08i5_next_dist_0bovzun._.js:776
[  342149ms] [LOG] [Fast Refresh] done in 71ms @ http://localhost:3000/_next/static/chunks/08i5_next_dist_0bovzun._.js:776
[  342221ms] [LOG] [Fast Refresh] done in 71ms @ http://localhost:3000/_next/static/chunks/08i5_next_dist_0bovzun._.js:776
[  342284ms] [LOG] [Fast Refresh] done in 71ms @ http://localhost:3000/_next/static/chunks/08i5_next_dist_0bovzun._.js:776
[  342339ms] [LOG] [Fast Refresh] done in 71ms @ http://localhost:3000/_next/static/chunks/08i5_next_dist_0bovzun._.js:776
[  342399ms] [LOG] [Fast Refresh] done in 71ms @ http://localhost:3000/_next/static/chunks/08i5_next_dist_0bovzun._.js:776
[  342461ms] [LOG] [Fast Refresh] done in 71ms @ http://localhost:3000/_next/static/chunks/08i5_next_dist_0bovzun._.js:776
[  342503ms] [LOG] [Fast Refresh] done in 71ms @ http://localhost:3000/_next/static/chunks/08i5_next_dist_0bovzun._.js:776
[  342549ms] [LOG] [Fast Refresh] done in 71ms @ http://localhost:3000/_next/static/chunks/08i5_next_dist_0bovzun._.js:776
[  342594ms] [LOG] [Fast Refresh] done in 71ms @ http://localhost:3000/_next/static/chunks/08i5_next_dist_0bovzun._.js:776
[  342637ms] [LOG] [Fast Refresh] done in 71ms @ http://localhost:3000/_next/static/chunks/08i5_next_dist_0bovzun._.js:776
[  342696ms] [LOG] [Fast Refresh] done in 71ms @ http://localhost:3000/_next/static/chunks/08i5_next_dist_0bovzun._.js:776
[  342739ms] [LOG] [Fast Refresh] done in 71ms @ http://localhost:3000/_next/static/chunks/08i5_next_dist_0bovzun._.js:776
[  342793ms] [LOG] [Fast Refresh] done in 71ms @ http://localhost:3000/_next/static/chunks/08i5_next_dist_0bovzun._.js:776
[  342843ms] [LOG] [Fast Refresh] done in 71ms @ http://localhost:3000/_next/static/chunks/08i5_next_dist_0bovzun._.js:776
[  342903ms] [LOG] [Fast Refresh] done in 71ms @ http://localhost:3000/_next/static/chunks/08i5_next_dist_0bovzun._.js:776
[  342955ms] [LOG] [Fast Refresh] done in 71ms @ http://localhost:3000/_next/static/chunks/08i5_next_dist_0bovzun._.js:776
[  343003ms] [LOG] [Fast Refresh] done in 71ms @ http://localhost:3000/_next/static/chunks/08i5_next_dist_0bovzun._.js:776
[  343045ms] [LOG] [Fast Refresh] done in 71ms @ http://localhost:3000/_next/static/chunks/08i5_next_dist_0bovzun._.js:776
[  343087ms] [LOG] [Fast Refresh] done in 71ms @ http://localhost:3000/_next/static/chunks/08i5_next_dist_0bovzun._.js:776
[  343140ms] [LOG] [Fast Refresh] done in 71ms @ http://localhost:3000/_next/static/chunks/08i5_next_dist_0bovzun._.js:776
[  343191ms] [LOG] [Fast Refresh] done in 71ms @ http://localhost:3000/_next/static/chunks/08i5_next_dist_0bovzun._.js:776
[  343241ms] [LOG] [Fast Refresh] done in 71ms @ http://localhost:3000/_next/static/chunks/08i5_next_dist_0bovzun._.js:776
[  343288ms] [LOG] [Fast Refresh] done in 71ms @ http://localhost:3000/_next/static/chunks/08i5_next_dist_0bovzun._.js:776
[  343341ms] [LOG] [Fast Refresh] done in 71ms @ http://localhost:3000/_next/static/chunks/08i5_next_dist_0bovzun._.js:776
[  343392ms] [LOG] [Fast Refresh] done in 71ms @ http://localhost:3000/_next/static/chunks/08i5_next_dist_0bovzun._.js:776
[  343434ms] [LOG] [Fast Refresh] done in 71ms @ http://localhost:3000/_next/static/chunks/08i5_next_dist_0bovzun._.js:776
[  343496ms] [LOG] [Fast Refresh] done in 71ms @ http://localhost:3000/_next/static/chunks/08i5_next_dist_0bovzun._.js:776
[  343560ms] [LOG] [Fast Refresh] done in 71ms @ http://localhost:3000/_next/static/chunks/08i5_next_dist_0bovzun._.js:776
[  343624ms] [LOG] [Fast Refresh] done in 71ms @ http://localhost:3000/_next/static/chunks/08i5_next_dist_0bovzun._.js:776
[  343694ms] [LOG] [Fast Refresh] done in 71ms @ http://localhost:3000/_next/static/chunks/08i5_next_dist_0bovzun._.js:776
[  343743ms] [LOG] [Fast Refresh] done in 71ms @ http://localhost:3000/_next/static/chunks/08i5_next_dist_0bovzun._.js:776
[  343807ms] [LOG] [Fast Refresh] done in 71ms @ http://localhost:3000/_next/static/chunks/08i5_next_dist_0bovzun._.js:776
[  343858ms] [LOG] [Fast Refresh] done in 71ms @ http://localhost:3000/_next/static/chunks/08i5_next_dist_0bovzun._.js:776
[  343908ms] [LOG] [Fast Refresh] done in 71ms @ http://localhost:3000/_next/static/chunks/08i5_next_dist_0bovzun._.js:776
[  343972ms] [LOG] [Fast Refresh] done in 71ms @ http://localhost:3000/_next/static/chunks/08i5_next_dist_0bovzun._.js:776
[  344035ms] [LOG] [Fast Refresh] done in 71ms @ http://localhost:3000/_next/static/chunks/08i5_next_dist_0bovzun._.js:776
[  344103ms] [LOG] [Fast Refresh] done in 71ms @ http://localhost:3000/_next/static/chunks/08i5_next_dist_0bovzun._.js:776
[  344168ms] [LOG] [Fast Refresh] done in 71ms @ http://localhost:3000/_next/static/chunks/08i5_next_dist_0bovzun._.js:776
[  344230ms] [LOG] [Fast Refresh] done in 71ms @ http://localhost:3000/_next/static/chunks/08i5_next_dist_0bovzun._.js:776
[  344294ms] [LOG] [Fast Refresh] done in 71ms @ http://localhost:3000/_next/static/chunks/08i5_next_dist_0bovzun._.js:776
[  344356ms] [LOG] [Fast Refresh] done in 71ms @ http://localhost:3000/_next/static/chunks/08i5_next_dist_0bovzun._.js:776
[  344419ms] [LOG] [Fast Refresh] done in 71ms @ http://localhost:3000/_next/static/chunks/08i5_next_dist_0bovzun._.js:776
[  344480ms] [LOG] [Fast Refresh] done in 71ms @ http://localhost:3000/_next/static/chunks/08i5_next_dist_0bovzun._.js:776
[  344543ms] [LOG] [Fast Refresh] done in 71ms @ http://localhost:3000/_next/static/chunks/08i5_next_dist_0bovzun._.js:776
[  344583ms] [LOG] [Fast Refresh] done in 71ms @ http://localhost:3000/_next/static/chunks/08i5_next_dist_0bovzun._.js:776
[  344632ms] [LOG] [Fast Refresh] done in 71ms @ http://localhost:3000/_next/static/chunks/08i5_next_dist_0bovzun._.js:776
[  394297ms] [LOG] [Fast Refresh] rebuilding @ http://localhost:3000/_next/static/chunks/08i5_next_dist_0bovzun._.js:776
[  394363ms] [LOG] [Fast Refresh] done in 9ms @ http://localhost:3000/_next/static/chunks/08i5_next_dist_0bovzun._.js:776
[  394503ms] [LOG] [Fast Refresh] done in 9ms @ http://localhost:3000/_next/static/chunks/08i5_next_dist_0bovzun._.js:776
[  394558ms] [LOG] [Fast Refresh] done in 9ms @ http://localhost:3000/_next/static/chunks/08i5_next_dist_0bovzun._.js:776
[  394614ms] [LOG] [Fast Refresh] done in 9ms @ http://localhost:3000/_next/static/chunks/08i5_next_dist_0bovzun._.js:776
[  394809ms] [LOG] [Fast Refresh] done in 9ms @ http://localhost:3000/_next/static/chunks/08i5_next_dist_0bovzun._.js:776
[  394861ms] [LOG] [Fast Refresh] done in 9ms @ http://localhost:3000/_next/static/chunks/08i5_next_dist_0bovzun._.js:776
[  394933ms] [LOG] [Fast Refresh] done in 9ms @ http://localhost:3000/_next/static/chunks/08i5_next_dist_0bovzun._.js:776
[  394984ms] [LOG] [Fast Refresh] done in 9ms @ http://localhost:3000/_next/static/chunks/08i5_next_dist_0bovzun._.js:776
[  395033ms] [LOG] [Fast Refresh] done in 9ms @ http://localhost:3000/_next/static/chunks/08i5_next_dist_0bovzun._.js:776
[  395083ms] [LOG] [Fast Refresh] done in 9ms @ http://localhost:3000/_next/static/chunks/08i5_next_dist_0bovzun._.js:776
[  395132ms] [LOG] [Fast Refresh] done in 9ms @ http://localhost:3000/_next/static/chunks/08i5_next_dist_0bovzun._.js:776
[  395173ms] [LOG] [Fast Refresh] done in 9ms @ http://localhost:3000/_next/static/chunks/08i5_next_dist_0bovzun._.js:776
[  395235ms] [LOG] [Fast Refresh] done in 9ms @ http://localhost:3000/_next/static/chunks/08i5_next_dist_0bovzun._.js:776
[  395284ms] [LOG] [Fast Refresh] done in 9ms @ http://localhost:3000/_next/static/chunks/08i5_next_dist_0bovzun._.js:776
[  395346ms] [LOG] [Fast Refresh] done in 9ms @ http://localhost:3000/_next/static/chunks/08i5_next_dist_0bovzun._.js:776
[  395387ms] [LOG] [Fast Refresh] done in 9ms @ http://localhost:3000/_next/static/chunks/08i5_next_dist_0bovzun._.js:776
[  395438ms] [LOG] [Fast Refresh] done in 9ms @ http://localhost:3000/_next/static/chunks/08i5_next_dist_0bovzun._.js:776
[  395491ms] [LOG] [Fast Refresh] done in 9ms @ http://localhost:3000/_next/static/chunks/08i5_next_dist_0bovzun._.js:776
[  395533ms] [LOG] [Fast Refresh] done in 9ms @ http://localhost:3000/_next/static/chunks/08i5_next_dist_0bovzun._.js:776
[  395582ms] [LOG] [Fast Refresh] done in 9ms @ http://localhost:3000/_next/static/chunks/08i5_next_dist_0bovzun._.js:776
[  395623ms] [LOG] [Fast Refresh] done in 9ms @ http://localhost:3000/_next/static/chunks/08i5_next_dist_0bovzun._.js:776
[  395671ms] [LOG] [Fast Refresh] done in 9ms @ http://localhost:3000/_next/static/chunks/08i5_next_dist_0bovzun._.js:776
[  395720ms] [LOG] [Fast Refresh] done in 9ms @ http://localhost:3000/_next/static/chunks/08i5_next_dist_0bovzun._.js:776
[  395761ms] [LOG] [Fast Refresh] done in 9ms @ http://localhost:3000/_next/static/chunks/08i5_next_dist_0bovzun._.js:776
[  395813ms] [LOG] [Fast Refresh] done in 9ms @ http://localhost:3000/_next/static/chunks/08i5_next_dist_0bovzun._.js:776
[  395876ms] [LOG] [Fast Refresh] done in 9ms @ http://localhost:3000/_next/static/chunks/08i5_next_dist_0bovzun._.js:776
[  395937ms] [LOG] [Fast Refresh] done in 9ms @ http://localhost:3000/_next/static/chunks/08i5_next_dist_0bovzun._.js:776
[  395998ms] [LOG] [Fast Refresh] done in 9ms @ http://localhost:3000/_next/static/chunks/08i5_next_dist_0bovzun._.js:776
[  396060ms] [LOG] [Fast Refresh] done in 9ms @ http://localhost:3000/_next/static/chunks/08i5_next_dist_0bovzun._.js:776
[  396121ms] [LOG] [Fast Refresh] done in 9ms @ http://localhost:3000/_next/static/chunks/08i5_next_dist_0bovzun._.js:776
[  396174ms] [LOG] [Fast Refresh] done in 9ms @ http://localhost:3000/_next/static/chunks/08i5_next_dist_0bovzun._.js:776
[  396237ms] [LOG] [Fast Refresh] done in 9ms @ http://localhost:3000/_next/static/chunks/08i5_next_dist_0bovzun._.js:776
[  396299ms] [LOG] [Fast Refresh] done in 9ms @ http://localhost:3000/_next/static/chunks/08i5_next_dist_0bovzun._.js:776
[  396372ms] [LOG] [Fast Refresh] done in 9ms @ http://localhost:3000/_next/static/chunks/08i5_next_dist_0bovzun._.js:776
[  396435ms] [LOG] [Fast Refresh] done in 9ms @ http://localhost:3000/_next/static/chunks/08i5_next_dist_0bovzun._.js:776
[  396496ms] [LOG] [Fast Refresh] done in 9ms @ http://localhost:3000/_next/static/chunks/08i5_next_dist_0bovzun._.js:776
[  396544ms] [LOG] [Fast Refresh] done in 9ms @ http://localhost:3000/_next/static/chunks/08i5_next_dist_0bovzun._.js:776
[  396608ms] [LOG] [Fast Refresh] done in 9ms @ http://localhost:3000/_next/static/chunks/08i5_next_dist_0bovzun._.js:776
[  396660ms] [LOG] [Fast Refresh] done in 9ms @ http://localhost:3000/_next/static/chunks/08i5_next_dist_0bovzun._.js:776
[  396723ms] [LOG] [Fast Refresh] done in 9ms @ http://localhost:3000/_next/static/chunks/08i5_next_dist_0bovzun._.js:776
[  396787ms] [LOG] [Fast Refresh] done in 9ms @ http://localhost:3000/_next/static/chunks/08i5_next_dist_0bovzun._.js:776
[  396850ms] [LOG] [Fast Refresh] done in 9ms @ http://localhost:3000/_next/static/chunks/08i5_next_dist_0bovzun._.js:776
[  396913ms] [LOG] [Fast Refresh] done in 9ms @ http://localhost:3000/_next/static/chunks/08i5_next_dist_0bovzun._.js:776
[  396966ms] [LOG] [Fast Refresh] done in 9ms @ http://localhost:3000/_next/static/chunks/08i5_next_dist_0bovzun._.js:776
[  397013ms] [LOG] [Fast Refresh] done in 9ms @ http://localhost:3000/_next/static/chunks/08i5_next_dist_0bovzun._.js:776
[  397077ms] [LOG] [Fast Refresh] done in 9ms @ http://localhost:3000/_next/static/chunks/08i5_next_dist_0bovzun._.js:776
[  397132ms] [LOG] [Fast Refresh] done in 9ms @ http://localhost:3000/_next/static/chunks/08i5_next_dist_0bovzun._.js:776
[  397195ms] [LOG] [Fast Refresh] done in 9ms @ http://localhost:3000/_next/static/chunks/08i5_next_dist_0bovzun._.js:776
[  397250ms] [LOG] [Fast Refresh] done in 9ms @ http://localhost:3000/_next/static/chunks/08i5_next_dist_0bovzun._.js:776
[  397308ms] [LOG] [Fast Refresh] done in 9ms @ http://localhost:3000/_next/static/chunks/08i5_next_dist_0bovzun._.js:776
[  397360ms] [LOG] [Fast Refresh] done in 9ms @ http://localhost:3000/_next/static/chunks/08i5_next_dist_0bovzun._.js:776
[  397415ms] [LOG] [Fast Refresh] done in 9ms @ http://localhost:3000/_next/static/chunks/08i5_next_dist_0bovzun._.js:776
[  397478ms] [LOG] [Fast Refresh] done in 9ms @ http://localhost:3000/_next/static/chunks/08i5_next_dist_0bovzun._.js:776
[  397543ms] [LOG] [Fast Refresh] done in 9ms @ http://localhost:3000/_next/static/chunks/08i5_next_dist_0bovzun._.js:776
[  397607ms] [LOG] [Fast Refresh] done in 9ms @ http://localhost:3000/_next/static/chunks/08i5_next_dist_0bovzun._.js:776
[  397669ms] [LOG] [Fast Refresh] done in 9ms @ http://localhost:3000/_next/static/chunks/08i5_next_dist_0bovzun._.js:776
[  397736ms] [LOG] [Fast Refresh] done in 9ms @ http://localhost:3000/_next/static/chunks/08i5_next_dist_0bovzun._.js:776
[  397799ms] [LOG] [Fast Refresh] done in 9ms @ http://localhost:3000/_next/static/chunks/08i5_next_dist_0bovzun._.js:776
[  397857ms] [LOG] [Fast Refresh] done in 9ms @ http://localhost:3000/_next/static/chunks/08i5_next_dist_0bovzun._.js:776
[  397909ms] [LOG] [Fast Refresh] done in 9ms @ http://localhost:3000/_next/static/chunks/08i5_next_dist_0bovzun._.js:776
[  397971ms] [LOG] [Fast Refresh] done in 9ms @ http://localhost:3000/_next/static/chunks/08i5_next_dist_0bovzun._.js:776
[  398035ms] [LOG] [Fast Refresh] done in 9ms @ http://localhost:3000/_next/static/chunks/08i5_next_dist_0bovzun._.js:776
[  398088ms] [LOG] [Fast Refresh] done in 9ms @ http://localhost:3000/_next/static/chunks/08i5_next_dist_0bovzun._.js:776
[  398166ms] [LOG] [Fast Refresh] done in 9ms @ http://localhost:3000/_next/static/chunks/08i5_next_dist_0bovzun._.js:776
[  398229ms] [LOG] [Fast Refresh] done in 9ms @ http://localhost:3000/_next/static/chunks/08i5_next_dist_0bovzun._.js:776
[  398293ms] [LOG] [Fast Refresh] done in 9ms @ http://localhost:3000/_next/static/chunks/08i5_next_dist_0bovzun._.js:776
[  398343ms] [LOG] [Fast Refresh] done in 9ms @ http://localhost:3000/_next/static/chunks/08i5_next_dist_0bovzun._.js:776
[  398401ms] [LOG] [Fast Refresh] done in 9ms @ http://localhost:3000/_next/static/chunks/08i5_next_dist_0bovzun._.js:776
[  398452ms] [LOG] [Fast Refresh] done in 9ms @ http://localhost:3000/_next/static/chunks/08i5_next_dist_0bovzun._.js:776
[  398512ms] [LOG] [Fast Refresh] done in 9ms @ http://localhost:3000/_next/static/chunks/08i5_next_dist_0bovzun._.js:776
[  398575ms] [LOG] [Fast Refresh] done in 9ms @ http://localhost:3000/_next/static/chunks/08i5_next_dist_0bovzun._.js:776
[  398637ms] [LOG] [Fast Refresh] done in 9ms @ http://localhost:3000/_next/static/chunks/08i5_next_dist_0bovzun._.js:776
[  398704ms] [LOG] [Fast Refresh] done in 9ms @ http://localhost:3000/_next/static/chunks/08i5_next_dist_0bovzun._.js:776
[  398762ms] [LOG] [Fast Refresh] done in 9ms @ http://localhost:3000/_next/static/chunks/08i5_next_dist_0bovzun._.js:776
[  398830ms] [LOG] [Fast Refresh] done in 9ms @ http://localhost:3000/_next/static/chunks/08i5_next_dist_0bovzun._.js:776
[  398887ms] [LOG] [Fast Refresh] done in 9ms @ http://localhost:3000/_next/static/chunks/08i5_next_dist_0bovzun._.js:776
[  398950ms] [LOG] [Fast Refresh] done in 9ms @ http://localhost:3000/_next/static/chunks/08i5_next_dist_0bovzun._.js:776
[  399012ms] [LOG] [Fast Refresh] done in 9ms @ http://localhost:3000/_next/static/chunks/08i5_next_dist_0bovzun._.js:776
[  399063ms] [LOG] [Fast Refresh] done in 9ms @ http://localhost:3000/_next/static/chunks/08i5_next_dist_0bovzun._.js:776
[  399126ms] [LOG] [Fast Refresh] done in 9ms @ http://localhost:3000/_next/static/chunks/08i5_next_dist_0bovzun._.js:776
[  399178ms] [LOG] [Fast Refresh] done in 9ms @ http://localhost:3000/_next/static/chunks/08i5_next_dist_0bovzun._.js:776
[  399243ms] [LOG] [Fast Refresh] done in 9ms @ http://localhost:3000/_next/static/chunks/08i5_next_dist_0bovzun._.js:776
[  399292ms] [LOG] [Fast Refresh] done in 9ms @ http://localhost:3000/_next/static/chunks/08i5_next_dist_0bovzun._.js:776
[  399346ms] [LOG] [Fast Refresh] done in 9ms @ http://localhost:3000/_next/static/chunks/08i5_next_dist_0bovzun._.js:776
[  399413ms] [LOG] [Fast Refresh] done in 9ms @ http://localhost:3000/_next/static/chunks/08i5_next_dist_0bovzun._.js:776
[  399464ms] [LOG] [Fast Refresh] done in 9ms @ http://localhost:3000/_next/static/chunks/08i5_next_dist_0bovzun._.js:776
[  399517ms] [LOG] [Fast Refresh] done in 9ms @ http://localhost:3000/_next/static/chunks/08i5_next_dist_0bovzun._.js:776
[  399581ms] [LOG] [Fast Refresh] done in 9ms @ http://localhost:3000/_next/static/chunks/08i5_next_dist_0bovzun._.js:776
[  399644ms] [LOG] [Fast Refresh] done in 9ms @ http://localhost:3000/_next/static/chunks/08i5_next_dist_0bovzun._.js:776
[  399709ms] [LOG] [Fast Refresh] done in 9ms @ http://localhost:3000/_next/static/chunks/08i5_next_dist_0bovzun._.js:776
[  399761ms] [LOG] [Fast Refresh] done in 9ms @ http://localhost:3000/_next/static/chunks/08i5_next_dist_0bovzun._.js:776
[  399816ms] [LOG] [Fast Refresh] done in 9ms @ http://localhost:3000/_next/static/chunks/08i5_next_dist_0bovzun._.js:776
[  399880ms] [LOG] [Fast Refresh] done in 9ms @ http://localhost:3000/_next/static/chunks/08i5_next_dist_0bovzun._.js:776
[  399935ms] [LOG] [Fast Refresh] done in 9ms @ http://localhost:3000/_next/static/chunks/08i5_next_dist_0bovzun._.js:776
[  400000ms] [LOG] [Fast Refresh] done in 9ms @ http://localhost:3000/_next/static/chunks/08i5_next_dist_0bovzun._.js:776
[  400052ms] [LOG] [Fast Refresh] done in 9ms @ http://localhost:3000/_next/static/chunks/08i5_next_dist_0bovzun._.js:776
[  400109ms] [LOG] [Fast Refresh] done in 9ms @ http://localhost:3000/_next/static/chunks/08i5_next_dist_0bovzun._.js:776
[  400181ms] [LOG] [Fast Refresh] done in 9ms @ http://localhost:3000/_next/static/chunks/08i5_next_dist_0bovzun._.js:776
[  400251ms] [LOG] [Fast Refresh] done in 9ms @ http://localhost:3000/_next/static/chunks/08i5_next_dist_0bovzun._.js:776
[  400314ms] [LOG] [Fast Refresh] done in 9ms @ http://localhost:3000/_next/static/chunks/08i5_next_dist_0bovzun._.js:776
[  400378ms] [LOG] [Fast Refresh] done in 9ms @ http://localhost:3000/_next/static/chunks/08i5_next_dist_0bovzun._.js:776
[  400438ms] [LOG] [Fast Refresh] done in 9ms @ http://localhost:3000/_next/static/chunks/08i5_next_dist_0bovzun._.js:776
[  400493ms] [LOG] [Fast Refresh] done in 9ms @ http://localhost:3000/_next/static/chunks/08i5_next_dist_0bovzun._.js:776
[  400556ms] [LOG] [Fast Refresh] done in 9ms @ http://localhost:3000/_next/static/chunks/08i5_next_dist_0bovzun._.js:776
[  400618ms] [LOG] [Fast Refresh] done in 9ms @ http://localhost:3000/_next/static/chunks/08i5_next_dist_0bovzun._.js:776
[  400673ms] [LOG] [Fast Refresh] done in 9ms @ http://localhost:3000/_next/static/chunks/08i5_next_dist_0bovzun._.js:776
[  400727ms] [LOG] [Fast Refresh] done in 9ms @ http://localhost:3000/_next/static/chunks/08i5_next_dist_0bovzun._.js:776
[  400798ms] [LOG] [Fast Refresh] done in 9ms @ http://localhost:3000/_next/static/chunks/08i5_next_dist_0bovzun._.js:776
[  400863ms] [LOG] [Fast Refresh] done in 9ms @ http://localhost:3000/_next/static/chunks/08i5_next_dist_0bovzun._.js:776
[  400927ms] [LOG] [Fast Refresh] done in 9ms @ http://localhost:3000/_next/static/chunks/08i5_next_dist_0bovzun._.js:776
[  400979ms] [LOG] [Fast Refresh] done in 9ms @ http://localhost:3000/_next/static/chunks/08i5_next_dist_0bovzun._.js:776
[  401042ms] [LOG] [Fast Refresh] done in 9ms @ http://localhost:3000/_next/static/chunks/08i5_next_dist_0bovzun._.js:776
[  401105ms] [LOG] [Fast Refresh] done in 9ms @ http://localhost:3000/_next/static/chunks/08i5_next_dist_0bovzun._.js:776
[  401169ms] [LOG] [Fast Refresh] done in 9ms @ http://localhost:3000/_next/static/chunks/08i5_next_dist_0bovzun._.js:776
[  401222ms] [LOG] [Fast Refresh] done in 9ms @ http://localhost:3000/_next/static/chunks/08i5_next_dist_0bovzun._.js:776
[  401277ms] [LOG] [Fast Refresh] done in 9ms @ http://localhost:3000/_next/static/chunks/08i5_next_dist_0bovzun._.js:776
[  401342ms] [LOG] [Fast Refresh] done in 9ms @ http://localhost:3000/_next/static/chunks/08i5_next_dist_0bovzun._.js:776
[  401391ms] [LOG] [Fast Refresh] done in 9ms @ http://localhost:3000/_next/static/chunks/08i5_next_dist_0bovzun._.js:776
[  401458ms] [LOG] [Fast Refresh] done in 9ms @ http://localhost:3000/_next/static/chunks/08i5_next_dist_0bovzun._.js:776
[  401521ms] [LOG] [Fast Refresh] done in 9ms @ http://localhost:3000/_next/static/chunks/08i5_next_dist_0bovzun._.js:776
[  401573ms] [LOG] [Fast Refresh] done in 9ms @ http://localhost:3000/_next/static/chunks/08i5_next_dist_0bovzun._.js:776
[  401625ms] [LOG] [Fast Refresh] done in 9ms @ http://localhost:3000/_next/static/chunks/08i5_next_dist_0bovzun._.js:776
[  401678ms] [LOG] [Fast Refresh] done in 9ms @ http://localhost:3000/_next/static/chunks/08i5_next_dist_0bovzun._.js:776
[  401733ms] [LOG] [Fast Refresh] done in 9ms @ http://localhost:3000/_next/static/chunks/08i5_next_dist_0bovzun._.js:776
[  401797ms] [LOG] [Fast Refresh] done in 9ms @ http://localhost:3000/_next/static/chunks/08i5_next_dist_0bovzun._.js:776
[  401861ms] [LOG] [Fast Refresh] done in 9ms @ http://localhost:3000/_next/static/chunks/08i5_next_dist_0bovzun._.js:776
[  401915ms] [LOG] [Fast Refresh] done in 9ms @ http://localhost:3000/_next/static/chunks/08i5_next_dist_0bovzun._.js:776
[  401986ms] [LOG] [Fast Refresh] done in 9ms @ http://localhost:3000/_next/static/chunks/08i5_next_dist_0bovzun._.js:776
[  402039ms] [LOG] [Fast Refresh] done in 9ms @ http://localhost:3000/_next/static/chunks/08i5_next_dist_0bovzun._.js:776
[  402111ms] [LOG] [Fast Refresh] done in 9ms @ http://localhost:3000/_next/static/chunks/08i5_next_dist_0bovzun._.js:776
[  402179ms] [LOG] [Fast Refresh] done in 9ms @ http://localhost:3000/_next/static/chunks/08i5_next_dist_0bovzun._.js:776
[  402236ms] [LOG] [Fast Refresh] done in 9ms @ http://localhost:3000/_next/static/chunks/08i5_next_dist_0bovzun._.js:776
[  402289ms] [LOG] [Fast Refresh] done in 9ms @ http://localhost:3000/_next/static/chunks/08i5_next_dist_0bovzun._.js:776
[  402360ms] [LOG] [Fast Refresh] done in 9ms @ http://localhost:3000/_next/static/chunks/08i5_next_dist_0bovzun._.js:776
[  402410ms] [LOG] [Fast Refresh] done in 9ms @ http://localhost:3000/_next/static/chunks/08i5_next_dist_0bovzun._.js:776
[  402474ms] [LOG] [Fast Refresh] done in 9ms @ http://localhost:3000/_next/static/chunks/08i5_next_dist_0bovzun._.js:776
[  402525ms] [LOG] [Fast Refresh] done in 9ms @ http://localhost:3000/_next/static/chunks/08i5_next_dist_0bovzun._.js:776
[  402583ms] [LOG] [Fast Refresh] done in 9ms @ http://localhost:3000/_next/static/chunks/08i5_next_dist_0bovzun._.js:776
[  402624ms] [LOG] [Fast Refresh] done in 9ms @ http://localhost:3000/_next/static/chunks/08i5_next_dist_0bovzun._.js:776
[  402679ms] [LOG] [Fast Refresh] done in 9ms @ http://localhost:3000/_next/static/chunks/08i5_next_dist_0bovzun._.js:776
[  402734ms] [LOG] [Fast Refresh] done in 9ms @ http://localhost:3000/_next/static/chunks/08i5_next_dist_0bovzun._.js:776
[  402792ms] [LOG] [Fast Refresh] done in 9ms @ http://localhost:3000/_next/static/chunks/08i5_next_dist_0bovzun._.js:776
[  402833ms] [LOG] [Fast Refresh] done in 9ms @ http://localhost:3000/_next/static/chunks/08i5_next_dist_0bovzun._.js:776
[  402876ms] [LOG] [Fast Refresh] done in 9ms @ http://localhost:3000/_next/static/chunks/08i5_next_dist_0bovzun._.js:776
[  402928ms] [LOG] [Fast Refresh] done in 9ms @ http://localhost:3000/_next/static/chunks/08i5_next_dist_0bovzun._.js:776
[  402970ms] [LOG] [Fast Refresh] done in 9ms @ http://localhost:3000/_next/static/chunks/08i5_next_dist_0bovzun._.js:776
[  403012ms] [LOG] [Fast Refresh] done in 9ms @ http://localhost:3000/_next/static/chunks/08i5_next_dist_0bovzun._.js:776
[  403067ms] [LOG] [Fast Refresh] done in 9ms @ http://localhost:3000/_next/static/chunks/08i5_next_dist_0bovzun._.js:776
[  403126ms] [LOG] [Fast Refresh] done in 9ms @ http://localhost:3000/_next/static/chunks/08i5_next_dist_0bovzun._.js:776
[  403171ms] [LOG] [Fast Refresh] done in 9ms @ http://localhost:3000/_next/static/chunks/08i5_next_dist_0bovzun._.js:776
[  403213ms] [LOG] [Fast Refresh] done in 9ms @ http://localhost:3000/_next/static/chunks/08i5_next_dist_0bovzun._.js:776
[  403265ms] [LOG] [Fast Refresh] done in 9ms @ http://localhost:3000/_next/static/chunks/08i5_next_dist_0bovzun._.js:776
[  403310ms] [LOG] [Fast Refresh] done in 9ms @ http://localhost:3000/_next/static/chunks/08i5_next_dist_0bovzun._.js:776
[  403360ms] [LOG] [Fast Refresh] done in 9ms @ http://localhost:3000/_next/static/chunks/08i5_next_dist_0bovzun._.js:776
[  403401ms] [LOG] [Fast Refresh] done in 9ms @ http://localhost:3000/_next/static/chunks/08i5_next_dist_0bovzun._.js:776
[  403444ms] [LOG] [Fast Refresh] done in 9ms @ http://localhost:3000/_next/static/chunks/08i5_next_dist_0bovzun._.js:776
[  403495ms] [LOG] [Fast Refresh] done in 9ms @ http://localhost:3000/_next/static/chunks/08i5_next_dist_0bovzun._.js:776
[  403558ms] [LOG] [Fast Refresh] done in 9ms @ http://localhost:3000/_next/static/chunks/08i5_next_dist_0bovzun._.js:776
[  403612ms] [LOG] [Fast Refresh] done in 9ms @ http://localhost:3000/_next/static/chunks/08i5_next_dist_0bovzun._.js:776
[  403650ms] [LOG] [Fast Refresh] done in 9ms @ http://localhost:3000/_next/static/chunks/08i5_next_dist_0bovzun._.js:776
[  403693ms] [LOG] [Fast Refresh] done in 9ms @ http://localhost:3000/_next/static/chunks/08i5_next_dist_0bovzun._.js:776
[  403749ms] [LOG] [Fast Refresh] done in 9ms @ http://localhost:3000/_next/static/chunks/08i5_next_dist_0bovzun._.js:776
[  403812ms] [LOG] [Fast Refresh] done in 9ms @ http://localhost:3000/_next/static/chunks/08i5_next_dist_0bovzun._.js:776
[  403852ms] [LOG] [Fast Refresh] done in 9ms @ http://localhost:3000/_next/static/chunks/08i5_next_dist_0bovzun._.js:776
[  403904ms] [LOG] [Fast Refresh] done in 9ms @ http://localhost:3000/_next/static/chunks/08i5_next_dist_0bovzun._.js:776
[  403956ms] [LOG] [Fast Refresh] done in 9ms @ http://localhost:3000/_next/static/chunks/08i5_next_dist_0bovzun._.js:776
[  403998ms] [LOG] [Fast Refresh] done in 9ms @ http://localhost:3000/_next/static/chunks/08i5_next_dist_0bovzun._.js:776
[  404049ms] [LOG] [Fast Refresh] done in 9ms @ http://localhost:3000/_next/static/chunks/08i5_next_dist_0bovzun._.js:776
[  404093ms] [LOG] [Fast Refresh] done in 9ms @ http://localhost:3000/_next/static/chunks/08i5_next_dist_0bovzun._.js:776
[  404153ms] [LOG] [Fast Refresh] done in 9ms @ http://localhost:3000/_next/static/chunks/08i5_next_dist_0bovzun._.js:776
[  404204ms] [LOG] [Fast Refresh] done in 9ms @ http://localhost:3000/_next/static/chunks/08i5_next_dist_0bovzun._.js:776
[  404248ms] [LOG] [Fast Refresh] done in 9ms @ http://localhost:3000/_next/static/chunks/08i5_next_dist_0bovzun._.js:776
[  404306ms] [LOG] [Fast Refresh] done in 9ms @ http://localhost:3000/_next/static/chunks/08i5_next_dist_0bovzun._.js:776
[  404359ms] [LOG] [Fast Refresh] done in 9ms @ http://localhost:3000/_next/static/chunks/08i5_next_dist_0bovzun._.js:776
[  404424ms] [LOG] [Fast Refresh] done in 9ms @ http://localhost:3000/_next/static/chunks/08i5_next_dist_0bovzun._.js:776
[  404475ms] [LOG] [Fast Refresh] done in 9ms @ http://localhost:3000/_next/static/chunks/08i5_next_dist_0bovzun._.js:776
[  404534ms] [LOG] [Fast Refresh] done in 9ms @ http://localhost:3000/_next/static/chunks/08i5_next_dist_0bovzun._.js:776
[  404595ms] [LOG] [Fast Refresh] done in 9ms @ http://localhost:3000/_next/static/chunks/08i5_next_dist_0bovzun._.js:776
[  404645ms] [LOG] [Fast Refresh] done in 9ms @ http://localhost:3000/_next/static/chunks/08i5_next_dist_0bovzun._.js:776
[  404699ms] [LOG] [Fast Refresh] done in 9ms @ http://localhost:3000/_next/static/chunks/08i5_next_dist_0bovzun._.js:776
[  404741ms] [LOG] [Fast Refresh] done in 9ms @ http://localhost:3000/_next/static/chunks/08i5_next_dist_0bovzun._.js:776
[  404782ms] [LOG] [Fast Refresh] done in 9ms @ http://localhost:3000/_next/static/chunks/08i5_next_dist_0bovzun._.js:776
[  404838ms] [LOG] [Fast Refresh] done in 9ms @ http://localhost:3000/_next/static/chunks/08i5_next_dist_0bovzun._.js:776
[  404887ms] [LOG] [Fast Refresh] done in 9ms @ http://localhost:3000/_next/static/chunks/08i5_next_dist_0bovzun._.js:776
[  404937ms] [LOG] [Fast Refresh] done in 9ms @ http://localhost:3000/_next/static/chunks/08i5_next_dist_0bovzun._.js:776
[  404989ms] [LOG] [Fast Refresh] done in 9ms @ http://localhost:3000/_next/static/chunks/08i5_next_dist_0bovzun._.js:776
[  405030ms] [LOG] [Fast Refresh] done in 9ms @ http://localhost:3000/_next/static/chunks/08i5_next_dist_0bovzun._.js:776
[  405078ms] [LOG] [Fast Refresh] done in 9ms @ http://localhost:3000/_next/static/chunks/08i5_next_dist_0bovzun._.js:776
[  405138ms] [LOG] [Fast Refresh] done in 9ms @ http://localhost:3000/_next/static/chunks/08i5_next_dist_0bovzun._.js:776
[  405188ms] [LOG] [Fast Refresh] done in 9ms @ http://localhost:3000/_next/static/chunks/08i5_next_dist_0bovzun._.js:776
[  405247ms] [LOG] [Fast Refresh] done in 9ms @ http://localhost:3000/_next/static/chunks/08i5_next_dist_0bovzun._.js:776
[  405311ms] [LOG] [Fast Refresh] done in 9ms @ http://localhost:3000/_next/static/chunks/08i5_next_dist_0bovzun._.js:776
[  405352ms] [LOG] [Fast Refresh] done in 9ms @ http://localhost:3000/_next/static/chunks/08i5_next_dist_0bovzun._.js:776
[  405406ms] [LOG] [Fast Refresh] done in 9ms @ http://localhost:3000/_next/static/chunks/08i5_next_dist_0bovzun._.js:776
[  405456ms] [LOG] [Fast Refresh] done in 9ms @ http://localhost:3000/_next/static/chunks/08i5_next_dist_0bovzun._.js:776
[  405505ms] [LOG] [Fast Refresh] done in 9ms @ http://localhost:3000/_next/static/chunks/08i5_next_dist_0bovzun._.js:776
[  405553ms] [LOG] [Fast Refresh] done in 9ms @ http://localhost:3000/_next/static/chunks/08i5_next_dist_0bovzun._.js:776
[  405606ms] [LOG] [Fast Refresh] done in 9ms @ http://localhost:3000/_next/static/chunks/08i5_next_dist_0bovzun._.js:776
[  405657ms] [LOG] [Fast Refresh] done in 9ms @ http://localhost:3000/_next/static/chunks/08i5_next_dist_0bovzun._.js:776
[  405706ms] [LOG] [Fast Refresh] done in 9ms @ http://localhost:3000/_next/static/chunks/08i5_next_dist_0bovzun._.js:776
[  405751ms] [LOG] [Fast Refresh] done in 9ms @ http://localhost:3000/_next/static/chunks/08i5_next_dist_0bovzun._.js:776
[  405803ms] [LOG] [Fast Refresh] done in 9ms @ http://localhost:3000/_next/static/chunks/08i5_next_dist_0bovzun._.js:776
[  405852ms] [LOG] [Fast Refresh] done in 9ms @ http://localhost:3000/_next/static/chunks/08i5_next_dist_0bovzun._.js:776
[  405900ms] [LOG] [Fast Refresh] done in 9ms @ http://localhost:3000/_next/static/chunks/08i5_next_dist_0bovzun._.js:776
[  405952ms] [LOG] [Fast Refresh] done in 9ms @ http://localhost:3000/_next/static/chunks/08i5_next_dist_0bovzun._.js:776
[  406000ms] [LOG] [Fast Refresh] done in 9ms @ http://localhost:3000/_next/static/chunks/08i5_next_dist_0bovzun._.js:776
[  406067ms] [LOG] [Fast Refresh] done in 9ms @ http://localhost:3000/_next/static/chunks/08i5_next_dist_0bovzun._.js:776
[  406130ms] [LOG] [Fast Refresh] done in 9ms @ http://localhost:3000/_next/static/chunks/08i5_next_dist_0bovzun._.js:776
[  406178ms] [LOG] [Fast Refresh] done in 9ms @ http://localhost:3000/_next/static/chunks/08i5_next_dist_0bovzun._.js:776
[  406231ms] [LOG] [Fast Refresh] done in 9ms @ http://localhost:3000/_next/static/chunks/08i5_next_dist_0bovzun._.js:776
[  406283ms] [LOG] [Fast Refresh] done in 9ms @ http://localhost:3000/_next/static/chunks/08i5_next_dist_0bovzun._.js:776
[  406325ms] [LOG] [Fast Refresh] done in 9ms @ http://localhost:3000/_next/static/chunks/08i5_next_dist_0bovzun._.js:776
[  406382ms] [LOG] [Fast Refresh] done in 9ms @ http://localhost:3000/_next/static/chunks/08i5_next_dist_0bovzun._.js:776
[  406428ms] [LOG] [Fast Refresh] done in 9ms @ http://localhost:3000/_next/static/chunks/08i5_next_dist_0bovzun._.js:776
[  406468ms] [LOG] [Fast Refresh] done in 9ms @ http://localhost:3000/_next/static/chunks/08i5_next_dist_0bovzun._.js:776
[  406528ms] [LOG] [Fast Refresh] done in 9ms @ http://localhost:3000/_next/static/chunks/08i5_next_dist_0bovzun._.js:776
[  406591ms] [LOG] [Fast Refresh] done in 9ms @ http://localhost:3000/_next/static/chunks/08i5_next_dist_0bovzun._.js:776
[  406651ms] [LOG] [Fast Refresh] done in 9ms @ http://localhost:3000/_next/static/chunks/08i5_next_dist_0bovzun._.js:776
[  406701ms] [LOG] [Fast Refresh] done in 9ms @ http://localhost:3000/_next/static/chunks/08i5_next_dist_0bovzun._.js:776
[  406753ms] [LOG] [Fast Refresh] done in 9ms @ http://localhost:3000/_next/static/chunks/08i5_next_dist_0bovzun._.js:776
[  406805ms] [LOG] [Fast Refresh] done in 9ms @ http://localhost:3000/_next/static/chunks/08i5_next_dist_0bovzun._.js:776
[  406870ms] [LOG] [Fast Refresh] done in 9ms @ http://localhost:3000/_next/static/chunks/08i5_next_dist_0bovzun._.js:776
[  406927ms] [LOG] [Fast Refresh] done in 9ms @ http://localhost:3000/_next/static/chunks/08i5_next_dist_0bovzun._.js:776
[  406976ms] [LOG] [Fast Refresh] done in 9ms @ http://localhost:3000/_next/static/chunks/08i5_next_dist_0bovzun._.js:776
[  407026ms] [LOG] [Fast Refresh] done in 9ms @ http://localhost:3000/_next/static/chunks/08i5_next_dist_0bovzun._.js:776
[  407088ms] [LOG] [Fast Refresh] done in 9ms @ http://localhost:3000/_next/static/chunks/08i5_next_dist_0bovzun._.js:776
[  407138ms] [LOG] [Fast Refresh] done in 9ms @ http://localhost:3000/_next/static/chunks/08i5_next_dist_0bovzun._.js:776
[  407187ms] [LOG] [Fast Refresh] done in 9ms @ http://localhost:3000/_next/static/chunks/08i5_next_dist_0bovzun._.js:776
[  407246ms] [LOG] [Fast Refresh] done in 9ms @ http://localhost:3000/_next/static/chunks/08i5_next_dist_0bovzun._.js:776
[  407298ms] [LOG] [Fast Refresh] done in 9ms @ http://localhost:3000/_next/static/chunks/08i5_next_dist_0bovzun._.js:776
[  407354ms] [LOG] [Fast Refresh] done in 9ms @ http://localhost:3000/_next/static/chunks/08i5_next_dist_0bovzun._.js:776
[  407402ms] [LOG] [Fast Refresh] done in 9ms @ http://localhost:3000/_next/static/chunks/08i5_next_dist_0bovzun._.js:776
[  407452ms] [LOG] [Fast Refresh] done in 9ms @ http://localhost:3000/_next/static/chunks/08i5_next_dist_0bovzun._.js:776
[  407512ms] [LOG] [Fast Refresh] done in 9ms @ http://localhost:3000/_next/static/chunks/08i5_next_dist_0bovzun._.js:776
[  407574ms] [LOG] [Fast Refresh] done in 9ms @ http://localhost:3000/_next/static/chunks/08i5_next_dist_0bovzun._.js:776
[  407633ms] [LOG] [Fast Refresh] done in 9ms @ http://localhost:3000/_next/static/chunks/08i5_next_dist_0bovzun._.js:776
[  407678ms] [LOG] [Fast Refresh] done in 9ms @ http://localhost:3000/_next/static/chunks/08i5_next_dist_0bovzun._.js:776
[  407720ms] [LOG] [Fast Refresh] done in 9ms @ http://localhost:3000/_next/static/chunks/08i5_next_dist_0bovzun._.js:776
[  407762ms] [LOG] [Fast Refresh] done in 9ms @ http://localhost:3000/_next/static/chunks/08i5_next_dist_0bovzun._.js:776
[  407810ms] [LOG] [Fast Refresh] done in 9ms @ http://localhost:3000/_next/static/chunks/08i5_next_dist_0bovzun._.js:776
[  407856ms] [LOG] [Fast Refresh] done in 9ms @ http://localhost:3000/_next/static/chunks/08i5_next_dist_0bovzun._.js:776
[  407894ms] [LOG] [Fast Refresh] done in 9ms @ http://localhost:3000/_next/static/chunks/08i5_next_dist_0bovzun._.js:776
[  407935ms] [LOG] [Fast Refresh] done in 9ms @ http://localhost:3000/_next/static/chunks/08i5_next_dist_0bovzun._.js:776
[  407985ms] [LOG] [Fast Refresh] done in 9ms @ http://localhost:3000/_next/static/chunks/08i5_next_dist_0bovzun._.js:776
[  408034ms] [LOG] [Fast Refresh] done in 9ms @ http://localhost:3000/_next/static/chunks/08i5_next_dist_0bovzun._.js:776
[  408096ms] [LOG] [Fast Refresh] done in 9ms @ http://localhost:3000/_next/static/chunks/08i5_next_dist_0bovzun._.js:776
[  408159ms] [LOG] [Fast Refresh] done in 9ms @ http://localhost:3000/_next/static/chunks/08i5_next_dist_0bovzun._.js:776
[  408213ms] [LOG] [Fast Refresh] done in 9ms @ http://localhost:3000/_next/static/chunks/08i5_next_dist_0bovzun._.js:776
[  408255ms] [LOG] [Fast Refresh] done in 9ms @ http://localhost:3000/_next/static/chunks/08i5_next_dist_0bovzun._.js:776
[  408303ms] [LOG] [Fast Refresh] done in 9ms @ http://localhost:3000/_next/static/chunks/08i5_next_dist_0bovzun._.js:776
[  408345ms] [LOG] [Fast Refresh] done in 9ms @ http://localhost:3000/_next/static/chunks/08i5_next_dist_0bovzun._.js:776
[  408395ms] [LOG] [Fast Refresh] done in 9ms @ http://localhost:3000/_next/static/chunks/08i5_next_dist_0bovzun._.js:776
[  408442ms] [LOG] [Fast Refresh] done in 9ms @ http://localhost:3000/_next/static/chunks/08i5_next_dist_0bovzun._.js:776
[  408498ms] [LOG] [Fast Refresh] done in 9ms @ http://localhost:3000/_next/static/chunks/08i5_next_dist_0bovzun._.js:776
[  408539ms] [LOG] [Fast Refresh] done in 9ms @ http://localhost:3000/_next/static/chunks/08i5_next_dist_0bovzun._.js:776
[  408602ms] [LOG] [Fast Refresh] done in 9ms @ http://localhost:3000/_next/static/chunks/08i5_next_dist_0bovzun._.js:776
[  408658ms] [LOG] [Fast Refresh] done in 9ms @ http://localhost:3000/_next/static/chunks/08i5_next_dist_0bovzun._.js:776
[  408723ms] [LOG] [Fast Refresh] done in 9ms @ http://localhost:3000/_next/static/chunks/08i5_next_dist_0bovzun._.js:776
[  408776ms] [LOG] [Fast Refresh] done in 9ms @ http://localhost:3000/_next/static/chunks/08i5_next_dist_0bovzun._.js:776
[  408840ms] [LOG] [Fast Refresh] done in 9ms @ http://localhost:3000/_next/static/chunks/08i5_next_dist_0bovzun._.js:776
[  408889ms] [LOG] [Fast Refresh] done in 9ms @ http://localhost:3000/_next/static/chunks/08i5_next_dist_0bovzun._.js:776
[  408949ms] [LOG] [Fast Refresh] done in 9ms @ http://localhost:3000/_next/static/chunks/08i5_next_dist_0bovzun._.js:776
[  409012ms] [LOG] [Fast Refresh] done in 9ms @ http://localhost:3000/_next/static/chunks/08i5_next_dist_0bovzun._.js:776
[  409074ms] [LOG] [Fast Refresh] done in 9ms @ http://localhost:3000/_next/static/chunks/08i5_next_dist_0bovzun._.js:776
[  409130ms] [LOG] [Fast Refresh] done in 9ms @ http://localhost:3000/_next/static/chunks/08i5_next_dist_0bovzun._.js:776
[  409200ms] [LOG] [Fast Refresh] done in 9ms @ http://localhost:3000/_next/static/chunks/08i5_next_dist_0bovzun._.js:776
[  409257ms] [LOG] [Fast Refresh] done in 9ms @ http://localhost:3000/_next/static/chunks/08i5_next_dist_0bovzun._.js:776
[  409320ms] [LOG] [Fast Refresh] done in 9ms @ http://localhost:3000/_next/static/chunks/08i5_next_dist_0bovzun._.js:776
[  409375ms] [LOG] [Fast Refresh] done in 9ms @ http://localhost:3000/_next/static/chunks/08i5_next_dist_0bovzun._.js:776
[  409449ms] [LOG] [Fast Refresh] done in 9ms @ http://localhost:3000/_next/static/chunks/08i5_next_dist_0bovzun._.js:776
[  409501ms] [LOG] [Fast Refresh] done in 9ms @ http://localhost:3000/_next/static/chunks/08i5_next_dist_0bovzun._.js:776
[  409563ms] [LOG] [Fast Refresh] done in 9ms @ http://localhost:3000/_next/static/chunks/08i5_next_dist_0bovzun._.js:776
[  409613ms] [LOG] [Fast Refresh] done in 9ms @ http://localhost:3000/_next/static/chunks/08i5_next_dist_0bovzun._.js:776
[  409658ms] [LOG] [Fast Refresh] done in 9ms @ http://localhost:3000/_next/static/chunks/08i5_next_dist_0bovzun._.js:776
[  409717ms] [LOG] [Fast Refresh] done in 9ms @ http://localhost:3000/_next/static/chunks/08i5_next_dist_0bovzun._.js:776
[  409776ms] [LOG] [Fast Refresh] done in 9ms @ http://localhost:3000/_next/static/chunks/08i5_next_dist_0bovzun._.js:776
[  409827ms] [LOG] [Fast Refresh] done in 9ms @ http://localhost:3000/_next/static/chunks/08i5_next_dist_0bovzun._.js:776
[  409878ms] [LOG] [Fast Refresh] done in 9ms @ http://localhost:3000/_next/static/chunks/08i5_next_dist_0bovzun._.js:776
[  409950ms] [LOG] [Fast Refresh] done in 9ms @ http://localhost:3000/_next/static/chunks/08i5_next_dist_0bovzun._.js:776
[  410011ms] [LOG] [Fast Refresh] done in 9ms @ http://localhost:3000/_next/static/chunks/08i5_next_dist_0bovzun._.js:776
[  410073ms] [LOG] [Fast Refresh] done in 9ms @ http://localhost:3000/_next/static/chunks/08i5_next_dist_0bovzun._.js:776
[  410137ms] [LOG] [Fast Refresh] done in 9ms @ http://localhost:3000/_next/static/chunks/08i5_next_dist_0bovzun._.js:776
[  410190ms] [LOG] [Fast Refresh] done in 9ms @ http://localhost:3000/_next/static/chunks/08i5_next_dist_0bovzun._.js:776
[  410248ms] [LOG] [Fast Refresh] done in 9ms @ http://localhost:3000/_next/static/chunks/08i5_next_dist_0bovzun._.js:776
[  410305ms] [LOG] [Fast Refresh] done in 9ms @ http://localhost:3000/_next/static/chunks/08i5_next_dist_0bovzun._.js:776
[  410357ms] [LOG] [Fast Refresh] done in 9ms @ http://localhost:3000/_next/static/chunks/08i5_next_dist_0bovzun._.js:776
[  410421ms] [LOG] [Fast Refresh] done in 9ms @ http://localhost:3000/_next/static/chunks/08i5_next_dist_0bovzun._.js:776
[  410492ms] [LOG] [Fast Refresh] done in 9ms @ http://localhost:3000/_next/static/chunks/08i5_next_dist_0bovzun._.js:776
[  410545ms] [LOG] [Fast Refresh] done in 9ms @ http://localhost:3000/_next/static/chunks/08i5_next_dist_0bovzun._.js:776
[  410599ms] [LOG] [Fast Refresh] done in 9ms @ http://localhost:3000/_next/static/chunks/08i5_next_dist_0bovzun._.js:776
[  410652ms] [LOG] [Fast Refresh] done in 9ms @ http://localhost:3000/_next/static/chunks/08i5_next_dist_0bovzun._.js:776
[  410717ms] [LOG] [Fast Refresh] done in 9ms @ http://localhost:3000/_next/static/chunks/08i5_next_dist_0bovzun._.js:776
[  410766ms] [LOG] [Fast Refresh] done in 9ms @ http://localhost:3000/_next/static/chunks/08i5_next_dist_0bovzun._.js:776
[  410819ms] [LOG] [Fast Refresh] done in 9ms @ http://localhost:3000/_next/static/chunks/08i5_next_dist_0bovzun._.js:776
[  410882ms] [LOG] [Fast Refresh] done in 9ms @ http://localhost:3000/_next/static/chunks/08i5_next_dist_0bovzun._.js:776
[  410937ms] [LOG] [Fast Refresh] done in 9ms @ http://localhost:3000/_next/static/chunks/08i5_next_dist_0bovzun._.js:776
[  410996ms] [LOG] [Fast Refresh] done in 9ms @ http://localhost:3000/_next/static/chunks/08i5_next_dist_0bovzun._.js:776
[  411048ms] [LOG] [Fast Refresh] done in 9ms @ http://localhost:3000/_next/static/chunks/08i5_next_dist_0bovzun._.js:776
[  411105ms] [LOG] [Fast Refresh] done in 9ms @ http://localhost:3000/_next/static/chunks/08i5_next_dist_0bovzun._.js:776
[  411167ms] [LOG] [Fast Refresh] done in 9ms @ http://localhost:3000/_next/static/chunks/08i5_next_dist_0bovzun._.js:776
[  411216ms] [LOG] [Fast Refresh] done in 9ms @ http://localhost:3000/_next/static/chunks/08i5_next_dist_0bovzun._.js:776
[  411280ms] [LOG] [Fast Refresh] done in 9ms @ http://localhost:3000/_next/static/chunks/08i5_next_dist_0bovzun._.js:776
[  411344ms] [LOG] [Fast Refresh] done in 9ms @ http://localhost:3000/_next/static/chunks/08i5_next_dist_0bovzun._.js:776
[  411419ms] [LOG] [Fast Refresh] done in 9ms @ http://localhost:3000/_next/static/chunks/08i5_next_dist_0bovzun._.js:776
[  411482ms] [LOG] [Fast Refresh] done in 9ms @ http://localhost:3000/_next/static/chunks/08i5_next_dist_0bovzun._.js:776
[  411534ms] [LOG] [Fast Refresh] done in 9ms @ http://localhost:3000/_next/static/chunks/08i5_next_dist_0bovzun._.js:776
[  411595ms] [LOG] [Fast Refresh] done in 9ms @ http://localhost:3000/_next/static/chunks/08i5_next_dist_0bovzun._.js:776
[  411644ms] [LOG] [Fast Refresh] done in 9ms @ http://localhost:3000/_next/static/chunks/08i5_next_dist_0bovzun._.js:776
[  411715ms] [LOG] [Fast Refresh] done in 9ms @ http://localhost:3000/_next/static/chunks/08i5_next_dist_0bovzun._.js:776
[  411777ms] [LOG] [Fast Refresh] done in 9ms @ http://localhost:3000/_next/static/chunks/08i5_next_dist_0bovzun._.js:776
[  411834ms] [LOG] [Fast Refresh] done in 9ms @ http://localhost:3000/_next/static/chunks/08i5_next_dist_0bovzun._.js:776
[  411887ms] [LOG] [Fast Refresh] done in 9ms @ http://localhost:3000/_next/static/chunks/08i5_next_dist_0bovzun._.js:776
[  411950ms] [LOG] [Fast Refresh] done in 9ms @ http://localhost:3000/_next/static/chunks/08i5_next_dist_0bovzun._.js:776
[  412021ms] [LOG] [Fast Refresh] done in 9ms @ http://localhost:3000/_next/static/chunks/08i5_next_dist_0bovzun._.js:776
[  412084ms] [LOG] [Fast Refresh] done in 9ms @ http://localhost:3000/_next/static/chunks/08i5_next_dist_0bovzun._.js:776
[  412150ms] [LOG] [Fast Refresh] done in 9ms @ http://localhost:3000/_next/static/chunks/08i5_next_dist_0bovzun._.js:776
[  412216ms] [LOG] [Fast Refresh] done in 9ms @ http://localhost:3000/_next/static/chunks/08i5_next_dist_0bovzun._.js:776
[  412276ms] [LOG] [Fast Refresh] done in 9ms @ http://localhost:3000/_next/static/chunks/08i5_next_dist_0bovzun._.js:776
[  412331ms] [LOG] [Fast Refresh] done in 9ms @ http://localhost:3000/_next/static/chunks/08i5_next_dist_0bovzun._.js:776
[  412391ms] [LOG] [Fast Refresh] done in 9ms @ http://localhost:3000/_next/static/chunks/08i5_next_dist_0bovzun._.js:776
[  412450ms] [LOG] [Fast Refresh] done in 9ms @ http://localhost:3000/_next/static/chunks/08i5_next_dist_0bovzun._.js:776
[  412511ms] [LOG] [Fast Refresh] done in 9ms @ http://localhost:3000/_next/static/chunks/08i5_next_dist_0bovzun._.js:776
[  412567ms] [LOG] [Fast Refresh] done in 9ms @ http://localhost:3000/_next/static/chunks/08i5_next_dist_0bovzun._.js:776
[  412616ms] [LOG] [Fast Refresh] done in 9ms @ http://localhost:3000/_next/static/chunks/08i5_next_dist_0bovzun._.js:776
[  412662ms] [LOG] [Fast Refresh] done in 9ms @ http://localhost:3000/_next/static/chunks/08i5_next_dist_0bovzun._.js:776
[  412726ms] [LOG] [Fast Refresh] done in 9ms @ http://localhost:3000/_next/static/chunks/08i5_next_dist_0bovzun._.js:776
[  412783ms] [LOG] [Fast Refresh] done in 9ms @ http://localhost:3000/_next/static/chunks/08i5_next_dist_0bovzun._.js:776
[  412827ms] [LOG] [Fast Refresh] done in 9ms @ http://localhost:3000/_next/static/chunks/08i5_next_dist_0bovzun._.js:776
[  412880ms] [LOG] [Fast Refresh] done in 9ms @ http://localhost:3000/_next/static/chunks/08i5_next_dist_0bovzun._.js:776
[  412939ms] [LOG] [Fast Refresh] done in 9ms @ http://localhost:3000/_next/static/chunks/08i5_next_dist_0bovzun._.js:776
[  412991ms] [LOG] [Fast Refresh] done in 9ms @ http://localhost:3000/_next/static/chunks/08i5_next_dist_0bovzun._.js:776
[  413041ms] [LOG] [Fast Refresh] done in 9ms @ http://localhost:3000/_next/static/chunks/08i5_next_dist_0bovzun._.js:776
[  413105ms] [LOG] [Fast Refresh] done in 9ms @ http://localhost:3000/_next/static/chunks/08i5_next_dist_0bovzun._.js:776
[  413158ms] [LOG] [Fast Refresh] done in 9ms @ http://localhost:3000/_next/static/chunks/08i5_next_dist_0bovzun._.js:776
[  413201ms] [LOG] [Fast Refresh] done in 9ms @ http://localhost:3000/_next/static/chunks/08i5_next_dist_0bovzun._.js:776
[  413243ms] [LOG] [Fast Refresh] done in 9ms @ http://localhost:3000/_next/static/chunks/08i5_next_dist_0bovzun._.js:776
[  413296ms] [LOG] [Fast Refresh] done in 9ms @ http://localhost:3000/_next/static/chunks/08i5_next_dist_0bovzun._.js:776
[  413341ms] [LOG] [Fast Refresh] done in 9ms @ http://localhost:3000/_next/static/chunks/08i5_next_dist_0bovzun._.js:776
[  413394ms] [LOG] [Fast Refresh] done in 9ms @ http://localhost:3000/_next/static/chunks/08i5_next_dist_0bovzun._.js:776
[  413437ms] [LOG] [Fast Refresh] done in 9ms @ http://localhost:3000/_next/static/chunks/08i5_next_dist_0bovzun._.js:776
[  413491ms] [LOG] [Fast Refresh] done in 9ms @ http://localhost:3000/_next/static/chunks/08i5_next_dist_0bovzun._.js:776
[  413532ms] [LOG] [Fast Refresh] done in 9ms @ http://localhost:3000/_next/static/chunks/08i5_next_dist_0bovzun._.js:776
[  413577ms] [LOG] [Fast Refresh] done in 9ms @ http://localhost:3000/_next/static/chunks/08i5_next_dist_0bovzun._.js:776
[  413642ms] [LOG] [Fast Refresh] done in 9ms @ http://localhost:3000/_next/static/chunks/08i5_next_dist_0bovzun._.js:776
[  413703ms] [LOG] [Fast Refresh] done in 9ms @ http://localhost:3000/_next/static/chunks/08i5_next_dist_0bovzun._.js:776
[  413762ms] [LOG] [Fast Refresh] done in 9ms @ http://localhost:3000/_next/static/chunks/08i5_next_dist_0bovzun._.js:776
[  413824ms] [LOG] [Fast Refresh] done in 9ms @ http://localhost:3000/_next/static/chunks/08i5_next_dist_0bovzun._.js:776
[  413886ms] [LOG] [Fast Refresh] done in 9ms @ http://localhost:3000/_next/static/chunks/08i5_next_dist_0bovzun._.js:776
[  413938ms] [LOG] [Fast Refresh] done in 9ms @ http://localhost:3000/_next/static/chunks/08i5_next_dist_0bovzun._.js:776
[  414012ms] [LOG] [Fast Refresh] done in 9ms @ http://localhost:3000/_next/static/chunks/08i5_next_dist_0bovzun._.js:776
[  414075ms] [LOG] [Fast Refresh] done in 9ms @ http://localhost:3000/_next/static/chunks/08i5_next_dist_0bovzun._.js:776
[  414138ms] [LOG] [Fast Refresh] done in 9ms @ http://localhost:3000/_next/static/chunks/08i5_next_dist_0bovzun._.js:776
[  414188ms] [LOG] [Fast Refresh] done in 9ms @ http://localhost:3000/_next/static/chunks/08i5_next_dist_0bovzun._.js:776
[  414253ms] [LOG] [Fast Refresh] done in 9ms @ http://localhost:3000/_next/static/chunks/08i5_next_dist_0bovzun._.js:776
[  414307ms] [LOG] [Fast Refresh] done in 9ms @ http://localhost:3000/_next/static/chunks/08i5_next_dist_0bovzun._.js:776
[  414371ms] [LOG] [Fast Refresh] done in 9ms @ http://localhost:3000/_next/static/chunks/08i5_next_dist_0bovzun._.js:776
[  414425ms] [LOG] [Fast Refresh] done in 9ms @ http://localhost:3000/_next/static/chunks/08i5_next_dist_0bovzun._.js:776
[  414480ms] [LOG] [Fast Refresh] done in 9ms @ http://localhost:3000/_next/static/chunks/08i5_next_dist_0bovzun._.js:776
[  414543ms] [LOG] [Fast Refresh] done in 9ms @ http://localhost:3000/_next/static/chunks/08i5_next_dist_0bovzun._.js:776
[  414600ms] [LOG] [Fast Refresh] done in 9ms @ http://localhost:3000/_next/static/chunks/08i5_next_dist_0bovzun._.js:776
[  414653ms] [LOG] [Fast Refresh] done in 9ms @ http://localhost:3000/_next/static/chunks/08i5_next_dist_0bovzun._.js:776
[  414716ms] [LOG] [Fast Refresh] done in 9ms @ http://localhost:3000/_next/static/chunks/08i5_next_dist_0bovzun._.js:776
[  414780ms] [LOG] [Fast Refresh] done in 9ms @ http://localhost:3000/_next/static/chunks/08i5_next_dist_0bovzun._.js:776
[  414856ms] [LOG] [Fast Refresh] done in 9ms @ http://localhost:3000/_next/static/chunks/08i5_next_dist_0bovzun._.js:776
[  414901ms] [LOG] [Fast Refresh] done in 9ms @ http://localhost:3000/_next/static/chunks/08i5_next_dist_0bovzun._.js:776
[  414965ms] [LOG] [Fast Refresh] done in 9ms @ http://localhost:3000/_next/static/chunks/08i5_next_dist_0bovzun._.js:776
[  415014ms] [LOG] [Fast Refresh] done in 9ms @ http://localhost:3000/_next/static/chunks/08i5_next_dist_0bovzun._.js:776
[  415086ms] [LOG] [Fast Refresh] done in 9ms @ http://localhost:3000/_next/static/chunks/08i5_next_dist_0bovzun._.js:776
[  415139ms] [LOG] [Fast Refresh] done in 9ms @ http://localhost:3000/_next/static/chunks/08i5_next_dist_0bovzun._.js:776
[  415199ms] [LOG] [Fast Refresh] done in 9ms @ http://localhost:3000/_next/static/chunks/08i5_next_dist_0bovzun._.js:776
[  415250ms] [LOG] [Fast Refresh] done in 9ms @ http://localhost:3000/_next/static/chunks/08i5_next_dist_0bovzun._.js:776
[  415308ms] [LOG] [Fast Refresh] done in 9ms @ http://localhost:3000/_next/static/chunks/08i5_next_dist_0bovzun._.js:776
[  415368ms] [LOG] [Fast Refresh] done in 9ms @ http://localhost:3000/_next/static/chunks/08i5_next_dist_0bovzun._.js:776
[  415434ms] [LOG] [Fast Refresh] done in 9ms @ http://localhost:3000/_next/static/chunks/08i5_next_dist_0bovzun._.js:776
[  415497ms] [LOG] [Fast Refresh] done in 9ms @ http://localhost:3000/_next/static/chunks/08i5_next_dist_0bovzun._.js:776
[  415559ms] [LOG] [Fast Refresh] done in 9ms @ http://localhost:3000/_next/static/chunks/08i5_next_dist_0bovzun._.js:776
[  415621ms] [LOG] [Fast Refresh] done in 9ms @ http://localhost:3000/_next/static/chunks/08i5_next_dist_0bovzun._.js:776
[  415658ms] [LOG] [Fast Refresh] done in 9ms @ http://localhost:3000/_next/static/chunks/08i5_next_dist_0bovzun._.js:776
[  415729ms] [LOG] [Fast Refresh] done in 9ms @ http://localhost:3000/_next/static/chunks/08i5_next_dist_0bovzun._.js:776
[  415790ms] [LOG] [Fast Refresh] done in 9ms @ http://localhost:3000/_next/static/chunks/08i5_next_dist_0bovzun._.js:776
[  415859ms] [LOG] [Fast Refresh] done in 9ms @ http://localhost:3000/_next/static/chunks/08i5_next_dist_0bovzun._.js:776
[  415908ms] [LOG] [Fast Refresh] done in 9ms @ http://localhost:3000/_next/static/chunks/08i5_next_dist_0bovzun._.js:776
[  415960ms] [LOG] [Fast Refresh] done in 9ms @ http://localhost:3000/_next/static/chunks/08i5_next_dist_0bovzun._.js:776
[  416019ms] [LOG] [Fast Refresh] done in 9ms @ http://localhost:3000/_next/static/chunks/08i5_next_dist_0bovzun._.js:776
[  416069ms] [LOG] [Fast Refresh] done in 9ms @ http://localhost:3000/_next/static/chunks/08i5_next_dist_0bovzun._.js:776
[  416122ms] [LOG] [Fast Refresh] done in 9ms @ http://localhost:3000/_next/static/chunks/08i5_next_dist_0bovzun._.js:776
[  416199ms] [LOG] [Fast Refresh] done in 9ms @ http://localhost:3000/_next/static/chunks/08i5_next_dist_0bovzun._.js:776
[  416262ms] [LOG] [Fast Refresh] done in 9ms @ http://localhost:3000/_next/static/chunks/08i5_next_dist_0bovzun._.js:776
[  416341ms] [LOG] [Fast Refresh] done in 9ms @ http://localhost:3000/_next/static/chunks/08i5_next_dist_0bovzun._.js:776
[  416402ms] [LOG] [Fast Refresh] done in 9ms @ http://localhost:3000/_next/static/chunks/08i5_next_dist_0bovzun._.js:776
[  416452ms] [LOG] [Fast Refresh] done in 9ms @ http://localhost:3000/_next/static/chunks/08i5_next_dist_0bovzun._.js:776
[  416512ms] [LOG] [Fast Refresh] done in 9ms @ http://localhost:3000/_next/static/chunks/08i5_next_dist_0bovzun._.js:776
[  416570ms] [LOG] [Fast Refresh] done in 9ms @ http://localhost:3000/_next/static/chunks/08i5_next_dist_0bovzun._.js:776
[  416633ms] [LOG] [Fast Refresh] done in 9ms @ http://localhost:3000/_next/static/chunks/08i5_next_dist_0bovzun._.js:776
[  416695ms] [LOG] [Fast Refresh] done in 9ms @ http://localhost:3000/_next/static/chunks/08i5_next_dist_0bovzun._.js:776
[  416762ms] [LOG] [Fast Refresh] done in 9ms @ http://localhost:3000/_next/static/chunks/08i5_next_dist_0bovzun._.js:776
[  416827ms] [LOG] [Fast Refresh] done in 9ms @ http://localhost:3000/_next/static/chunks/08i5_next_dist_0bovzun._.js:776
[  416886ms] [LOG] [Fast Refresh] done in 9ms @ http://localhost:3000/_next/static/chunks/08i5_next_dist_0bovzun._.js:776
[  416949ms] [LOG] [Fast Refresh] done in 9ms @ http://localhost:3000/_next/static/chunks/08i5_next_dist_0bovzun._.js:776
[  417011ms] [LOG] [Fast Refresh] done in 9ms @ http://localhost:3000/_next/static/chunks/08i5_next_dist_0bovzun._.js:776
[  417064ms] [LOG] [Fast Refresh] done in 9ms @ http://localhost:3000/_next/static/chunks/08i5_next_dist_0bovzun._.js:776
[  417126ms] [LOG] [Fast Refresh] done in 9ms @ http://localhost:3000/_next/static/chunks/08i5_next_dist_0bovzun._.js:776
[  417199ms] [LOG] [Fast Refresh] done in 9ms @ http://localhost:3000/_next/static/chunks/08i5_next_dist_0bovzun._.js:776
[  417261ms] [LOG] [Fast Refresh] done in 9ms @ http://localhost:3000/_next/static/chunks/08i5_next_dist_0bovzun._.js:776
[  417309ms] [LOG] [Fast Refresh] done in 9ms @ http://localhost:3000/_next/static/chunks/08i5_next_dist_0bovzun._.js:776
[  417362ms] [LOG] [Fast Refresh] done in 9ms @ http://localhost:3000/_next/static/chunks/08i5_next_dist_0bovzun._.js:776
[  417418ms] [LOG] [Fast Refresh] done in 9ms @ http://localhost:3000/_next/static/chunks/08i5_next_dist_0bovzun._.js:776
[  417480ms] [LOG] [Fast Refresh] done in 9ms @ http://localhost:3000/_next/static/chunks/08i5_next_dist_0bovzun._.js:776
[  417542ms] [LOG] [Fast Refresh] done in 9ms @ http://localhost:3000/_next/static/chunks/08i5_next_dist_0bovzun._.js:776
[  417595ms] [LOG] [Fast Refresh] done in 9ms @ http://localhost:3000/_next/static/chunks/08i5_next_dist_0bovzun._.js:776
[  417637ms] [LOG] [Fast Refresh] done in 9ms @ http://localhost:3000/_next/static/chunks/08i5_next_dist_0bovzun._.js:776
[  417685ms] [LOG] [Fast Refresh] done in 9ms @ http://localhost:3000/_next/static/chunks/08i5_next_dist_0bovzun._.js:776
[  417734ms] [LOG] [Fast Refresh] done in 9ms @ http://localhost:3000/_next/static/chunks/08i5_next_dist_0bovzun._.js:776
[  417793ms] [LOG] [Fast Refresh] done in 9ms @ http://localhost:3000/_next/static/chunks/08i5_next_dist_0bovzun._.js:776
[  417833ms] [LOG] [Fast Refresh] done in 9ms @ http://localhost:3000/_next/static/chunks/08i5_next_dist_0bovzun._.js:776
[  417887ms] [LOG] [Fast Refresh] done in 9ms @ http://localhost:3000/_next/static/chunks/08i5_next_dist_0bovzun._.js:776
[  417949ms] [LOG] [Fast Refresh] done in 9ms @ http://localhost:3000/_next/static/chunks/08i5_next_dist_0bovzun._.js:776
[  418005ms] [LOG] [Fast Refresh] done in 9ms @ http://localhost:3000/_next/static/chunks/08i5_next_dist_0bovzun._.js:776
[  418058ms] [LOG] [Fast Refresh] done in 9ms @ http://localhost:3000/_next/static/chunks/08i5_next_dist_0bovzun._.js:776
[  418111ms] [LOG] [Fast Refresh] done in 9ms @ http://localhost:3000/_next/static/chunks/08i5_next_dist_0bovzun._.js:776
[  418172ms] [LOG] [Fast Refresh] done in 9ms @ http://localhost:3000/_next/static/chunks/08i5_next_dist_0bovzun._.js:776
[  418214ms] [LOG] [Fast Refresh] done in 9ms @ http://localhost:3000/_next/static/chunks/08i5_next_dist_0bovzun._.js:776
[  418255ms] [LOG] [Fast Refresh] done in 9ms @ http://localhost:3000/_next/static/chunks/08i5_next_dist_0bovzun._.js:776
[  418304ms] [LOG] [Fast Refresh] done in 9ms @ http://localhost:3000/_next/static/chunks/08i5_next_dist_0bovzun._.js:776
[  418356ms] [LOG] [Fast Refresh] done in 9ms @ http://localhost:3000/_next/static/chunks/08i5_next_dist_0bovzun._.js:776
[  418408ms] [LOG] [Fast Refresh] done in 9ms @ http://localhost:3000/_next/static/chunks/08i5_next_dist_0bovzun._.js:776
[  418449ms] [LOG] [Fast Refresh] done in 9ms @ http://localhost:3000/_next/static/chunks/08i5_next_dist_0bovzun._.js:776
[  418491ms] [LOG] [Fast Refresh] done in 9ms @ http://localhost:3000/_next/static/chunks/08i5_next_dist_0bovzun._.js:776
[  418533ms] [LOG] [Fast Refresh] done in 9ms @ http://localhost:3000/_next/static/chunks/08i5_next_dist_0bovzun._.js:776
[  418588ms] [LOG] [Fast Refresh] done in 9ms @ http://localhost:3000/_next/static/chunks/08i5_next_dist_0bovzun._.js:776
[  418644ms] [LOG] [Fast Refresh] done in 9ms @ http://localhost:3000/_next/static/chunks/08i5_next_dist_0bovzun._.js:776
[  418697ms] [LOG] [Fast Refresh] done in 9ms @ http://localhost:3000/_next/static/chunks/08i5_next_dist_0bovzun._.js:776
[  418753ms] [LOG] [Fast Refresh] done in 9ms @ http://localhost:3000/_next/static/chunks/08i5_next_dist_0bovzun._.js:776
[  418816ms] [LOG] [Fast Refresh] done in 9ms @ http://localhost:3000/_next/static/chunks/08i5_next_dist_0bovzun._.js:776
[  418875ms] [LOG] [Fast Refresh] done in 9ms @ http://localhost:3000/_next/static/chunks/08i5_next_dist_0bovzun._.js:776
[  418926ms] [LOG] [Fast Refresh] done in 9ms @ http://localhost:3000/_next/static/chunks/08i5_next_dist_0bovzun._.js:776
[  418980ms] [LOG] [Fast Refresh] done in 9ms @ http://localhost:3000/_next/static/chunks/08i5_next_dist_0bovzun._.js:776
[  419040ms] [LOG] [Fast Refresh] done in 9ms @ http://localhost:3000/_next/static/chunks/08i5_next_dist_0bovzun._.js:776
[  419098ms] [LOG] [Fast Refresh] done in 9ms @ http://localhost:3000/_next/static/chunks/08i5_next_dist_0bovzun._.js:776
[  419153ms] [LOG] [Fast Refresh] done in 9ms @ http://localhost:3000/_next/static/chunks/08i5_next_dist_0bovzun._.js:776
[  419226ms] [LOG] [Fast Refresh] done in 9ms @ http://localhost:3000/_next/static/chunks/08i5_next_dist_0bovzun._.js:776
[  419278ms] [LOG] [Fast Refresh] done in 9ms @ http://localhost:3000/_next/static/chunks/08i5_next_dist_0bovzun._.js:776
[  419342ms] [LOG] [Fast Refresh] done in 9ms @ http://localhost:3000/_next/static/chunks/08i5_next_dist_0bovzun._.js:776
[  419407ms] [LOG] [Fast Refresh] done in 9ms @ http://localhost:3000/_next/static/chunks/08i5_next_dist_0bovzun._.js:776
[  419459ms] [LOG] [Fast Refresh] done in 9ms @ http://localhost:3000/_next/static/chunks/08i5_next_dist_0bovzun._.js:776
[  419499ms] [LOG] [Fast Refresh] done in 9ms @ http://localhost:3000/_next/static/chunks/08i5_next_dist_0bovzun._.js:776
[  419554ms] [LOG] [Fast Refresh] done in 9ms @ http://localhost:3000/_next/static/chunks/08i5_next_dist_0bovzun._.js:776
[  419609ms] [LOG] [Fast Refresh] done in 9ms @ http://localhost:3000/_next/static/chunks/08i5_next_dist_0bovzun._.js:776
[  419660ms] [LOG] [Fast Refresh] done in 9ms @ http://localhost:3000/_next/static/chunks/08i5_next_dist_0bovzun._.js:776
[  419711ms] [LOG] [Fast Refresh] done in 9ms @ http://localhost:3000/_next/static/chunks/08i5_next_dist_0bovzun._.js:776
[  419761ms] [LOG] [Fast Refresh] done in 9ms @ http://localhost:3000/_next/static/chunks/08i5_next_dist_0bovzun._.js:776
[  419825ms] [LOG] [Fast Refresh] done in 9ms @ http://localhost:3000/_next/static/chunks/08i5_next_dist_0bovzun._.js:776
[  419887ms] [LOG] [Fast Refresh] done in 9ms @ http://localhost:3000/_next/static/chunks/08i5_next_dist_0bovzun._.js:776
[  419937ms] [LOG] [Fast Refresh] done in 9ms @ http://localhost:3000/_next/static/chunks/08i5_next_dist_0bovzun._.js:776
[  419996ms] [LOG] [Fast Refresh] done in 9ms @ http://localhost:3000/_next/static/chunks/08i5_next_dist_0bovzun._.js:776
[  420062ms] [LOG] [Fast Refresh] done in 9ms @ http://localhost:3000/_next/static/chunks/08i5_next_dist_0bovzun._.js:776
[  420122ms] [LOG] [Fast Refresh] done in 9ms @ http://localhost:3000/_next/static/chunks/08i5_next_dist_0bovzun._.js:776
[  420185ms] [LOG] [Fast Refresh] done in 9ms @ http://localhost:3000/_next/static/chunks/08i5_next_dist_0bovzun._.js:776
[  420246ms] [LOG] [Fast Refresh] done in 9ms @ http://localhost:3000/_next/static/chunks/08i5_next_dist_0bovzun._.js:776
[  420299ms] [LOG] [Fast Refresh] done in 9ms @ http://localhost:3000/_next/static/chunks/08i5_next_dist_0bovzun._.js:776
[  420363ms] [LOG] [Fast Refresh] done in 9ms @ http://localhost:3000/_next/static/chunks/08i5_next_dist_0bovzun._.js:776
[  420425ms] [LOG] [Fast Refresh] done in 9ms @ http://localhost:3000/_next/static/chunks/08i5_next_dist_0bovzun._.js:776
[  420495ms] [LOG] [Fast Refresh] done in 9ms @ http://localhost:3000/_next/static/chunks/08i5_next_dist_0bovzun._.js:776
[  420543ms] [LOG] [Fast Refresh] done in 9ms @ http://localhost:3000/_next/static/chunks/08i5_next_dist_0bovzun._.js:776
[  420606ms] [LOG] [Fast Refresh] done in 9ms @ http://localhost:3000/_next/static/chunks/08i5_next_dist_0bovzun._.js:776
[  420665ms] [LOG] [Fast Refresh] done in 9ms @ http://localhost:3000/_next/static/chunks/08i5_next_dist_0bovzun._.js:776
[  420731ms] [LOG] [Fast Refresh] done in 9ms @ http://localhost:3000/_next/static/chunks/08i5_next_dist_0bovzun._.js:776
[  420788ms] [LOG] [Fast Refresh] done in 9ms @ http://localhost:3000/_next/static/chunks/08i5_next_dist_0bovzun._.js:776
[  420840ms] [LOG] [Fast Refresh] done in 9ms @ http://localhost:3000/_next/static/chunks/08i5_next_dist_0bovzun._.js:776
[  420889ms] [LOG] [Fast Refresh] done in 9ms @ http://localhost:3000/_next/static/chunks/08i5_next_dist_0bovzun._.js:776
[  420953ms] [LOG] [Fast Refresh] done in 9ms @ http://localhost:3000/_next/static/chunks/08i5_next_dist_0bovzun._.js:776
[  421013ms] [LOG] [Fast Refresh] done in 9ms @ http://localhost:3000/_next/static/chunks/08i5_next_dist_0bovzun._.js:776
[  421057ms] [LOG] [Fast Refresh] done in 9ms @ http://localhost:3000/_next/static/chunks/08i5_next_dist_0bovzun._.js:776
[  421107ms] [LOG] [Fast Refresh] done in 9ms @ http://localhost:3000/_next/static/chunks/08i5_next_dist_0bovzun._.js:776
[  421182ms] [LOG] [Fast Refresh] done in 9ms @ http://localhost:3000/_next/static/chunks/08i5_next_dist_0bovzun._.js:776
[  421248ms] [LOG] [Fast Refresh] done in 9ms @ http://localhost:3000/_next/static/chunks/08i5_next_dist_0bovzun._.js:776
[  421309ms] [LOG] [Fast Refresh] done in 9ms @ http://localhost:3000/_next/static/chunks/08i5_next_dist_0bovzun._.js:776
[  421376ms] [LOG] [Fast Refresh] done in 9ms @ http://localhost:3000/_next/static/chunks/08i5_next_dist_0bovzun._.js:776
[  421433ms] [LOG] [Fast Refresh] done in 9ms @ http://localhost:3000/_next/static/chunks/08i5_next_dist_0bovzun._.js:776
[  421499ms] [LOG] [Fast Refresh] done in 9ms @ http://localhost:3000/_next/static/chunks/08i5_next_dist_0bovzun._.js:776
[  421555ms] [LOG] [Fast Refresh] done in 9ms @ http://localhost:3000/_next/static/chunks/08i5_next_dist_0bovzun._.js:776
[  421611ms] [LOG] [Fast Refresh] done in 9ms @ http://localhost:3000/_next/static/chunks/08i5_next_dist_0bovzun._.js:776
[  421667ms] [LOG] [Fast Refresh] done in 9ms @ http://localhost:3000/_next/static/chunks/08i5_next_dist_0bovzun._.js:776
[  421730ms] [LOG] [Fast Refresh] done in 9ms @ http://localhost:3000/_next/static/chunks/08i5_next_dist_0bovzun._.js:776
[  421795ms] [LOG] [Fast Refresh] done in 9ms @ http://localhost:3000/_next/static/chunks/08i5_next_dist_0bovzun._.js:776
[  421852ms] [LOG] [Fast Refresh] done in 9ms @ http://localhost:3000/_next/static/chunks/08i5_next_dist_0bovzun._.js:776
[  421907ms] [LOG] [Fast Refresh] done in 9ms @ http://localhost:3000/_next/static/chunks/08i5_next_dist_0bovzun._.js:776
[  421964ms] [LOG] [Fast Refresh] done in 9ms @ http://localhost:3000/_next/static/chunks/08i5_next_dist_0bovzun._.js:776
[  422027ms] [LOG] [Fast Refresh] done in 9ms @ http://localhost:3000/_next/static/chunks/08i5_next_dist_0bovzun._.js:776
[  422090ms] [LOG] [Fast Refresh] done in 9ms @ http://localhost:3000/_next/static/chunks/08i5_next_dist_0bovzun._.js:776
[  422155ms] [LOG] [Fast Refresh] done in 9ms @ http://localhost:3000/_next/static/chunks/08i5_next_dist_0bovzun._.js:776
[  422222ms] [LOG] [Fast Refresh] done in 9ms @ http://localhost:3000/_next/static/chunks/08i5_next_dist_0bovzun._.js:776
[  422288ms] [LOG] [Fast Refresh] done in 9ms @ http://localhost:3000/_next/static/chunks/08i5_next_dist_0bovzun._.js:776
[  422340ms] [LOG] [Fast Refresh] done in 9ms @ http://localhost:3000/_next/static/chunks/08i5_next_dist_0bovzun._.js:776
[  422396ms] [LOG] [Fast Refresh] done in 9ms @ http://localhost:3000/_next/static/chunks/08i5_next_dist_0bovzun._.js:776
[  422453ms] [LOG] [Fast Refresh] done in 9ms @ http://localhost:3000/_next/static/chunks/08i5_next_dist_0bovzun._.js:776
[  422512ms] [LOG] [Fast Refresh] done in 9ms @ http://localhost:3000/_next/static/chunks/08i5_next_dist_0bovzun._.js:776
[  422568ms] [LOG] [Fast Refresh] done in 9ms @ http://localhost:3000/_next/static/chunks/08i5_next_dist_0bovzun._.js:776
[  422616ms] [LOG] [Fast Refresh] done in 9ms @ http://localhost:3000/_next/static/chunks/08i5_next_dist_0bovzun._.js:776
[  422668ms] [LOG] [Fast Refresh] done in 9ms @ http://localhost:3000/_next/static/chunks/08i5_next_dist_0bovzun._.js:776
[  422731ms] [LOG] [Fast Refresh] done in 9ms @ http://localhost:3000/_next/static/chunks/08i5_next_dist_0bovzun._.js:776
[  422783ms] [LOG] [Fast Refresh] done in 9ms @ http://localhost:3000/_next/static/chunks/08i5_next_dist_0bovzun._.js:776
[  422841ms] [LOG] [Fast Refresh] done in 9ms @ http://localhost:3000/_next/static/chunks/08i5_next_dist_0bovzun._.js:776
[  422882ms] [LOG] [Fast Refresh] done in 9ms @ http://localhost:3000/_next/static/chunks/08i5_next_dist_0bovzun._.js:776
[  422936ms] [LOG] [Fast Refresh] done in 9ms @ http://localhost:3000/_next/static/chunks/08i5_next_dist_0bovzun._.js:776
[  422977ms] [LOG] [Fast Refresh] done in 9ms @ http://localhost:3000/_next/static/chunks/08i5_next_dist_0bovzun._.js:776
[  423025ms] [LOG] [Fast Refresh] done in 9ms @ http://localhost:3000/_next/static/chunks/08i5_next_dist_0bovzun._.js:776
[  423074ms] [LOG] [Fast Refresh] done in 9ms @ http://localhost:3000/_next/static/chunks/08i5_next_dist_0bovzun._.js:776
[  423140ms] [LOG] [Fast Refresh] done in 9ms @ http://localhost:3000/_next/static/chunks/08i5_next_dist_0bovzun._.js:776
[  423193ms] [LOG] [Fast Refresh] done in 9ms @ http://localhost:3000/_next/static/chunks/08i5_next_dist_0bovzun._.js:776
[  423234ms] [LOG] [Fast Refresh] done in 9ms @ http://localhost:3000/_next/static/chunks/08i5_next_dist_0bovzun._.js:776
[  423286ms] [LOG] [Fast Refresh] done in 9ms @ http://localhost:3000/_next/static/chunks/08i5_next_dist_0bovzun._.js:776
[  423324ms] [LOG] [Fast Refresh] done in 9ms @ http://localhost:3000/_next/static/chunks/08i5_next_dist_0bovzun._.js:776
[  423382ms] [LOG] [Fast Refresh] done in 9ms @ http://localhost:3000/_next/static/chunks/08i5_next_dist_0bovzun._.js:776
[  423429ms] [LOG] [Fast Refresh] done in 9ms @ http://localhost:3000/_next/static/chunks/08i5_next_dist_0bovzun._.js:776
[  423477ms] [LOG] [Fast Refresh] done in 9ms @ http://localhost:3000/_next/static/chunks/08i5_next_dist_0bovzun._.js:776
[  423523ms] [LOG] [Fast Refresh] done in 9ms @ http://localhost:3000/_next/static/chunks/08i5_next_dist_0bovzun._.js:776
[  423561ms] [LOG] [Fast Refresh] done in 9ms @ http://localhost:3000/_next/static/chunks/08i5_next_dist_0bovzun._.js:776
[  423620ms] [LOG] [Fast Refresh] done in 9ms @ http://localhost:3000/_next/static/chunks/08i5_next_dist_0bovzun._.js:776
[  423683ms] [LOG] [Fast Refresh] done in 9ms @ http://localhost:3000/_next/static/chunks/08i5_next_dist_0bovzun._.js:776
[  423748ms] [LOG] [Fast Refresh] done in 9ms @ http://localhost:3000/_next/static/chunks/08i5_next_dist_0bovzun._.js:776
[  423813ms] [LOG] [Fast Refresh] done in 9ms @ http://localhost:3000/_next/static/chunks/08i5_next_dist_0bovzun._.js:776
[  423873ms] [LOG] [Fast Refresh] done in 9ms @ http://localhost:3000/_next/static/chunks/08i5_next_dist_0bovzun._.js:776
[  423935ms] [LOG] [Fast Refresh] done in 9ms @ http://localhost:3000/_next/static/chunks/08i5_next_dist_0bovzun._.js:776
[  423998ms] [LOG] [Fast Refresh] done in 9ms @ http://localhost:3000/_next/static/chunks/08i5_next_dist_0bovzun._.js:776
[  424048ms] [LOG] [Fast Refresh] done in 9ms @ http://localhost:3000/_next/static/chunks/08i5_next_dist_0bovzun._.js:776
[  424111ms] [LOG] [Fast Refresh] done in 9ms @ http://localhost:3000/_next/static/chunks/08i5_next_dist_0bovzun._.js:776
[  424166ms] [LOG] [Fast Refresh] done in 9ms @ http://localhost:3000/_next/static/chunks/08i5_next_dist_0bovzun._.js:776
[  424231ms] [LOG] [Fast Refresh] done in 9ms @ http://localhost:3000/_next/static/chunks/08i5_next_dist_0bovzun._.js:776
[  424292ms] [LOG] [Fast Refresh] done in 9ms @ http://localhost:3000/_next/static/chunks/08i5_next_dist_0bovzun._.js:776
[  424340ms] [LOG] [Fast Refresh] done in 9ms @ http://localhost:3000/_next/static/chunks/08i5_next_dist_0bovzun._.js:776
[  424392ms] [LOG] [Fast Refresh] done in 9ms @ http://localhost:3000/_next/static/chunks/08i5_next_dist_0bovzun._.js:776
[  424464ms] [LOG] [Fast Refresh] done in 9ms @ http://localhost:3000/_next/static/chunks/08i5_next_dist_0bovzun._.js:776
[  424524ms] [LOG] [Fast Refresh] done in 9ms @ http://localhost:3000/_next/static/chunks/08i5_next_dist_0bovzun._.js:776
[  424589ms] [LOG] [Fast Refresh] done in 9ms @ http://localhost:3000/_next/static/chunks/08i5_next_dist_0bovzun._.js:776
[  424651ms] [LOG] [Fast Refresh] done in 9ms @ http://localhost:3000/_next/static/chunks/08i5_next_dist_0bovzun._.js:776
[  424714ms] [LOG] [Fast Refresh] done in 9ms @ http://localhost:3000/_next/static/chunks/08i5_next_dist_0bovzun._.js:776
[  424755ms] [LOG] [Fast Refresh] done in 9ms @ http://localhost:3000/_next/static/chunks/08i5_next_dist_0bovzun._.js:776
[  424808ms] [LOG] [Fast Refresh] done in 9ms @ http://localhost:3000/_next/static/chunks/08i5_next_dist_0bovzun._.js:776
[  424868ms] [LOG] [Fast Refresh] done in 9ms @ http://localhost:3000/_next/static/chunks/08i5_next_dist_0bovzun._.js:776
[  424931ms] [LOG] [Fast Refresh] done in 9ms @ http://localhost:3000/_next/static/chunks/08i5_next_dist_0bovzun._.js:776
[  424981ms] [LOG] [Fast Refresh] done in 9ms @ http://localhost:3000/_next/static/chunks/08i5_next_dist_0bovzun._.js:776
[  425044ms] [LOG] [Fast Refresh] done in 9ms @ http://localhost:3000/_next/static/chunks/08i5_next_dist_0bovzun._.js:776
[  425087ms] [LOG] [Fast Refresh] done in 9ms @ http://localhost:3000/_next/static/chunks/08i5_next_dist_0bovzun._.js:776
[  425138ms] [LOG] [Fast Refresh] done in 9ms @ http://localhost:3000/_next/static/chunks/08i5_next_dist_0bovzun._.js:776
[  425200ms] [LOG] [Fast Refresh] done in 9ms @ http://localhost:3000/_next/static/chunks/08i5_next_dist_0bovzun._.js:776
[  425262ms] [LOG] [Fast Refresh] done in 9ms @ http://localhost:3000/_next/static/chunks/08i5_next_dist_0bovzun._.js:776
[  425323ms] [LOG] [Fast Refresh] done in 9ms @ http://localhost:3000/_next/static/chunks/08i5_next_dist_0bovzun._.js:776
[  425388ms] [LOG] [Fast Refresh] done in 9ms @ http://localhost:3000/_next/static/chunks/08i5_next_dist_0bovzun._.js:776
[  425443ms] [LOG] [Fast Refresh] done in 9ms @ http://localhost:3000/_next/static/chunks/08i5_next_dist_0bovzun._.js:776
[  425485ms] [LOG] [Fast Refresh] done in 9ms @ http://localhost:3000/_next/static/chunks/08i5_next_dist_0bovzun._.js:776
[  425533ms] [LOG] [Fast Refresh] done in 9ms @ http://localhost:3000/_next/static/chunks/08i5_next_dist_0bovzun._.js:776
[  425582ms] [LOG] [Fast Refresh] done in 9ms @ http://localhost:3000/_next/static/chunks/08i5_next_dist_0bovzun._.js:776
[  425624ms] [LOG] [Fast Refresh] done in 9ms @ http://localhost:3000/_next/static/chunks/08i5_next_dist_0bovzun._.js:776
[  425679ms] [LOG] [Fast Refresh] done in 9ms @ http://localhost:3000/_next/static/chunks/08i5_next_dist_0bovzun._.js:776
[  425721ms] [LOG] [Fast Refresh] done in 9ms @ http://localhost:3000/_next/static/chunks/08i5_next_dist_0bovzun._.js:776
[  425763ms] [LOG] [Fast Refresh] done in 9ms @ http://localhost:3000/_next/static/chunks/08i5_next_dist_0bovzun._.js:776
[  425803ms] [LOG] [Fast Refresh] done in 9ms @ http://localhost:3000/_next/static/chunks/08i5_next_dist_0bovzun._.js:776
[  425846ms] [LOG] [Fast Refresh] done in 9ms @ http://localhost:3000/_next/static/chunks/08i5_next_dist_0bovzun._.js:776
[  425905ms] [LOG] [Fast Refresh] done in 9ms @ http://localhost:3000/_next/static/chunks/08i5_next_dist_0bovzun._.js:776
[  425957ms] [LOG] [Fast Refresh] done in 9ms @ http://localhost:3000/_next/static/chunks/08i5_next_dist_0bovzun._.js:776
[  426013ms] [LOG] [Fast Refresh] done in 9ms @ http://localhost:3000/_next/static/chunks/08i5_next_dist_0bovzun._.js:776
[  426063ms] [LOG] [Fast Refresh] done in 9ms @ http://localhost:3000/_next/static/chunks/08i5_next_dist_0bovzun._.js:776
[  426121ms] [LOG] [Fast Refresh] done in 9ms @ http://localhost:3000/_next/static/chunks/08i5_next_dist_0bovzun._.js:776
[  426173ms] [LOG] [Fast Refresh] done in 9ms @ http://localhost:3000/_next/static/chunks/08i5_next_dist_0bovzun._.js:776
[  426239ms] [LOG] [Fast Refresh] done in 9ms @ http://localhost:3000/_next/static/chunks/08i5_next_dist_0bovzun._.js:776
[  426290ms] [LOG] [Fast Refresh] done in 9ms @ http://localhost:3000/_next/static/chunks/08i5_next_dist_0bovzun._.js:776
[  426344ms] [LOG] [Fast Refresh] done in 9ms @ http://localhost:3000/_next/static/chunks/08i5_next_dist_0bovzun._.js:776
[  426393ms] [LOG] [Fast Refresh] done in 9ms @ http://localhost:3000/_next/static/chunks/08i5_next_dist_0bovzun._.js:776
[  426453ms] [LOG] [Fast Refresh] done in 9ms @ http://localhost:3000/_next/static/chunks/08i5_next_dist_0bovzun._.js:776
[  426517ms] [LOG] [Fast Refresh] done in 9ms @ http://localhost:3000/_next/static/chunks/08i5_next_dist_0bovzun._.js:776
[  426590ms] [LOG] [Fast Refresh] done in 9ms @ http://localhost:3000/_next/static/chunks/08i5_next_dist_0bovzun._.js:776
[  426644ms] [LOG] [Fast Refresh] done in 9ms @ http://localhost:3000/_next/static/chunks/08i5_next_dist_0bovzun._.js:776
[  426714ms] [LOG] [Fast Refresh] done in 9ms @ http://localhost:3000/_next/static/chunks/08i5_next_dist_0bovzun._.js:776
[  426774ms] [LOG] [Fast Refresh] done in 9ms @ http://localhost:3000/_next/static/chunks/08i5_next_dist_0bovzun._.js:776
[  426836ms] [LOG] [Fast Refresh] done in 9ms @ http://localhost:3000/_next/static/chunks/08i5_next_dist_0bovzun._.js:776
[  426891ms] [LOG] [Fast Refresh] done in 9ms @ http://localhost:3000/_next/static/chunks/08i5_next_dist_0bovzun._.js:776
[  426955ms] [LOG] [Fast Refresh] done in 9ms @ http://localhost:3000/_next/static/chunks/08i5_next_dist_0bovzun._.js:776
[  427028ms] [LOG] [Fast Refresh] done in 9ms @ http://localhost:3000/_next/static/chunks/08i5_next_dist_0bovzun._.js:776
[  427106ms] [LOG] [Fast Refresh] done in 9ms @ http://localhost:3000/_next/static/chunks/08i5_next_dist_0bovzun._.js:776
[  427155ms] [LOG] [Fast Refresh] done in 9ms @ http://localhost:3000/_next/static/chunks/08i5_next_dist_0bovzun._.js:776
[  427215ms] [LOG] [Fast Refresh] done in 9ms @ http://localhost:3000/_next/static/chunks/08i5_next_dist_0bovzun._.js:776
[  427267ms] [LOG] [Fast Refresh] done in 9ms @ http://localhost:3000/_next/static/chunks/08i5_next_dist_0bovzun._.js:776
[  427324ms] [LOG] [Fast Refresh] done in 9ms @ http://localhost:3000/_next/static/chunks/08i5_next_dist_0bovzun._.js:776
[  427382ms] [LOG] [Fast Refresh] done in 9ms @ http://localhost:3000/_next/static/chunks/08i5_next_dist_0bovzun._.js:776
[  427434ms] [LOG] [Fast Refresh] done in 9ms @ http://localhost:3000/_next/static/chunks/08i5_next_dist_0bovzun._.js:776
[  427496ms] [LOG] [Fast Refresh] done in 9ms @ http://localhost:3000/_next/static/chunks/08i5_next_dist_0bovzun._.js:776
[  427558ms] [LOG] [Fast Refresh] done in 9ms @ http://localhost:3000/_next/static/chunks/08i5_next_dist_0bovzun._.js:776
[  427621ms] [LOG] [Fast Refresh] done in 9ms @ http://localhost:3000/_next/static/chunks/08i5_next_dist_0bovzun._.js:776
[  427658ms] [LOG] [Fast Refresh] done in 9ms @ http://localhost:3000/_next/static/chunks/08i5_next_dist_0bovzun._.js:776
[  427700ms] [LOG] [Fast Refresh] done in 9ms @ http://localhost:3000/_next/static/chunks/08i5_next_dist_0bovzun._.js:776
[  427741ms] [LOG] [Fast Refresh] done in 9ms @ http://localhost:3000/_next/static/chunks/08i5_next_dist_0bovzun._.js:776
[  427792ms] [LOG] [Fast Refresh] done in 9ms @ http://localhost:3000/_next/static/chunks/08i5_next_dist_0bovzun._.js:776
[  427841ms] [LOG] [Fast Refresh] done in 9ms @ http://localhost:3000/_next/static/chunks/08i5_next_dist_0bovzun._.js:776
[  427894ms] [LOG] [Fast Refresh] done in 9ms @ http://localhost:3000/_next/static/chunks/08i5_next_dist_0bovzun._.js:776
[  427957ms] [LOG] [Fast Refresh] done in 9ms @ http://localhost:3000/_next/static/chunks/08i5_next_dist_0bovzun._.js:776
[  428016ms] [LOG] [Fast Refresh] done in 9ms @ http://localhost:3000/_next/static/chunks/08i5_next_dist_0bovzun._.js:776
[  428067ms] [LOG] [Fast Refresh] done in 9ms @ http://localhost:3000/_next/static/chunks/08i5_next_dist_0bovzun._.js:776
[  428125ms] [LOG] [Fast Refresh] done in 9ms @ http://localhost:3000/_next/static/chunks/08i5_next_dist_0bovzun._.js:776
[  428182ms] [LOG] [Fast Refresh] done in 9ms @ http://localhost:3000/_next/static/chunks/08i5_next_dist_0bovzun._.js:776
[  428223ms] [LOG] [Fast Refresh] done in 9ms @ http://localhost:3000/_next/static/chunks/08i5_next_dist_0bovzun._.js:776
[  428264ms] [LOG] [Fast Refresh] done in 9ms @ http://localhost:3000/_next/static/chunks/08i5_next_dist_0bovzun._.js:776
[  428321ms] [LOG] [Fast Refresh] done in 9ms @ http://localhost:3000/_next/static/chunks/08i5_next_dist_0bovzun._.js:776
[  428373ms] [LOG] [Fast Refresh] done in 9ms @ http://localhost:3000/_next/static/chunks/08i5_next_dist_0bovzun._.js:776
[  428415ms] [LOG] [Fast Refresh] done in 9ms @ http://localhost:3000/_next/static/chunks/08i5_next_dist_0bovzun._.js:776
[  428466ms] [LOG] [Fast Refresh] done in 9ms @ http://localhost:3000/_next/static/chunks/08i5_next_dist_0bovzun._.js:776
[  428505ms] [LOG] [Fast Refresh] done in 9ms @ http://localhost:3000/_next/static/chunks/08i5_next_dist_0bovzun._.js:776
[  428556ms] [LOG] [Fast Refresh] done in 9ms @ http://localhost:3000/_next/static/chunks/08i5_next_dist_0bovzun._.js:776
[  428604ms] [LOG] [Fast Refresh] done in 9ms @ http://localhost:3000/_next/static/chunks/08i5_next_dist_0bovzun._.js:776
[  428667ms] [LOG] [Fast Refresh] done in 9ms @ http://localhost:3000/_next/static/chunks/08i5_next_dist_0bovzun._.js:776
[  428731ms] [LOG] [Fast Refresh] done in 9ms @ http://localhost:3000/_next/static/chunks/08i5_next_dist_0bovzun._.js:776
[  428795ms] [LOG] [Fast Refresh] done in 9ms @ http://localhost:3000/_next/static/chunks/08i5_next_dist_0bovzun._.js:776
[  428846ms] [LOG] [Fast Refresh] done in 9ms @ http://localhost:3000/_next/static/chunks/08i5_next_dist_0bovzun._.js:776
[  428892ms] [LOG] [Fast Refresh] done in 9ms @ http://localhost:3000/_next/static/chunks/08i5_next_dist_0bovzun._.js:776
[  428967ms] [LOG] [Fast Refresh] done in 9ms @ http://localhost:3000/_next/static/chunks/08i5_next_dist_0bovzun._.js:776
[  429027ms] [LOG] [Fast Refresh] done in 9ms @ http://localhost:3000/_next/static/chunks/08i5_next_dist_0bovzun._.js:776
[  429079ms] [LOG] [Fast Refresh] done in 9ms @ http://localhost:3000/_next/static/chunks/08i5_next_dist_0bovzun._.js:776
[  429138ms] [LOG] [Fast Refresh] done in 9ms @ http://localhost:3000/_next/static/chunks/08i5_next_dist_0bovzun._.js:776
[  429200ms] [LOG] [Fast Refresh] done in 9ms @ http://localhost:3000/_next/static/chunks/08i5_next_dist_0bovzun._.js:776
[  429263ms] [LOG] [Fast Refresh] done in 9ms @ http://localhost:3000/_next/static/chunks/08i5_next_dist_0bovzun._.js:776
[  429315ms] [LOG] [Fast Refresh] done in 9ms @ http://localhost:3000/_next/static/chunks/08i5_next_dist_0bovzun._.js:776
[  429378ms] [LOG] [Fast Refresh] done in 9ms @ http://localhost:3000/_next/static/chunks/08i5_next_dist_0bovzun._.js:776
[  429434ms] [LOG] [Fast Refresh] done in 9ms @ http://localhost:3000/_next/static/chunks/08i5_next_dist_0bovzun._.js:776
[  429497ms] [LOG] [Fast Refresh] done in 9ms @ http://localhost:3000/_next/static/chunks/08i5_next_dist_0bovzun._.js:776
[  429558ms] [LOG] [Fast Refresh] done in 9ms @ http://localhost:3000/_next/static/chunks/08i5_next_dist_0bovzun._.js:776
[  429621ms] [LOG] [Fast Refresh] done in 9ms @ http://localhost:3000/_next/static/chunks/08i5_next_dist_0bovzun._.js:776
[  429685ms] [LOG] [Fast Refresh] done in 9ms @ http://localhost:3000/_next/static/chunks/08i5_next_dist_0bovzun._.js:776
[  429739ms] [LOG] [Fast Refresh] done in 9ms @ http://localhost:3000/_next/static/chunks/08i5_next_dist_0bovzun._.js:776
[  429792ms] [LOG] [Fast Refresh] done in 9ms @ http://localhost:3000/_next/static/chunks/08i5_next_dist_0bovzun._.js:776
[  429857ms] [LOG] [Fast Refresh] done in 9ms @ http://localhost:3000/_next/static/chunks/08i5_next_dist_0bovzun._.js:776
[  429937ms] [LOG] [Fast Refresh] done in 9ms @ http://localhost:3000/_next/static/chunks/08i5_next_dist_0bovzun._.js:776
[  429987ms] [LOG] [Fast Refresh] done in 9ms @ http://localhost:3000/_next/static/chunks/08i5_next_dist_0bovzun._.js:776
[  430038ms] [LOG] [Fast Refresh] done in 9ms @ http://localhost:3000/_next/static/chunks/08i5_next_dist_0bovzun._.js:776
[  430101ms] [LOG] [Fast Refresh] done in 9ms @ http://localhost:3000/_next/static/chunks/08i5_next_dist_0bovzun._.js:776
[  430188ms] [LOG] [Fast Refresh] rebuilding @ http://localhost:3000/_next/static/chunks/08i5_next_dist_0bovzun._.js:776
[  430292ms] [LOG] [Fast Refresh] done in 9ms @ http://localhost:3000/_next/static/chunks/08i5_next_dist_0bovzun._.js:776
[  430357ms] [LOG] [Fast Refresh] done in 9ms @ http://localhost:3000/_next/static/chunks/08i5_next_dist_0bovzun._.js:776
[  430425ms] [LOG] [Fast Refresh] done in 9ms @ http://localhost:3000/_next/static/chunks/08i5_next_dist_0bovzun._.js:776
[  430588ms] [LOG] [Fast Refresh] done in 9ms @ http://localhost:3000/_next/static/chunks/08i5_next_dist_0bovzun._.js:776
[  430638ms] [LOG] [Fast Refresh] done in 9ms @ http://localhost:3000/_next/static/chunks/08i5_next_dist_0bovzun._.js:776
[  430680ms] [LOG] [Fast Refresh] done in 9ms @ http://localhost:3000/_next/static/chunks/08i5_next_dist_0bovzun._.js:776
[  430725ms] [LOG] [Fast Refresh] done in 9ms @ http://localhost:3000/_next/static/chunks/08i5_next_dist_0bovzun._.js:776
[  430785ms] [LOG] [Fast Refresh] done in 9ms @ http://localhost:3000/_next/static/chunks/08i5_next_dist_0bovzun._.js:776
[  430843ms] [LOG] [Fast Refresh] done in 9ms @ http://localhost:3000/_next/static/chunks/08i5_next_dist_0bovzun._.js:776
[  430902ms] [LOG] [Fast Refresh] done in 9ms @ http://localhost:3000/_next/static/chunks/08i5_next_dist_0bovzun._.js:776
[  430953ms] [LOG] [Fast Refresh] done in 9ms @ http://localhost:3000/_next/static/chunks/08i5_next_dist_0bovzun._.js:776
[  431000ms] [LOG] [Fast Refresh] done in 9ms @ http://localhost:3000/_next/static/chunks/08i5_next_dist_0bovzun._.js:776
[  431042ms] [LOG] [Fast Refresh] done in 9ms @ http://localhost:3000/_next/static/chunks/08i5_next_dist_0bovzun._.js:776
[  431082ms] [LOG] [Fast Refresh] done in 9ms @ http://localhost:3000/_next/static/chunks/08i5_next_dist_0bovzun._.js:776
[  431124ms] [LOG] [Fast Refresh] done in 9ms @ http://localhost:3000/_next/static/chunks/08i5_next_dist_0bovzun._.js:776
[  431173ms] [LOG] [Fast Refresh] done in 9ms @ http://localhost:3000/_next/static/chunks/08i5_next_dist_0bovzun._.js:776
[  431235ms] [LOG] [Fast Refresh] done in 9ms @ http://localhost:3000/_next/static/chunks/08i5_next_dist_0bovzun._.js:776
[  431277ms] [LOG] [Fast Refresh] done in 9ms @ http://localhost:3000/_next/static/chunks/08i5_next_dist_0bovzun._.js:776
[  431325ms] [LOG] [Fast Refresh] done in 9ms @ http://localhost:3000/_next/static/chunks/08i5_next_dist_0bovzun._.js:776
[  431377ms] [LOG] [Fast Refresh] done in 9ms @ http://localhost:3000/_next/static/chunks/08i5_next_dist_0bovzun._.js:776
[  431429ms] [LOG] [Fast Refresh] done in 9ms @ http://localhost:3000/_next/static/chunks/08i5_next_dist_0bovzun._.js:776
[  431471ms] [LOG] [Fast Refresh] done in 9ms @ http://localhost:3000/_next/static/chunks/08i5_next_dist_0bovzun._.js:776
[  431513ms] [LOG] [Fast Refresh] done in 9ms @ http://localhost:3000/_next/static/chunks/08i5_next_dist_0bovzun._.js:776
[  431561ms] [LOG] [Fast Refresh] done in 9ms @ http://localhost:3000/_next/static/chunks/08i5_next_dist_0bovzun._.js:776
[  431605ms] [LOG] [Fast Refresh] done in 9ms @ http://localhost:3000/_next/static/chunks/08i5_next_dist_0bovzun._.js:776
[  431668ms] [LOG] [Fast Refresh] done in 9ms @ http://localhost:3000/_next/static/chunks/08i5_next_dist_0bovzun._.js:776
[  431717ms] [LOG] [Fast Refresh] done in 9ms @ http://localhost:3000/_next/static/chunks/08i5_next_dist_0bovzun._.js:776
[  431780ms] [LOG] [Fast Refresh] done in 9ms @ http://localhost:3000/_next/static/chunks/08i5_next_dist_0bovzun._.js:776
[  431829ms] [LOG] [Fast Refresh] done in 9ms @ http://localhost:3000/_next/static/chunks/08i5_next_dist_0bovzun._.js:776
[  431887ms] [LOG] [Fast Refresh] done in 9ms @ http://localhost:3000/_next/static/chunks/08i5_next_dist_0bovzun._.js:776
[  431965ms] [LOG] [Fast Refresh] done in 9ms @ http://localhost:3000/_next/static/chunks/08i5_next_dist_0bovzun._.js:776
[  432024ms] [LOG] [Fast Refresh] done in 9ms @ http://localhost:3000/_next/static/chunks/08i5_next_dist_0bovzun._.js:776
[  432073ms] [LOG] [Fast Refresh] done in 9ms @ http://localhost:3000/_next/static/chunks/08i5_next_dist_0bovzun._.js:776
[  432137ms] [LOG] [Fast Refresh] done in 9ms @ http://localhost:3000/_next/static/chunks/08i5_next_dist_0bovzun._.js:776
[  432202ms] [LOG] [Fast Refresh] done in 9ms @ http://localhost:3000/_next/static/chunks/08i5_next_dist_0bovzun._.js:776
[  432266ms] [LOG] [Fast Refresh] done in 9ms @ http://localhost:3000/_next/static/chunks/08i5_next_dist_0bovzun._.js:776
[  432325ms] [LOG] [Fast Refresh] done in 9ms @ http://localhost:3000/_next/static/chunks/08i5_next_dist_0bovzun._.js:776
[  432394ms] [LOG] [Fast Refresh] done in 9ms @ http://localhost:3000/_next/static/chunks/08i5_next_dist_0bovzun._.js:776
[  432466ms] [LOG] [Fast Refresh] done in 9ms @ http://localhost:3000/_next/static/chunks/08i5_next_dist_0bovzun._.js:776
[  432526ms] [LOG] [Fast Refresh] done in 9ms @ http://localhost:3000/_next/static/chunks/08i5_next_dist_0bovzun._.js:776
[  432589ms] [LOG] [Fast Refresh] done in 9ms @ http://localhost:3000/_next/static/chunks/08i5_next_dist_0bovzun._.js:776
[  432647ms] [LOG] [Fast Refresh] done in 9ms @ http://localhost:3000/_next/static/chunks/08i5_next_dist_0bovzun._.js:776
[  432693ms] [LOG] [Fast Refresh] done in 9ms @ http://localhost:3000/_next/static/chunks/08i5_next_dist_0bovzun._.js:776
[  432747ms] [LOG] [Fast Refresh] done in 9ms @ http://localhost:3000/_next/static/chunks/08i5_next_dist_0bovzun._.js:776
[  432797ms] [LOG] [Fast Refresh] done in 9ms @ http://localhost:3000/_next/static/chunks/08i5_next_dist_0bovzun._.js:776
[  432854ms] [LOG] [Fast Refresh] done in 9ms @ http://localhost:3000/_next/static/chunks/08i5_next_dist_0bovzun._.js:776
[  432897ms] [LOG] [Fast Refresh] done in 9ms @ http://localhost:3000/_next/static/chunks/08i5_next_dist_0bovzun._.js:776
[  432957ms] [LOG] [Fast Refresh] done in 9ms @ http://localhost:3000/_next/static/chunks/08i5_next_dist_0bovzun._.js:776
[  433001ms] [LOG] [Fast Refresh] done in 9ms @ http://localhost:3000/_next/static/chunks/08i5_next_dist_0bovzun._.js:776
[  433048ms] [LOG] [Fast Refresh] done in 9ms @ http://localhost:3000/_next/static/chunks/08i5_next_dist_0bovzun._.js:776
[  433105ms] [LOG] [Fast Refresh] done in 9ms @ http://localhost:3000/_next/static/chunks/08i5_next_dist_0bovzun._.js:776
[  433155ms] [LOG] [Fast Refresh] done in 9ms @ http://localhost:3000/_next/static/chunks/08i5_next_dist_0bovzun._.js:776
[  433192ms] [LOG] [Fast Refresh] done in 9ms @ http://localhost:3000/_next/static/chunks/08i5_next_dist_0bovzun._.js:776
[  433238ms] [LOG] [Fast Refresh] done in 9ms @ http://localhost:3000/_next/static/chunks/08i5_next_dist_0bovzun._.js:776
[  433297ms] [LOG] [Fast Refresh] done in 9ms @ http://localhost:3000/_next/static/chunks/08i5_next_dist_0bovzun._.js:776
[  433340ms] [LOG] [Fast Refresh] done in 9ms @ http://localhost:3000/_next/static/chunks/08i5_next_dist_0bovzun._.js:776
[  433394ms] [LOG] [Fast Refresh] done in 9ms @ http://localhost:3000/_next/static/chunks/08i5_next_dist_0bovzun._.js:776
[  433436ms] [LOG] [Fast Refresh] done in 9ms @ http://localhost:3000/_next/static/chunks/08i5_next_dist_0bovzun._.js:776
[  433484ms] [LOG] [Fast Refresh] done in 9ms @ http://localhost:3000/_next/static/chunks/08i5_next_dist_0bovzun._.js:776
[  433526ms] [LOG] [Fast Refresh] done in 9ms @ http://localhost:3000/_next/static/chunks/08i5_next_dist_0bovzun._.js:776
[  433575ms] [LOG] [Fast Refresh] done in 9ms @ http://localhost:3000/_next/static/chunks/08i5_next_dist_0bovzun._.js:776
[  433619ms] [LOG] [Fast Refresh] done in 9ms @ http://localhost:3000/_next/static/chunks/08i5_next_dist_0bovzun._.js:776
[  433682ms] [LOG] [Fast Refresh] done in 9ms @ http://localhost:3000/_next/static/chunks/08i5_next_dist_0bovzun._.js:776
[  433734ms] [LOG] [Fast Refresh] done in 9ms @ http://localhost:3000/_next/static/chunks/08i5_next_dist_0bovzun._.js:776
[  433808ms] [LOG] [Fast Refresh] done in 9ms @ http://localhost:3000/_next/static/chunks/08i5_next_dist_0bovzun._.js:776
[  433859ms] [LOG] [Fast Refresh] done in 9ms @ http://localhost:3000/_next/static/chunks/08i5_next_dist_0bovzun._.js:776
[  433915ms] [LOG] [Fast Refresh] done in 9ms @ http://localhost:3000/_next/static/chunks/08i5_next_dist_0bovzun._.js:776
[  433980ms] [LOG] [Fast Refresh] done in 9ms @ http://localhost:3000/_next/static/chunks/08i5_next_dist_0bovzun._.js:776
[  434043ms] [LOG] [Fast Refresh] done in 9ms @ http://localhost:3000/_next/static/chunks/08i5_next_dist_0bovzun._.js:776
[  434100ms] [LOG] [Fast Refresh] done in 9ms @ http://localhost:3000/_next/static/chunks/08i5_next_dist_0bovzun._.js:776
[  434152ms] [LOG] [Fast Refresh] done in 9ms @ http://localhost:3000/_next/static/chunks/08i5_next_dist_0bovzun._.js:776
[  434215ms] [LOG] [Fast Refresh] done in 9ms @ http://localhost:3000/_next/static/chunks/08i5_next_dist_0bovzun._.js:776
[  434286ms] [LOG] [Fast Refresh] done in 9ms @ http://localhost:3000/_next/static/chunks/08i5_next_dist_0bovzun._.js:776
[  434338ms] [LOG] [Fast Refresh] done in 9ms @ http://localhost:3000/_next/static/chunks/08i5_next_dist_0bovzun._.js:776
[  434400ms] [LOG] [Fast Refresh] done in 9ms @ http://localhost:3000/_next/static/chunks/08i5_next_dist_0bovzun._.js:776
[  434452ms] [LOG] [Fast Refresh] done in 9ms @ http://localhost:3000/_next/static/chunks/08i5_next_dist_0bovzun._.js:776
[  434519ms] [LOG] [Fast Refresh] done in 9ms @ http://localhost:3000/_next/static/chunks/08i5_next_dist_0bovzun._.js:776
[  434590ms] [LOG] [Fast Refresh] done in 9ms @ http://localhost:3000/_next/static/chunks/08i5_next_dist_0bovzun._.js:776
[  434654ms] [LOG] [Fast Refresh] done in 9ms @ http://localhost:3000/_next/static/chunks/08i5_next_dist_0bovzun._.js:776
[  434714ms] [LOG] [Fast Refresh] done in 9ms @ http://localhost:3000/_next/static/chunks/08i5_next_dist_0bovzun._.js:776
[  434777ms] [LOG] [Fast Refresh] done in 9ms @ http://localhost:3000/_next/static/chunks/08i5_next_dist_0bovzun._.js:776
[  434826ms] [LOG] [Fast Refresh] done in 9ms @ http://localhost:3000/_next/static/chunks/08i5_next_dist_0bovzun._.js:776
[  434878ms] [LOG] [Fast Refresh] done in 9ms @ http://localhost:3000/_next/static/chunks/08i5_next_dist_0bovzun._.js:776
[  434935ms] [LOG] [Fast Refresh] done in 9ms @ http://localhost:3000/_next/static/chunks/08i5_next_dist_0bovzun._.js:776
[  434997ms] [LOG] [Fast Refresh] done in 9ms @ http://localhost:3000/_next/static/chunks/08i5_next_dist_0bovzun._.js:776
[  435067ms] [LOG] [Fast Refresh] done in 9ms @ http://localhost:3000/_next/static/chunks/08i5_next_dist_0bovzun._.js:776
[  435118ms] [LOG] [Fast Refresh] done in 9ms @ http://localhost:3000/_next/static/chunks/08i5_next_dist_0bovzun._.js:776
[  435168ms] [LOG] [Fast Refresh] done in 9ms @ http://localhost:3000/_next/static/chunks/08i5_next_dist_0bovzun._.js:776
[  435230ms] [LOG] [Fast Refresh] done in 9ms @ http://localhost:3000/_next/static/chunks/08i5_next_dist_0bovzun._.js:776
[  435296ms] [LOG] [Fast Refresh] done in 9ms @ http://localhost:3000/_next/static/chunks/08i5_next_dist_0bovzun._.js:776
[  435368ms] [LOG] [Fast Refresh] done in 9ms @ http://localhost:3000/_next/static/chunks/08i5_next_dist_0bovzun._.js:776
[  435434ms] [LOG] [Fast Refresh] done in 9ms @ http://localhost:3000/_next/static/chunks/08i5_next_dist_0bovzun._.js:776
[  435496ms] [LOG] [Fast Refresh] done in 9ms @ http://localhost:3000/_next/static/chunks/08i5_next_dist_0bovzun._.js:776
[  435559ms] [LOG] [Fast Refresh] done in 9ms @ http://localhost:3000/_next/static/chunks/08i5_next_dist_0bovzun._.js:776
[  435614ms] [LOG] [Fast Refresh] done in 9ms @ http://localhost:3000/_next/static/chunks/08i5_next_dist_0bovzun._.js:776
[  435677ms] [LOG] [Fast Refresh] done in 9ms @ http://localhost:3000/_next/static/chunks/08i5_next_dist_0bovzun._.js:776
[  435741ms] [LOG] [Fast Refresh] done in 9ms @ http://localhost:3000/_next/static/chunks/08i5_next_dist_0bovzun._.js:776
[  435797ms] [LOG] [Fast Refresh] done in 9ms @ http://localhost:3000/_next/static/chunks/08i5_next_dist_0bovzun._.js:776
[  435868ms] [LOG] [Fast Refresh] done in 9ms @ http://localhost:3000/_next/static/chunks/08i5_next_dist_0bovzun._.js:776
[  435922ms] [LOG] [Fast Refresh] done in 9ms @ http://localhost:3000/_next/static/chunks/08i5_next_dist_0bovzun._.js:776
[  435978ms] [LOG] [Fast Refresh] done in 9ms @ http://localhost:3000/_next/static/chunks/08i5_next_dist_0bovzun._.js:776
[  436028ms] [LOG] [Fast Refresh] done in 9ms @ http://localhost:3000/_next/static/chunks/08i5_next_dist_0bovzun._.js:776
[  436078ms] [LOG] [Fast Refresh] done in 9ms @ http://localhost:3000/_next/static/chunks/08i5_next_dist_0bovzun._.js:776
[  436130ms] [LOG] [Fast Refresh] done in 9ms @ http://localhost:3000/_next/static/chunks/08i5_next_dist_0bovzun._.js:776
[  436183ms] [LOG] [Fast Refresh] done in 9ms @ http://localhost:3000/_next/static/chunks/08i5_next_dist_0bovzun._.js:776
[  436248ms] [LOG] [Fast Refresh] done in 9ms @ http://localhost:3000/_next/static/chunks/08i5_next_dist_0bovzun._.js:776
[  436314ms] [LOG] [Fast Refresh] done in 9ms @ http://localhost:3000/_next/static/chunks/08i5_next_dist_0bovzun._.js:776
[  436373ms] [LOG] [Fast Refresh] done in 9ms @ http://localhost:3000/_next/static/chunks/08i5_next_dist_0bovzun._.js:776
[  436437ms] [LOG] [Fast Refresh] done in 9ms @ http://localhost:3000/_next/static/chunks/08i5_next_dist_0bovzun._.js:776
[  436476ms] [LOG] [Fast Refresh] done in 9ms @ http://localhost:3000/_next/static/chunks/08i5_next_dist_0bovzun._.js:776
[  436527ms] [LOG] [Fast Refresh] done in 9ms @ http://localhost:3000/_next/static/chunks/08i5_next_dist_0bovzun._.js:776
[  436589ms] [LOG] [Fast Refresh] done in 9ms @ http://localhost:3000/_next/static/chunks/08i5_next_dist_0bovzun._.js:776
[  436631ms] [LOG] [Fast Refresh] done in 9ms @ http://localhost:3000/_next/static/chunks/08i5_next_dist_0bovzun._.js:776
[  436699ms] [LOG] [Fast Refresh] done in 9ms @ http://localhost:3000/_next/static/chunks/08i5_next_dist_0bovzun._.js:776
[  436762ms] [LOG] [Fast Refresh] done in 9ms @ http://localhost:3000/_next/static/chunks/08i5_next_dist_0bovzun._.js:776
[  436825ms] [LOG] [Fast Refresh] done in 9ms @ http://localhost:3000/_next/static/chunks/08i5_next_dist_0bovzun._.js:776
[  436878ms] [LOG] [Fast Refresh] done in 9ms @ http://localhost:3000/_next/static/chunks/08i5_next_dist_0bovzun._.js:776
[  436942ms] [LOG] [Fast Refresh] done in 9ms @ http://localhost:3000/_next/static/chunks/08i5_next_dist_0bovzun._.js:776
[  437002ms] [LOG] [Fast Refresh] done in 9ms @ http://localhost:3000/_next/static/chunks/08i5_next_dist_0bovzun._.js:776
[  437066ms] [LOG] [Fast Refresh] done in 9ms @ http://localhost:3000/_next/static/chunks/08i5_next_dist_0bovzun._.js:776
[  437120ms] [LOG] [Fast Refresh] done in 9ms @ http://localhost:3000/_next/static/chunks/08i5_next_dist_0bovzun._.js:776
[  437183ms] [LOG] [Fast Refresh] done in 9ms @ http://localhost:3000/_next/static/chunks/08i5_next_dist_0bovzun._.js:776
[  437244ms] [LOG] [Fast Refresh] done in 9ms @ http://localhost:3000/_next/static/chunks/08i5_next_dist_0bovzun._.js:776
[  437308ms] [LOG] [Fast Refresh] done in 9ms @ http://localhost:3000/_next/static/chunks/08i5_next_dist_0bovzun._.js:776
[  437387ms] [LOG] [Fast Refresh] done in 9ms @ http://localhost:3000/_next/static/chunks/08i5_next_dist_0bovzun._.js:776
[  437436ms] [LOG] [Fast Refresh] done in 9ms @ http://localhost:3000/_next/static/chunks/08i5_next_dist_0bovzun._.js:776
[  437508ms] [LOG] [Fast Refresh] done in 9ms @ http://localhost:3000/_next/static/chunks/08i5_next_dist_0bovzun._.js:776
[  437560ms] [LOG] [Fast Refresh] done in 9ms @ http://localhost:3000/_next/static/chunks/08i5_next_dist_0bovzun._.js:776
[  437617ms] [LOG] [Fast Refresh] done in 9ms @ http://localhost:3000/_next/static/chunks/08i5_next_dist_0bovzun._.js:776
[  437657ms] [LOG] [Fast Refresh] done in 9ms @ http://localhost:3000/_next/static/chunks/08i5_next_dist_0bovzun._.js:776
[  437719ms] [LOG] [Fast Refresh] done in 9ms @ http://localhost:3000/_next/static/chunks/08i5_next_dist_0bovzun._.js:776
[  437779ms] [LOG] [Fast Refresh] done in 9ms @ http://localhost:3000/_next/static/chunks/08i5_next_dist_0bovzun._.js:776
[  437832ms] [LOG] [Fast Refresh] done in 9ms @ http://localhost:3000/_next/static/chunks/08i5_next_dist_0bovzun._.js:776
[  437873ms] [LOG] [Fast Refresh] done in 9ms @ http://localhost:3000/_next/static/chunks/08i5_next_dist_0bovzun._.js:776
[  437921ms] [LOG] [Fast Refresh] done in 9ms @ http://localhost:3000/_next/static/chunks/08i5_next_dist_0bovzun._.js:776
[  437986ms] [LOG] [Fast Refresh] done in 9ms @ http://localhost:3000/_next/static/chunks/08i5_next_dist_0bovzun._.js:776
[  438039ms] [LOG] [Fast Refresh] done in 9ms @ http://localhost:3000/_next/static/chunks/08i5_next_dist_0bovzun._.js:776
[  438082ms] [LOG] [Fast Refresh] done in 9ms @ http://localhost:3000/_next/static/chunks/08i5_next_dist_0bovzun._.js:776
[  438132ms] [LOG] [Fast Refresh] done in 9ms @ http://localhost:3000/_next/static/chunks/08i5_next_dist_0bovzun._.js:776
[  438194ms] [LOG] [Fast Refresh] done in 9ms @ http://localhost:3000/_next/static/chunks/08i5_next_dist_0bovzun._.js:776
[  438243ms] [LOG] [Fast Refresh] done in 9ms @ http://localhost:3000/_next/static/chunks/08i5_next_dist_0bovzun._.js:776
[  438297ms] [LOG] [Fast Refresh] done in 9ms @ http://localhost:3000/_next/static/chunks/08i5_next_dist_0bovzun._.js:776
[  438351ms] [LOG] [Fast Refresh] done in 9ms @ http://localhost:3000/_next/static/chunks/08i5_next_dist_0bovzun._.js:776
[  438412ms] [LOG] [Fast Refresh] done in 9ms @ http://localhost:3000/_next/static/chunks/08i5_next_dist_0bovzun._.js:776
[  438454ms] [LOG] [Fast Refresh] done in 9ms @ http://localhost:3000/_next/static/chunks/08i5_next_dist_0bovzun._.js:776
[  438505ms] [LOG] [Fast Refresh] done in 9ms @ http://localhost:3000/_next/static/chunks/08i5_next_dist_0bovzun._.js:776
[  438547ms] [LOG] [Fast Refresh] done in 9ms @ http://localhost:3000/_next/static/chunks/08i5_next_dist_0bovzun._.js:776
[  438603ms] [LOG] [Fast Refresh] done in 9ms @ http://localhost:3000/_next/static/chunks/08i5_next_dist_0bovzun._.js:776
[  438661ms] [LOG] [Fast Refresh] done in 9ms @ http://localhost:3000/_next/static/chunks/08i5_next_dist_0bovzun._.js:776
[  438699ms] [LOG] [Fast Refresh] done in 9ms @ http://localhost:3000/_next/static/chunks/08i5_next_dist_0bovzun._.js:776
[  438749ms] [LOG] [Fast Refresh] done in 9ms @ http://localhost:3000/_next/static/chunks/08i5_next_dist_0bovzun._.js:776
[  438810ms] [LOG] [Fast Refresh] done in 9ms @ http://localhost:3000/_next/static/chunks/08i5_next_dist_0bovzun._.js:776
[  438861ms] [LOG] [Fast Refresh] done in 9ms @ http://localhost:3000/_next/static/chunks/08i5_next_dist_0bovzun._.js:776
[  438912ms] [LOG] [Fast Refresh] done in 9ms @ http://localhost:3000/_next/static/chunks/08i5_next_dist_0bovzun._.js:776
[  438964ms] [LOG] [Fast Refresh] done in 9ms @ http://localhost:3000/_next/static/chunks/08i5_next_dist_0bovzun._.js:776
[  439019ms] [LOG] [Fast Refresh] done in 9ms @ http://localhost:3000/_next/static/chunks/08i5_next_dist_0bovzun._.js:776
[  439068ms] [LOG] [Fast Refresh] done in 9ms @ http://localhost:3000/_next/static/chunks/08i5_next_dist_0bovzun._.js:776
[  439126ms] [LOG] [Fast Refresh] done in 9ms @ http://localhost:3000/_next/static/chunks/08i5_next_dist_0bovzun._.js:776
[  439188ms] [LOG] [Fast Refresh] done in 9ms @ http://localhost:3000/_next/static/chunks/08i5_next_dist_0bovzun._.js:776
[  439235ms] [LOG] [Fast Refresh] done in 9ms @ http://localhost:3000/_next/static/chunks/08i5_next_dist_0bovzun._.js:776
[  439297ms] [LOG] [Fast Refresh] done in 9ms @ http://localhost:3000/_next/static/chunks/08i5_next_dist_0bovzun._.js:776
[  439356ms] [LOG] [Fast Refresh] done in 9ms @ http://localhost:3000/_next/static/chunks/08i5_next_dist_0bovzun._.js:776
[  439417ms] [LOG] [Fast Refresh] done in 9ms @ http://localhost:3000/_next/static/chunks/08i5_next_dist_0bovzun._.js:776
[  439478ms] [LOG] [Fast Refresh] done in 9ms @ http://localhost:3000/_next/static/chunks/08i5_next_dist_0bovzun._.js:776
[  439528ms] [LOG] [Fast Refresh] done in 9ms @ http://localhost:3000/_next/static/chunks/08i5_next_dist_0bovzun._.js:776
[  439589ms] [LOG] [Fast Refresh] done in 9ms @ http://localhost:3000/_next/static/chunks/08i5_next_dist_0bovzun._.js:776
[  439643ms] [LOG] [Fast Refresh] done in 9ms @ http://localhost:3000/_next/static/chunks/08i5_next_dist_0bovzun._.js:776
[  439707ms] [LOG] [Fast Refresh] done in 9ms @ http://localhost:3000/_next/static/chunks/08i5_next_dist_0bovzun._.js:776
[  439759ms] [LOG] [Fast Refresh] done in 9ms @ http://localhost:3000/_next/static/chunks/08i5_next_dist_0bovzun._.js:776
[  439809ms] [LOG] [Fast Refresh] done in 9ms @ http://localhost:3000/_next/static/chunks/08i5_next_dist_0bovzun._.js:776
[  439854ms] [LOG] [Fast Refresh] done in 9ms @ http://localhost:3000/_next/static/chunks/08i5_next_dist_0bovzun._.js:776
[  439902ms] [LOG] [Fast Refresh] done in 9ms @ http://localhost:3000/_next/static/chunks/08i5_next_dist_0bovzun._.js:776
[  439953ms] [LOG] [Fast Refresh] done in 9ms @ http://localhost:3000/_next/static/chunks/08i5_next_dist_0bovzun._.js:776
[  440021ms] [LOG] [Fast Refresh] done in 9ms @ http://localhost:3000/_next/static/chunks/08i5_next_dist_0bovzun._.js:776
[  440064ms] [LOG] [Fast Refresh] done in 9ms @ http://localhost:3000/_next/static/chunks/08i5_next_dist_0bovzun._.js:776
[  440117ms] [LOG] [Fast Refresh] done in 9ms @ http://localhost:3000/_next/static/chunks/08i5_next_dist_0bovzun._.js:776
[  440170ms] [LOG] [Fast Refresh] done in 9ms @ http://localhost:3000/_next/static/chunks/08i5_next_dist_0bovzun._.js:776
[  440236ms] [LOG] [Fast Refresh] done in 9ms @ http://localhost:3000/_next/static/chunks/08i5_next_dist_0bovzun._.js:776
[  440301ms] [LOG] [Fast Refresh] done in 9ms @ http://localhost:3000/_next/static/chunks/08i5_next_dist_0bovzun._.js:776
[  440355ms] [LOG] [Fast Refresh] done in 9ms @ http://localhost:3000/_next/static/chunks/08i5_next_dist_0bovzun._.js:776
[  440419ms] [LOG] [Fast Refresh] done in 9ms @ http://localhost:3000/_next/static/chunks/08i5_next_dist_0bovzun._.js:776
[  440468ms] [LOG] [Fast Refresh] done in 9ms @ http://localhost:3000/_next/static/chunks/08i5_next_dist_0bovzun._.js:776
[  440527ms] [LOG] [Fast Refresh] done in 9ms @ http://localhost:3000/_next/static/chunks/08i5_next_dist_0bovzun._.js:776
[  440621ms] [LOG] [Fast Refresh] done in 9ms @ http://localhost:3000/_next/static/chunks/08i5_next_dist_0bovzun._.js:776
[  440684ms] [LOG] [Fast Refresh] done in 9ms @ http://localhost:3000/_next/static/chunks/08i5_next_dist_0bovzun._.js:776
[  440746ms] [LOG] [Fast Refresh] done in 9ms @ http://localhost:3000/_next/static/chunks/08i5_next_dist_0bovzun._.js:776
[  440814ms] [LOG] [Fast Refresh] done in 9ms @ http://localhost:3000/_next/static/chunks/08i5_next_dist_0bovzun._.js:776
[  440873ms] [LOG] [Fast Refresh] done in 9ms @ http://localhost:3000/_next/static/chunks/08i5_next_dist_0bovzun._.js:776
[  440932ms] [LOG] [Fast Refresh] done in 9ms @ http://localhost:3000/_next/static/chunks/08i5_next_dist_0bovzun._.js:776
[  440996ms] [LOG] [Fast Refresh] done in 9ms @ http://localhost:3000/_next/static/chunks/08i5_next_dist_0bovzun._.js:776
[  441057ms] [LOG] [Fast Refresh] done in 9ms @ http://localhost:3000/_next/static/chunks/08i5_next_dist_0bovzun._.js:776
[  441122ms] [LOG] [Fast Refresh] done in 9ms @ http://localhost:3000/_next/static/chunks/08i5_next_dist_0bovzun._.js:776
[  441175ms] [LOG] [Fast Refresh] done in 9ms @ http://localhost:3000/_next/static/chunks/08i5_next_dist_0bovzun._.js:776
[  441216ms] [LOG] [Fast Refresh] done in 9ms @ http://localhost:3000/_next/static/chunks/08i5_next_dist_0bovzun._.js:776
[  441279ms] [LOG] [Fast Refresh] done in 9ms @ http://localhost:3000/_next/static/chunks/08i5_next_dist_0bovzun._.js:776
[  441346ms] [LOG] [Fast Refresh] done in 9ms @ http://localhost:3000/_next/static/chunks/08i5_next_dist_0bovzun._.js:776
[  441408ms] [LOG] [Fast Refresh] done in 9ms @ http://localhost:3000/_next/static/chunks/08i5_next_dist_0bovzun._.js:776
[  441471ms] [LOG] [Fast Refresh] done in 9ms @ http://localhost:3000/_next/static/chunks/08i5_next_dist_0bovzun._.js:776
[  441509ms] [LOG] [Fast Refresh] done in 9ms @ http://localhost:3000/_next/static/chunks/08i5_next_dist_0bovzun._.js:776
[  441560ms] [LOG] [Fast Refresh] done in 9ms @ http://localhost:3000/_next/static/chunks/08i5_next_dist_0bovzun._.js:776
[  441625ms] [LOG] [Fast Refresh] done in 9ms @ http://localhost:3000/_next/static/chunks/08i5_next_dist_0bovzun._.js:776
[  441676ms] [LOG] [Fast Refresh] done in 9ms @ http://localhost:3000/_next/static/chunks/08i5_next_dist_0bovzun._.js:776
[  441740ms] [LOG] [Fast Refresh] done in 9ms @ http://localhost:3000/_next/static/chunks/08i5_next_dist_0bovzun._.js:776
[  441795ms] [LOG] [Fast Refresh] done in 9ms @ http://localhost:3000/_next/static/chunks/08i5_next_dist_0bovzun._.js:776
[  441871ms] [LOG] [Fast Refresh] done in 9ms @ http://localhost:3000/_next/static/chunks/08i5_next_dist_0bovzun._.js:776
[  441934ms] [LOG] [Fast Refresh] done in 9ms @ http://localhost:3000/_next/static/chunks/08i5_next_dist_0bovzun._.js:776
[  441997ms] [LOG] [Fast Refresh] done in 9ms @ http://localhost:3000/_next/static/chunks/08i5_next_dist_0bovzun._.js:776
[  442049ms] [LOG] [Fast Refresh] done in 9ms @ http://localhost:3000/_next/static/chunks/08i5_next_dist_0bovzun._.js:776
[  442121ms] [LOG] [Fast Refresh] done in 9ms @ http://localhost:3000/_next/static/chunks/08i5_next_dist_0bovzun._.js:776
[  442184ms] [LOG] [Fast Refresh] done in 9ms @ http://localhost:3000/_next/static/chunks/08i5_next_dist_0bovzun._.js:776
[  442235ms] [LOG] [Fast Refresh] done in 9ms @ http://localhost:3000/_next/static/chunks/08i5_next_dist_0bovzun._.js:776
[  442281ms] [LOG] [Fast Refresh] done in 9ms @ http://localhost:3000/_next/static/chunks/08i5_next_dist_0bovzun._.js:776
[  442340ms] [LOG] [Fast Refresh] done in 9ms @ http://localhost:3000/_next/static/chunks/08i5_next_dist_0bovzun._.js:776
[  442389ms] [LOG] [Fast Refresh] done in 9ms @ http://localhost:3000/_next/static/chunks/08i5_next_dist_0bovzun._.js:776
[  442449ms] [LOG] [Fast Refresh] done in 9ms @ http://localhost:3000/_next/static/chunks/08i5_next_dist_0bovzun._.js:776
[  442500ms] [LOG] [Fast Refresh] done in 9ms @ http://localhost:3000/_next/static/chunks/08i5_next_dist_0bovzun._.js:776
[  442556ms] [LOG] [Fast Refresh] done in 9ms @ http://localhost:3000/_next/static/chunks/08i5_next_dist_0bovzun._.js:776
[  442612ms] [LOG] [Fast Refresh] done in 9ms @ http://localhost:3000/_next/static/chunks/08i5_next_dist_0bovzun._.js:776
[  442660ms] [LOG] [Fast Refresh] done in 9ms @ http://localhost:3000/_next/static/chunks/08i5_next_dist_0bovzun._.js:776
[  442716ms] [LOG] [Fast Refresh] done in 9ms @ http://localhost:3000/_next/static/chunks/08i5_next_dist_0bovzun._.js:776
[  442758ms] [LOG] [Fast Refresh] done in 9ms @ http://localhost:3000/_next/static/chunks/08i5_next_dist_0bovzun._.js:776
[  442799ms] [LOG] [Fast Refresh] done in 9ms @ http://localhost:3000/_next/static/chunks/08i5_next_dist_0bovzun._.js:776
[  442842ms] [LOG] [Fast Refresh] done in 9ms @ http://localhost:3000/_next/static/chunks/08i5_next_dist_0bovzun._.js:776
[  442894ms] [LOG] [Fast Refresh] done in 9ms @ http://localhost:3000/_next/static/chunks/08i5_next_dist_0bovzun._.js:776
[  442936ms] [LOG] [Fast Refresh] done in 9ms @ http://localhost:3000/_next/static/chunks/08i5_next_dist_0bovzun._.js:776
[  442983ms] [LOG] [Fast Refresh] done in 9ms @ http://localhost:3000/_next/static/chunks/08i5_next_dist_0bovzun._.js:776
[  443026ms] [LOG] [Fast Refresh] done in 9ms @ http://localhost:3000/_next/static/chunks/08i5_next_dist_0bovzun._.js:776
[  443071ms] [LOG] [Fast Refresh] done in 9ms @ http://localhost:3000/_next/static/chunks/08i5_next_dist_0bovzun._.js:776
[  443125ms] [LOG] [Fast Refresh] done in 9ms @ http://localhost:3000/_next/static/chunks/08i5_next_dist_0bovzun._.js:776
[  443189ms] [LOG] [Fast Refresh] done in 9ms @ http://localhost:3000/_next/static/chunks/08i5_next_dist_0bovzun._.js:776
[  443235ms] [LOG] [Fast Refresh] done in 9ms @ http://localhost:3000/_next/static/chunks/08i5_next_dist_0bovzun._.js:776
[  443276ms] [LOG] [Fast Refresh] done in 9ms @ http://localhost:3000/_next/static/chunks/08i5_next_dist_0bovzun._.js:776
[  443325ms] [LOG] [Fast Refresh] done in 9ms @ http://localhost:3000/_next/static/chunks/08i5_next_dist_0bovzun._.js:776
[  443381ms] [LOG] [Fast Refresh] done in 9ms @ http://localhost:3000/_next/static/chunks/08i5_next_dist_0bovzun._.js:776
[  443422ms] [LOG] [Fast Refresh] done in 9ms @ http://localhost:3000/_next/static/chunks/08i5_next_dist_0bovzun._.js:776
[  443486ms] [LOG] [Fast Refresh] done in 9ms @ http://localhost:3000/_next/static/chunks/08i5_next_dist_0bovzun._.js:776
[  443540ms] [LOG] [Fast Refresh] done in 9ms @ http://localhost:3000/_next/static/chunks/08i5_next_dist_0bovzun._.js:776
[  443589ms] [LOG] [Fast Refresh] done in 9ms @ http://localhost:3000/_next/static/chunks/08i5_next_dist_0bovzun._.js:776
[  443641ms] [LOG] [Fast Refresh] done in 9ms @ http://localhost:3000/_next/static/chunks/08i5_next_dist_0bovzun._.js:776
[  443695ms] [LOG] [Fast Refresh] done in 9ms @ http://localhost:3000/_next/static/chunks/08i5_next_dist_0bovzun._.js:776
[  443759ms] [LOG] [Fast Refresh] done in 9ms @ http://localhost:3000/_next/static/chunks/08i5_next_dist_0bovzun._.js:776
[  443814ms] [LOG] [Fast Refresh] done in 9ms @ http://localhost:3000/_next/static/chunks/08i5_next_dist_0bovzun._.js:776
[  443867ms] [LOG] [Fast Refresh] done in 9ms @ http://localhost:3000/_next/static/chunks/08i5_next_dist_0bovzun._.js:776
[  443939ms] [LOG] [Fast Refresh] done in 9ms @ http://localhost:3000/_next/static/chunks/08i5_next_dist_0bovzun._.js:776
[  444004ms] [LOG] [Fast Refresh] done in 9ms @ http://localhost:3000/_next/static/chunks/08i5_next_dist_0bovzun._.js:776
[  444058ms] [LOG] [Fast Refresh] done in 9ms @ http://localhost:3000/_next/static/chunks/08i5_next_dist_0bovzun._.js:776
[  444119ms] [LOG] [Fast Refresh] done in 9ms @ http://localhost:3000/_next/static/chunks/08i5_next_dist_0bovzun._.js:776
[  444183ms] [LOG] [Fast Refresh] done in 9ms @ http://localhost:3000/_next/static/chunks/08i5_next_dist_0bovzun._.js:776
[  444235ms] [LOG] [Fast Refresh] done in 9ms @ http://localhost:3000/_next/static/chunks/08i5_next_dist_0bovzun._.js:776
[  444306ms] [LOG] [Fast Refresh] done in 9ms @ http://localhost:3000/_next/static/chunks/08i5_next_dist_0bovzun._.js:776
[  444371ms] [LOG] [Fast Refresh] done in 9ms @ http://localhost:3000/_next/static/chunks/08i5_next_dist_0bovzun._.js:776
[  444423ms] [LOG] [Fast Refresh] done in 9ms @ http://localhost:3000/_next/static/chunks/08i5_next_dist_0bovzun._.js:776
[  444502ms] [LOG] [Fast Refresh] rebuilding @ http://localhost:3000/_next/static/chunks/08i5_next_dist_0bovzun._.js:776
[  444581ms] [LOG] [Fast Refresh] done in 18ms @ http://localhost:3000/_next/static/chunks/08i5_next_dist_0bovzun._.js:776
[  444641ms] [LOG] [Fast Refresh] done in 18ms @ http://localhost:3000/_next/static/chunks/08i5_next_dist_0bovzun._.js:776
[  444699ms] [LOG] [Fast Refresh] done in 18ms @ http://localhost:3000/_next/static/chunks/08i5_next_dist_0bovzun._.js:776
[  444760ms] [LOG] [Fast Refresh] done in 18ms @ http://localhost:3000/_next/static/chunks/08i5_next_dist_0bovzun._.js:776
[  444947ms] [LOG] [Fast Refresh] done in 18ms @ http://localhost:3000/_next/static/chunks/08i5_next_dist_0bovzun._.js:776
[  445009ms] [LOG] [Fast Refresh] done in 18ms @ http://localhost:3000/_next/static/chunks/08i5_next_dist_0bovzun._.js:776
[  445061ms] [LOG] [Fast Refresh] done in 18ms @ http://localhost:3000/_next/static/chunks/08i5_next_dist_0bovzun._.js:776
[  445109ms] [LOG] [Fast Refresh] done in 18ms @ http://localhost:3000/_next/static/chunks/08i5_next_dist_0bovzun._.js:776
[  445173ms] [LOG] [Fast Refresh] done in 18ms @ http://localhost:3000/_next/static/chunks/08i5_next_dist_0bovzun._.js:776
[  445216ms] [LOG] [Fast Refresh] done in 18ms @ http://localhost:3000/_next/static/chunks/08i5_next_dist_0bovzun._.js:776
[  445271ms] [LOG] [Fast Refresh] done in 18ms @ http://localhost:3000/_next/static/chunks/08i5_next_dist_0bovzun._.js:776
[  445329ms] [LOG] [Fast Refresh] done in 18ms @ http://localhost:3000/_next/static/chunks/08i5_next_dist_0bovzun._.js:776
[  445390ms] [LOG] [Fast Refresh] done in 18ms @ http://localhost:3000/_next/static/chunks/08i5_next_dist_0bovzun._.js:776
[  445441ms] [LOG] [Fast Refresh] done in 18ms @ http://localhost:3000/_next/static/chunks/08i5_next_dist_0bovzun._.js:776
[  445500ms] [LOG] [Fast Refresh] done in 18ms @ http://localhost:3000/_next/static/chunks/08i5_next_dist_0bovzun._.js:776
[  445543ms] [LOG] [Fast Refresh] done in 18ms @ http://localhost:3000/_next/static/chunks/08i5_next_dist_0bovzun._.js:776
[  445592ms] [LOG] [Fast Refresh] done in 18ms @ http://localhost:3000/_next/static/chunks/08i5_next_dist_0bovzun._.js:776
[  445639ms] [LOG] [Fast Refresh] done in 18ms @ http://localhost:3000/_next/static/chunks/08i5_next_dist_0bovzun._.js:776
[  445704ms] [LOG] [Fast Refresh] done in 18ms @ http://localhost:3000/_next/static/chunks/08i5_next_dist_0bovzun._.js:776
[  445806ms] [LOG] [Fast Refresh] done in 18ms @ http://localhost:3000/_next/static/chunks/08i5_next_dist_0bovzun._.js:776
[  445852ms] [LOG] [Fast Refresh] done in 18ms @ http://localhost:3000/_next/static/chunks/08i5_next_dist_0bovzun._.js:776
[  445905ms] [LOG] [Fast Refresh] done in 18ms @ http://localhost:3000/_next/static/chunks/08i5_next_dist_0bovzun._.js:776
[  445966ms] [LOG] [Fast Refresh] done in 18ms @ http://localhost:3000/_next/static/chunks/08i5_next_dist_0bovzun._.js:776
[  446015ms] [LOG] [Fast Refresh] done in 18ms @ http://localhost:3000/_next/static/chunks/08i5_next_dist_0bovzun._.js:776
[  446078ms] [LOG] [Fast Refresh] done in 18ms @ http://localhost:3000/_next/static/chunks/08i5_next_dist_0bovzun._.js:776
[  446135ms] [LOG] [Fast Refresh] done in 18ms @ http://localhost:3000/_next/static/chunks/08i5_next_dist_0bovzun._.js:776
[  446208ms] [LOG] [Fast Refresh] done in 18ms @ http://localhost:3000/_next/static/chunks/08i5_next_dist_0bovzun._.js:776
[  446283ms] [LOG] [Fast Refresh] done in 18ms @ http://localhost:3000/_next/static/chunks/08i5_next_dist_0bovzun._.js:776
[  446342ms] [LOG] [Fast Refresh] done in 18ms @ http://localhost:3000/_next/static/chunks/08i5_next_dist_0bovzun._.js:776
[  446381ms] [LOG] [Fast Refresh] done in 18ms @ http://localhost:3000/_next/static/chunks/08i5_next_dist_0bovzun._.js:776
[  446445ms] [LOG] [Fast Refresh] done in 18ms @ http://localhost:3000/_next/static/chunks/08i5_next_dist_0bovzun._.js:776
[  446486ms] [LOG] [Fast Refresh] done in 18ms @ http://localhost:3000/_next/static/chunks/08i5_next_dist_0bovzun._.js:776
[  446546ms] [LOG] [Fast Refresh] done in 18ms @ http://localhost:3000/_next/static/chunks/08i5_next_dist_0bovzun._.js:776
[  446603ms] [LOG] [Fast Refresh] done in 18ms @ http://localhost:3000/_next/static/chunks/08i5_next_dist_0bovzun._.js:776
[  446655ms] [LOG] [Fast Refresh] done in 18ms @ http://localhost:3000/_next/static/chunks/08i5_next_dist_0bovzun._.js:776
[  446708ms] [LOG] [Fast Refresh] done in 18ms @ http://localhost:3000/_next/static/chunks/08i5_next_dist_0bovzun._.js:776
[  446763ms] [LOG] [Fast Refresh] done in 18ms @ http://localhost:3000/_next/static/chunks/08i5_next_dist_0bovzun._.js:776
[  446833ms] [LOG] [Fast Refresh] done in 18ms @ http://localhost:3000/_next/static/chunks/08i5_next_dist_0bovzun._.js:776
[  446876ms] [LOG] [Fast Refresh] done in 18ms @ http://localhost:3000/_next/static/chunks/08i5_next_dist_0bovzun._.js:776
[  446923ms] [LOG] [Fast Refresh] done in 18ms @ http://localhost:3000/_next/static/chunks/08i5_next_dist_0bovzun._.js:776
[  446968ms] [LOG] [Fast Refresh] done in 18ms @ http://localhost:3000/_next/static/chunks/08i5_next_dist_0bovzun._.js:776
[  447018ms] [LOG] [Fast Refresh] done in 18ms @ http://localhost:3000/_next/static/chunks/08i5_next_dist_0bovzun._.js:776
[  447077ms] [LOG] [Fast Refresh] done in 18ms @ http://localhost:3000/_next/static/chunks/08i5_next_dist_0bovzun._.js:776
[  447131ms] [LOG] [Fast Refresh] done in 18ms @ http://localhost:3000/_next/static/chunks/08i5_next_dist_0bovzun._.js:776
[  447189ms] [LOG] [Fast Refresh] done in 18ms @ http://localhost:3000/_next/static/chunks/08i5_next_dist_0bovzun._.js:776
[  447239ms] [LOG] [Fast Refresh] done in 18ms @ http://localhost:3000/_next/static/chunks/08i5_next_dist_0bovzun._.js:776
[  447300ms] [LOG] [Fast Refresh] done in 18ms @ http://localhost:3000/_next/static/chunks/08i5_next_dist_0bovzun._.js:776
[  447363ms] [LOG] [Fast Refresh] done in 18ms @ http://localhost:3000/_next/static/chunks/08i5_next_dist_0bovzun._.js:776
[  447419ms] [LOG] [Fast Refresh] done in 18ms @ http://localhost:3000/_next/static/chunks/08i5_next_dist_0bovzun._.js:776
[  447476ms] [LOG] [Fast Refresh] done in 18ms @ http://localhost:3000/_next/static/chunks/08i5_next_dist_0bovzun._.js:776
[  447530ms] [LOG] [Fast Refresh] done in 18ms @ http://localhost:3000/_next/static/chunks/08i5_next_dist_0bovzun._.js:776
[  447594ms] [LOG] [Fast Refresh] done in 18ms @ http://localhost:3000/_next/static/chunks/08i5_next_dist_0bovzun._.js:776
[  447651ms] [LOG] [Fast Refresh] done in 18ms @ http://localhost:3000/_next/static/chunks/08i5_next_dist_0bovzun._.js:776
[  447700ms] [LOG] [Fast Refresh] done in 18ms @ http://localhost:3000/_next/static/chunks/08i5_next_dist_0bovzun._.js:776
[  447749ms] [LOG] [Fast Refresh] done in 18ms @ http://localhost:3000/_next/static/chunks/08i5_next_dist_0bovzun._.js:776
[  447798ms] [LOG] [Fast Refresh] done in 18ms @ http://localhost:3000/_next/static/chunks/08i5_next_dist_0bovzun._.js:776
[  447840ms] [LOG] [Fast Refresh] done in 18ms @ http://localhost:3000/_next/static/chunks/08i5_next_dist_0bovzun._.js:776
[  447889ms] [LOG] [Fast Refresh] done in 18ms @ http://localhost:3000/_next/static/chunks/08i5_next_dist_0bovzun._.js:776
[  447951ms] [LOG] [Fast Refresh] done in 18ms @ http://localhost:3000/_next/static/chunks/08i5_next_dist_0bovzun._.js:776
[  448007ms] [LOG] [Fast Refresh] done in 18ms @ http://localhost:3000/_next/static/chunks/08i5_next_dist_0bovzun._.js:776
[  448069ms] [LOG] [Fast Refresh] done in 18ms @ http://localhost:3000/_next/static/chunks/08i5_next_dist_0bovzun._.js:776
[  448110ms] [LOG] [Fast Refresh] done in 18ms @ http://localhost:3000/_next/static/chunks/08i5_next_dist_0bovzun._.js:776
[  448163ms] [LOG] [Fast Refresh] done in 18ms @ http://localhost:3000/_next/static/chunks/08i5_next_dist_0bovzun._.js:776
[  448210ms] [LOG] [Fast Refresh] done in 18ms @ http://localhost:3000/_next/static/chunks/08i5_next_dist_0bovzun._.js:776
[  448258ms] [LOG] [Fast Refresh] done in 18ms @ http://localhost:3000/_next/static/chunks/08i5_next_dist_0bovzun._.js:776
[  448311ms] [LOG] [Fast Refresh] done in 18ms @ http://localhost:3000/_next/static/chunks/08i5_next_dist_0bovzun._.js:776
[  448354ms] [LOG] [Fast Refresh] done in 18ms @ http://localhost:3000/_next/static/chunks/08i5_next_dist_0bovzun._.js:776
[  448407ms] [LOG] [Fast Refresh] done in 18ms @ http://localhost:3000/_next/static/chunks/08i5_next_dist_0bovzun._.js:776
[  448451ms] [LOG] [Fast Refresh] done in 18ms @ http://localhost:3000/_next/static/chunks/08i5_next_dist_0bovzun._.js:776
[  448513ms] [LOG] [Fast Refresh] done in 18ms @ http://localhost:3000/_next/static/chunks/08i5_next_dist_0bovzun._.js:776
[  448563ms] [LOG] [Fast Refresh] done in 18ms @ http://localhost:3000/_next/static/chunks/08i5_next_dist_0bovzun._.js:776
[  448623ms] [LOG] [Fast Refresh] done in 18ms @ http://localhost:3000/_next/static/chunks/08i5_next_dist_0bovzun._.js:776
[  448670ms] [LOG] [Fast Refresh] done in 18ms @ http://localhost:3000/_next/static/chunks/08i5_next_dist_0bovzun._.js:776
[  448735ms] [LOG] [Fast Refresh] done in 18ms @ http://localhost:3000/_next/static/chunks/08i5_next_dist_0bovzun._.js:776
[  448781ms] [LOG] [Fast Refresh] done in 18ms @ http://localhost:3000/_next/static/chunks/08i5_next_dist_0bovzun._.js:776
[  448832ms] [LOG] [Fast Refresh] done in 18ms @ http://localhost:3000/_next/static/chunks/08i5_next_dist_0bovzun._.js:776
[  448890ms] [LOG] [Fast Refresh] done in 18ms @ http://localhost:3000/_next/static/chunks/08i5_next_dist_0bovzun._.js:776
[  448950ms] [LOG] [Fast Refresh] done in 18ms @ http://localhost:3000/_next/static/chunks/08i5_next_dist_0bovzun._.js:776
[  448999ms] [LOG] [Fast Refresh] done in 18ms @ http://localhost:3000/_next/static/chunks/08i5_next_dist_0bovzun._.js:776
[  449054ms] [LOG] [Fast Refresh] done in 18ms @ http://localhost:3000/_next/static/chunks/08i5_next_dist_0bovzun._.js:776
[  449115ms] [LOG] [Fast Refresh] done in 18ms @ http://localhost:3000/_next/static/chunks/08i5_next_dist_0bovzun._.js:776
[  449168ms] [LOG] [Fast Refresh] done in 18ms @ http://localhost:3000/_next/static/chunks/08i5_next_dist_0bovzun._.js:776
[  449224ms] [LOG] [Fast Refresh] done in 18ms @ http://localhost:3000/_next/static/chunks/08i5_next_dist_0bovzun._.js:776
[  449277ms] [LOG] [Fast Refresh] done in 18ms @ http://localhost:3000/_next/static/chunks/08i5_next_dist_0bovzun._.js:776
[  449340ms] [LOG] [Fast Refresh] done in 18ms @ http://localhost:3000/_next/static/chunks/08i5_next_dist_0bovzun._.js:776
[  449404ms] [LOG] [Fast Refresh] done in 18ms @ http://localhost:3000/_next/static/chunks/08i5_next_dist_0bovzun._.js:776
[  449468ms] [LOG] [Fast Refresh] done in 18ms @ http://localhost:3000/_next/static/chunks/08i5_next_dist_0bovzun._.js:776
[  449522ms] [LOG] [Fast Refresh] done in 18ms @ http://localhost:3000/_next/static/chunks/08i5_next_dist_0bovzun._.js:776
[  449584ms] [LOG] [Fast Refresh] done in 18ms @ http://localhost:3000/_next/static/chunks/08i5_next_dist_0bovzun._.js:776
[  449653ms] [LOG] [Fast Refresh] done in 18ms @ http://localhost:3000/_next/static/chunks/08i5_next_dist_0bovzun._.js:776
[  449715ms] [LOG] [Fast Refresh] done in 18ms @ http://localhost:3000/_next/static/chunks/08i5_next_dist_0bovzun._.js:776
[  449778ms] [LOG] [Fast Refresh] done in 18ms @ http://localhost:3000/_next/static/chunks/08i5_next_dist_0bovzun._.js:776
[  449829ms] [LOG] [Fast Refresh] done in 18ms @ http://localhost:3000/_next/static/chunks/08i5_next_dist_0bovzun._.js:776
[  449892ms] [LOG] [Fast Refresh] done in 18ms @ http://localhost:3000/_next/static/chunks/08i5_next_dist_0bovzun._.js:776
[  449948ms] [LOG] [Fast Refresh] done in 18ms @ http://localhost:3000/_next/static/chunks/08i5_next_dist_0bovzun._.js:776
[  450013ms] [LOG] [Fast Refresh] done in 18ms @ http://localhost:3000/_next/static/chunks/08i5_next_dist_0bovzun._.js:776
[  450074ms] [LOG] [Fast Refresh] done in 18ms @ http://localhost:3000/_next/static/chunks/08i5_next_dist_0bovzun._.js:776
[  450137ms] [LOG] [Fast Refresh] done in 18ms @ http://localhost:3000/_next/static/chunks/08i5_next_dist_0bovzun._.js:776
[  450197ms] [LOG] [Fast Refresh] done in 18ms @ http://localhost:3000/_next/static/chunks/08i5_next_dist_0bovzun._.js:776
[  450261ms] [LOG] [Fast Refresh] done in 18ms @ http://localhost:3000/_next/static/chunks/08i5_next_dist_0bovzun._.js:776
[  450320ms] [LOG] [Fast Refresh] done in 18ms @ http://localhost:3000/_next/static/chunks/08i5_next_dist_0bovzun._.js:776
[  450370ms] [LOG] [Fast Refresh] done in 18ms @ http://localhost:3000/_next/static/chunks/08i5_next_dist_0bovzun._.js:776
[  450426ms] [LOG] [Fast Refresh] done in 18ms @ http://localhost:3000/_next/static/chunks/08i5_next_dist_0bovzun._.js:776
[  450487ms] [LOG] [Fast Refresh] done in 18ms @ http://localhost:3000/_next/static/chunks/08i5_next_dist_0bovzun._.js:776
[  450541ms] [LOG] [Fast Refresh] done in 18ms @ http://localhost:3000/_next/static/chunks/08i5_next_dist_0bovzun._.js:776
[  450590ms] [LOG] [Fast Refresh] done in 18ms @ http://localhost:3000/_next/static/chunks/08i5_next_dist_0bovzun._.js:776
[  450640ms] [LOG] [Fast Refresh] done in 18ms @ http://localhost:3000/_next/static/chunks/08i5_next_dist_0bovzun._.js:776
[  450698ms] [LOG] [Fast Refresh] done in 18ms @ http://localhost:3000/_next/static/chunks/08i5_next_dist_0bovzun._.js:776
[  450761ms] [LOG] [Fast Refresh] done in 18ms @ http://localhost:3000/_next/static/chunks/08i5_next_dist_0bovzun._.js:776
[  450810ms] [LOG] [Fast Refresh] done in 18ms @ http://localhost:3000/_next/static/chunks/08i5_next_dist_0bovzun._.js:776
[  450858ms] [LOG] [Fast Refresh] done in 18ms @ http://localhost:3000/_next/static/chunks/08i5_next_dist_0bovzun._.js:776
[  450916ms] [LOG] [Fast Refresh] done in 18ms @ http://localhost:3000/_next/static/chunks/08i5_next_dist_0bovzun._.js:776
[  450981ms] [LOG] [Fast Refresh] done in 18ms @ http://localhost:3000/_next/static/chunks/08i5_next_dist_0bovzun._.js:776
[  451043ms] [LOG] [Fast Refresh] done in 18ms @ http://localhost:3000/_next/static/chunks/08i5_next_dist_0bovzun._.js:776
[  451107ms] [LOG] [Fast Refresh] done in 18ms @ http://localhost:3000/_next/static/chunks/08i5_next_dist_0bovzun._.js:776
[  451167ms] [LOG] [Fast Refresh] done in 18ms @ http://localhost:3000/_next/static/chunks/08i5_next_dist_0bovzun._.js:776
[  451230ms] [LOG] [Fast Refresh] done in 18ms @ http://localhost:3000/_next/static/chunks/08i5_next_dist_0bovzun._.js:776
[  451298ms] [LOG] [Fast Refresh] done in 18ms @ http://localhost:3000/_next/static/chunks/08i5_next_dist_0bovzun._.js:776
[  451355ms] [LOG] [Fast Refresh] done in 18ms @ http://localhost:3000/_next/static/chunks/08i5_next_dist_0bovzun._.js:776
[  451421ms] [LOG] [Fast Refresh] done in 18ms @ http://localhost:3000/_next/static/chunks/08i5_next_dist_0bovzun._.js:776
[  451476ms] [LOG] [Fast Refresh] done in 18ms @ http://localhost:3000/_next/static/chunks/08i5_next_dist_0bovzun._.js:776
[  451528ms] [LOG] [Fast Refresh] done in 18ms @ http://localhost:3000/_next/static/chunks/08i5_next_dist_0bovzun._.js:776
[  451590ms] [LOG] [Fast Refresh] done in 18ms @ http://localhost:3000/_next/static/chunks/08i5_next_dist_0bovzun._.js:776
[  451636ms] [LOG] [Fast Refresh] done in 18ms @ http://localhost:3000/_next/static/chunks/08i5_next_dist_0bovzun._.js:776
[  451699ms] [LOG] [Fast Refresh] done in 18ms @ http://localhost:3000/_next/static/chunks/08i5_next_dist_0bovzun._.js:776
[  451754ms] [LOG] [Fast Refresh] done in 18ms @ http://localhost:3000/_next/static/chunks/08i5_next_dist_0bovzun._.js:776
[  451809ms] [LOG] [Fast Refresh] done in 18ms @ http://localhost:3000/_next/static/chunks/08i5_next_dist_0bovzun._.js:776
[  451870ms] [LOG] [Fast Refresh] done in 18ms @ http://localhost:3000/_next/static/chunks/08i5_next_dist_0bovzun._.js:776
[  451933ms] [LOG] [Fast Refresh] done in 18ms @ http://localhost:3000/_next/static/chunks/08i5_next_dist_0bovzun._.js:776
[  451982ms] [LOG] [Fast Refresh] done in 18ms @ http://localhost:3000/_next/static/chunks/08i5_next_dist_0bovzun._.js:776
[  452059ms] [LOG] [Fast Refresh] done in 18ms @ http://localhost:3000/_next/static/chunks/08i5_next_dist_0bovzun._.js:776
[  452121ms] [LOG] [Fast Refresh] done in 18ms @ http://localhost:3000/_next/static/chunks/08i5_next_dist_0bovzun._.js:776
[  452185ms] [LOG] [Fast Refresh] done in 18ms @ http://localhost:3000/_next/static/chunks/08i5_next_dist_0bovzun._.js:776
[  452246ms] [LOG] [Fast Refresh] done in 18ms @ http://localhost:3000/_next/static/chunks/08i5_next_dist_0bovzun._.js:776
[  452308ms] [LOG] [Fast Refresh] done in 18ms @ http://localhost:3000/_next/static/chunks/08i5_next_dist_0bovzun._.js:776
[  452372ms] [LOG] [Fast Refresh] done in 18ms @ http://localhost:3000/_next/static/chunks/08i5_next_dist_0bovzun._.js:776
[  452434ms] [LOG] [Fast Refresh] done in 18ms @ http://localhost:3000/_next/static/chunks/08i5_next_dist_0bovzun._.js:776
[  452496ms] [LOG] [Fast Refresh] done in 18ms @ http://localhost:3000/_next/static/chunks/08i5_next_dist_0bovzun._.js:776
[  452558ms] [LOG] [Fast Refresh] done in 18ms @ http://localhost:3000/_next/static/chunks/08i5_next_dist_0bovzun._.js:776
[  452614ms] [LOG] [Fast Refresh] done in 18ms @ http://localhost:3000/_next/static/chunks/08i5_next_dist_0bovzun._.js:776
[  452672ms] [LOG] [Fast Refresh] done in 18ms @ http://localhost:3000/_next/static/chunks/08i5_next_dist_0bovzun._.js:776
[  452721ms] [LOG] [Fast Refresh] done in 18ms @ http://localhost:3000/_next/static/chunks/08i5_next_dist_0bovzun._.js:776
[  452780ms] [LOG] [Fast Refresh] done in 18ms @ http://localhost:3000/_next/static/chunks/08i5_next_dist_0bovzun._.js:776
[  452825ms] [LOG] [Fast Refresh] done in 18ms @ http://localhost:3000/_next/static/chunks/08i5_next_dist_0bovzun._.js:776
[  452870ms] [LOG] [Fast Refresh] done in 18ms @ http://localhost:3000/_next/static/chunks/08i5_next_dist_0bovzun._.js:776
[  452924ms] [LOG] [Fast Refresh] done in 18ms @ http://localhost:3000/_next/static/chunks/08i5_next_dist_0bovzun._.js:776
[  452982ms] [LOG] [Fast Refresh] done in 18ms @ http://localhost:3000/_next/static/chunks/08i5_next_dist_0bovzun._.js:776
[  453041ms] [LOG] [Fast Refresh] done in 18ms @ http://localhost:3000/_next/static/chunks/08i5_next_dist_0bovzun._.js:776
[  453090ms] [LOG] [Fast Refresh] done in 18ms @ http://localhost:3000/_next/static/chunks/08i5_next_dist_0bovzun._.js:776
[  453150ms] [LOG] [Fast Refresh] done in 18ms @ http://localhost:3000/_next/static/chunks/08i5_next_dist_0bovzun._.js:776
[  453200ms] [LOG] [Fast Refresh] done in 18ms @ http://localhost:3000/_next/static/chunks/08i5_next_dist_0bovzun._.js:776
[  453251ms] [LOG] [Fast Refresh] done in 18ms @ http://localhost:3000/_next/static/chunks/08i5_next_dist_0bovzun._.js:776
[  453313ms] [LOG] [Fast Refresh] done in 18ms @ http://localhost:3000/_next/static/chunks/08i5_next_dist_0bovzun._.js:776
[  453360ms] [LOG] [Fast Refresh] done in 18ms @ http://localhost:3000/_next/static/chunks/08i5_next_dist_0bovzun._.js:776
[  453409ms] [LOG] [Fast Refresh] done in 18ms @ http://localhost:3000/_next/static/chunks/08i5_next_dist_0bovzun._.js:776
[  453466ms] [LOG] [Fast Refresh] done in 18ms @ http://localhost:3000/_next/static/chunks/08i5_next_dist_0bovzun._.js:776
[  453514ms] [LOG] [Fast Refresh] done in 18ms @ http://localhost:3000/_next/static/chunks/08i5_next_dist_0bovzun._.js:776
[  453568ms] [LOG] [Fast Refresh] done in 18ms @ http://localhost:3000/_next/static/chunks/08i5_next_dist_0bovzun._.js:776
[  453610ms] [LOG] [Fast Refresh] done in 18ms @ http://localhost:3000/_next/static/chunks/08i5_next_dist_0bovzun._.js:776
[  453657ms] [LOG] [Fast Refresh] done in 18ms @ http://localhost:3000/_next/static/chunks/08i5_next_dist_0bovzun._.js:776
[  453716ms] [LOG] [Fast Refresh] done in 18ms @ http://localhost:3000/_next/static/chunks/08i5_next_dist_0bovzun._.js:776
[  453779ms] [LOG] [Fast Refresh] done in 18ms @ http://localhost:3000/_next/static/chunks/08i5_next_dist_0bovzun._.js:776
[  453844ms] [LOG] [Fast Refresh] done in 18ms @ http://localhost:3000/_next/static/chunks/08i5_next_dist_0bovzun._.js:776
[  453890ms] [LOG] [Fast Refresh] done in 18ms @ http://localhost:3000/_next/static/chunks/08i5_next_dist_0bovzun._.js:776
[  453973ms] [LOG] [Fast Refresh] done in 18ms @ http://localhost:3000/_next/static/chunks/08i5_next_dist_0bovzun._.js:776
[  454014ms] [LOG] [Fast Refresh] done in 18ms @ http://localhost:3000/_next/static/chunks/08i5_next_dist_0bovzun._.js:776
[  454060ms] [LOG] [Fast Refresh] done in 18ms @ http://localhost:3000/_next/static/chunks/08i5_next_dist_0bovzun._.js:776
[  454114ms] [LOG] [Fast Refresh] done in 18ms @ http://localhost:3000/_next/static/chunks/08i5_next_dist_0bovzun._.js:776
[  454162ms] [LOG] [Fast Refresh] done in 18ms @ http://localhost:3000/_next/static/chunks/08i5_next_dist_0bovzun._.js:776
[  454224ms] [LOG] [Fast Refresh] done in 18ms @ http://localhost:3000/_next/static/chunks/08i5_next_dist_0bovzun._.js:776
[  454271ms] [LOG] [Fast Refresh] done in 18ms @ http://localhost:3000/_next/static/chunks/08i5_next_dist_0bovzun._.js:776
[  454324ms] [LOG] [Fast Refresh] done in 18ms @ http://localhost:3000/_next/static/chunks/08i5_next_dist_0bovzun._.js:776
[  454386ms] [LOG] [Fast Refresh] done in 18ms @ http://localhost:3000/_next/static/chunks/08i5_next_dist_0bovzun._.js:776
[  454425ms] [LOG] [Fast Refresh] done in 18ms @ http://localhost:3000/_next/static/chunks/08i5_next_dist_0bovzun._.js:776
[  454485ms] [LOG] [Fast Refresh] done in 18ms @ http://localhost:3000/_next/static/chunks/08i5_next_dist_0bovzun._.js:776
[  454547ms] [LOG] [Fast Refresh] done in 18ms @ http://localhost:3000/_next/static/chunks/08i5_next_dist_0bovzun._.js:776
[  454611ms] [LOG] [Fast Refresh] done in 18ms @ http://localhost:3000/_next/static/chunks/08i5_next_dist_0bovzun._.js:776
[  454655ms] [LOG] [Fast Refresh] done in 18ms @ http://localhost:3000/_next/static/chunks/08i5_next_dist_0bovzun._.js:776
[  454718ms] [LOG] [Fast Refresh] done in 18ms @ http://localhost:3000/_next/static/chunks/08i5_next_dist_0bovzun._.js:776
[  454777ms] [LOG] [Fast Refresh] done in 18ms @ http://localhost:3000/_next/static/chunks/08i5_next_dist_0bovzun._.js:776
[  454839ms] [LOG] [Fast Refresh] done in 18ms @ http://localhost:3000/_next/static/chunks/08i5_next_dist_0bovzun._.js:776
[  454891ms] [LOG] [Fast Refresh] done in 18ms @ http://localhost:3000/_next/static/chunks/08i5_next_dist_0bovzun._.js:776
[  454953ms] [LOG] [Fast Refresh] done in 18ms @ http://localhost:3000/_next/static/chunks/08i5_next_dist_0bovzun._.js:776
[  455006ms] [LOG] [Fast Refresh] done in 18ms @ http://localhost:3000/_next/static/chunks/08i5_next_dist_0bovzun._.js:776
[  455058ms] [LOG] [Fast Refresh] done in 18ms @ http://localhost:3000/_next/static/chunks/08i5_next_dist_0bovzun._.js:776
[  455121ms] [LOG] [Fast Refresh] done in 18ms @ http://localhost:3000/_next/static/chunks/08i5_next_dist_0bovzun._.js:776
[  455183ms] [LOG] [Fast Refresh] done in 18ms @ http://localhost:3000/_next/static/chunks/08i5_next_dist_0bovzun._.js:776
[  455235ms] [LOG] [Fast Refresh] done in 18ms @ http://localhost:3000/_next/static/chunks/08i5_next_dist_0bovzun._.js:776
[  455292ms] [LOG] [Fast Refresh] done in 18ms @ http://localhost:3000/_next/static/chunks/08i5_next_dist_0bovzun._.js:776
[  455346ms] [LOG] [Fast Refresh] done in 18ms @ http://localhost:3000/_next/static/chunks/08i5_next_dist_0bovzun._.js:776
[  455405ms] [LOG] [Fast Refresh] done in 18ms @ http://localhost:3000/_next/static/chunks/08i5_next_dist_0bovzun._.js:776
[  455444ms] [LOG] [Fast Refresh] done in 18ms @ http://localhost:3000/_next/static/chunks/08i5_next_dist_0bovzun._.js:776
[  455497ms] [LOG] [Fast Refresh] done in 18ms @ http://localhost:3000/_next/static/chunks/08i5_next_dist_0bovzun._.js:776
[  455559ms] [LOG] [Fast Refresh] done in 18ms @ http://localhost:3000/_next/static/chunks/08i5_next_dist_0bovzun._.js:776
[  455623ms] [LOG] [Fast Refresh] done in 18ms @ http://localhost:3000/_next/static/chunks/08i5_next_dist_0bovzun._.js:776
[  455672ms] [LOG] [Fast Refresh] done in 18ms @ http://localhost:3000/_next/static/chunks/08i5_next_dist_0bovzun._.js:776
[  455737ms] [LOG] [Fast Refresh] done in 18ms @ http://localhost:3000/_next/static/chunks/08i5_next_dist_0bovzun._.js:776
[  455793ms] [LOG] [Fast Refresh] done in 18ms @ http://localhost:3000/_next/static/chunks/08i5_next_dist_0bovzun._.js:776
[  455844ms] [LOG] [Fast Refresh] done in 18ms @ http://localhost:3000/_next/static/chunks/08i5_next_dist_0bovzun._.js:776
[  455903ms] [LOG] [Fast Refresh] done in 18ms @ http://localhost:3000/_next/static/chunks/08i5_next_dist_0bovzun._.js:776
[  455955ms] [LOG] [Fast Refresh] done in 18ms @ http://localhost:3000/_next/static/chunks/08i5_next_dist_0bovzun._.js:776
[  456017ms] [LOG] [Fast Refresh] done in 18ms @ http://localhost:3000/_next/static/chunks/08i5_next_dist_0bovzun._.js:776
[  456074ms] [LOG] [Fast Refresh] done in 18ms @ http://localhost:3000/_next/static/chunks/08i5_next_dist_0bovzun._.js:776
[  456140ms] [LOG] [Fast Refresh] done in 18ms @ http://localhost:3000/_next/static/chunks/08i5_next_dist_0bovzun._.js:776
[  456190ms] [LOG] [Fast Refresh] done in 18ms @ http://localhost:3000/_next/static/chunks/08i5_next_dist_0bovzun._.js:776
[  456243ms] [LOG] [Fast Refresh] done in 18ms @ http://localhost:3000/_next/static/chunks/08i5_next_dist_0bovzun._.js:776
[  456293ms] [LOG] [Fast Refresh] done in 18ms @ http://localhost:3000/_next/static/chunks/08i5_next_dist_0bovzun._.js:776
[  456341ms] [LOG] [Fast Refresh] done in 18ms @ http://localhost:3000/_next/static/chunks/08i5_next_dist_0bovzun._.js:776
[  456403ms] [LOG] [Fast Refresh] done in 18ms @ http://localhost:3000/_next/static/chunks/08i5_next_dist_0bovzun._.js:776
[  456449ms] [LOG] [Fast Refresh] done in 18ms @ http://localhost:3000/_next/static/chunks/08i5_next_dist_0bovzun._.js:776
[  456511ms] [LOG] [Fast Refresh] done in 18ms @ http://localhost:3000/_next/static/chunks/08i5_next_dist_0bovzun._.js:776
[  456560ms] [LOG] [Fast Refresh] done in 18ms @ http://localhost:3000/_next/static/chunks/08i5_next_dist_0bovzun._.js:776
[  456613ms] [LOG] [Fast Refresh] done in 18ms @ http://localhost:3000/_next/static/chunks/08i5_next_dist_0bovzun._.js:776
[  456663ms] [LOG] [Fast Refresh] done in 18ms @ http://localhost:3000/_next/static/chunks/08i5_next_dist_0bovzun._.js:776
[  456720ms] [LOG] [Fast Refresh] done in 18ms @ http://localhost:3000/_next/static/chunks/08i5_next_dist_0bovzun._.js:776
[  456793ms] [LOG] [Fast Refresh] done in 18ms @ http://localhost:3000/_next/static/chunks/08i5_next_dist_0bovzun._.js:776
[  456857ms] [LOG] [Fast Refresh] done in 18ms @ http://localhost:3000/_next/static/chunks/08i5_next_dist_0bovzun._.js:776
[  456903ms] [LOG] [Fast Refresh] done in 18ms @ http://localhost:3000/_next/static/chunks/08i5_next_dist_0bovzun._.js:776
[  456965ms] [LOG] [Fast Refresh] done in 18ms @ http://localhost:3000/_next/static/chunks/08i5_next_dist_0bovzun._.js:776
[  457037ms] [LOG] [Fast Refresh] done in 18ms @ http://localhost:3000/_next/static/chunks/08i5_next_dist_0bovzun._.js:776
[  457078ms] [LOG] [Fast Refresh] done in 18ms @ http://localhost:3000/_next/static/chunks/08i5_next_dist_0bovzun._.js:776
[  457148ms] [LOG] [Fast Refresh] done in 18ms @ http://localhost:3000/_next/static/chunks/08i5_next_dist_0bovzun._.js:776
[  457187ms] [LOG] [Fast Refresh] done in 18ms @ http://localhost:3000/_next/static/chunks/08i5_next_dist_0bovzun._.js:776
[  457258ms] [LOG] [Fast Refresh] done in 18ms @ http://localhost:3000/_next/static/chunks/08i5_next_dist_0bovzun._.js:776
[  457309ms] [LOG] [Fast Refresh] done in 18ms @ http://localhost:3000/_next/static/chunks/08i5_next_dist_0bovzun._.js:776
[  457366ms] [LOG] [Fast Refresh] done in 18ms @ http://localhost:3000/_next/static/chunks/08i5_next_dist_0bovzun._.js:776
[  457404ms] [LOG] [Fast Refresh] done in 18ms @ http://localhost:3000/_next/static/chunks/08i5_next_dist_0bovzun._.js:776
[  457465ms] [LOG] [Fast Refresh] done in 18ms @ http://localhost:3000/_next/static/chunks/08i5_next_dist_0bovzun._.js:776
[  457516ms] [LOG] [Fast Refresh] done in 18ms @ http://localhost:3000/_next/static/chunks/08i5_next_dist_0bovzun._.js:776
[  457574ms] [LOG] [Fast Refresh] done in 18ms @ http://localhost:3000/_next/static/chunks/08i5_next_dist_0bovzun._.js:776
[  457631ms] [LOG] [Fast Refresh] done in 18ms @ http://localhost:3000/_next/static/chunks/08i5_next_dist_0bovzun._.js:776
[  457689ms] [LOG] [Fast Refresh] done in 18ms @ http://localhost:3000/_next/static/chunks/08i5_next_dist_0bovzun._.js:776
[  457738ms] [LOG] [Fast Refresh] done in 18ms @ http://localhost:3000/_next/static/chunks/08i5_next_dist_0bovzun._.js:776
[  457795ms] [LOG] [Fast Refresh] done in 18ms @ http://localhost:3000/_next/static/chunks/08i5_next_dist_0bovzun._.js:776
[  457840ms] [LOG] [Fast Refresh] done in 18ms @ http://localhost:3000/_next/static/chunks/08i5_next_dist_0bovzun._.js:776
[  457903ms] [LOG] [Fast Refresh] done in 18ms @ http://localhost:3000/_next/static/chunks/08i5_next_dist_0bovzun._.js:776
[  457947ms] [LOG] [Fast Refresh] done in 18ms @ http://localhost:3000/_next/static/chunks/08i5_next_dist_0bovzun._.js:776
[  457986ms] [LOG] [Fast Refresh] done in 18ms @ http://localhost:3000/_next/static/chunks/08i5_next_dist_0bovzun._.js:776
[  458041ms] [LOG] [Fast Refresh] done in 18ms @ http://localhost:3000/_next/static/chunks/08i5_next_dist_0bovzun._.js:776
[  458082ms] [LOG] [Fast Refresh] done in 18ms @ http://localhost:3000/_next/static/chunks/08i5_next_dist_0bovzun._.js:776
[  458124ms] [LOG] [Fast Refresh] done in 18ms @ http://localhost:3000/_next/static/chunks/08i5_next_dist_0bovzun._.js:776
[  458169ms] [LOG] [Fast Refresh] done in 18ms @ http://localhost:3000/_next/static/chunks/08i5_next_dist_0bovzun._.js:776
[  458225ms] [LOG] [Fast Refresh] done in 18ms @ http://localhost:3000/_next/static/chunks/08i5_next_dist_0bovzun._.js:776
[  458265ms] [LOG] [Fast Refresh] done in 18ms @ http://localhost:3000/_next/static/chunks/08i5_next_dist_0bovzun._.js:776
[  458318ms] [LOG] [Fast Refresh] done in 18ms @ http://localhost:3000/_next/static/chunks/08i5_next_dist_0bovzun._.js:776
[  458360ms] [LOG] [Fast Refresh] done in 18ms @ http://localhost:3000/_next/static/chunks/08i5_next_dist_0bovzun._.js:776
[  458403ms] [LOG] [Fast Refresh] done in 18ms @ http://localhost:3000/_next/static/chunks/08i5_next_dist_0bovzun._.js:776
[  458453ms] [LOG] [Fast Refresh] done in 18ms @ http://localhost:3000/_next/static/chunks/08i5_next_dist_0bovzun._.js:776
[  458514ms] [LOG] [Fast Refresh] done in 18ms @ http://localhost:3000/_next/static/chunks/08i5_next_dist_0bovzun._.js:776
[  458560ms] [LOG] [Fast Refresh] done in 18ms @ http://localhost:3000/_next/static/chunks/08i5_next_dist_0bovzun._.js:776
[  458603ms] [LOG] [Fast Refresh] done in 18ms @ http://localhost:3000/_next/static/chunks/08i5_next_dist_0bovzun._.js:776
[  458657ms] [LOG] [Fast Refresh] done in 18ms @ http://localhost:3000/_next/static/chunks/08i5_next_dist_0bovzun._.js:776
[  458713ms] [LOG] [Fast Refresh] done in 18ms @ http://localhost:3000/_next/static/chunks/08i5_next_dist_0bovzun._.js:776
[  458765ms] [LOG] [Fast Refresh] done in 18ms @ http://localhost:3000/_next/static/chunks/08i5_next_dist_0bovzun._.js:776
[  458829ms] [LOG] [Fast Refresh] done in 18ms @ http://localhost:3000/_next/static/chunks/08i5_next_dist_0bovzun._.js:776
[  458887ms] [LOG] [Fast Refresh] done in 18ms @ http://localhost:3000/_next/static/chunks/08i5_next_dist_0bovzun._.js:776
[  458948ms] [LOG] [Fast Refresh] done in 18ms @ http://localhost:3000/_next/static/chunks/08i5_next_dist_0bovzun._.js:776
[  459011ms] [LOG] [Fast Refresh] done in 18ms @ http://localhost:3000/_next/static/chunks/08i5_next_dist_0bovzun._.js:776
[  459047ms] [LOG] [Fast Refresh] done in 18ms @ http://localhost:3000/_next/static/chunks/08i5_next_dist_0bovzun._.js:776
[  459097ms] [LOG] [Fast Refresh] done in 18ms @ http://localhost:3000/_next/static/chunks/08i5_next_dist_0bovzun._.js:776
[  459152ms] [LOG] [Fast Refresh] done in 18ms @ http://localhost:3000/_next/static/chunks/08i5_next_dist_0bovzun._.js:776
[  459222ms] [LOG] [Fast Refresh] done in 18ms @ http://localhost:3000/_next/static/chunks/08i5_next_dist_0bovzun._.js:776
[  459294ms] [LOG] [Fast Refresh] done in 18ms @ http://localhost:3000/_next/static/chunks/08i5_next_dist_0bovzun._.js:776
[  459357ms] [LOG] [Fast Refresh] done in 18ms @ http://localhost:3000/_next/static/chunks/08i5_next_dist_0bovzun._.js:776
[  459418ms] [LOG] [Fast Refresh] done in 18ms @ http://localhost:3000/_next/static/chunks/08i5_next_dist_0bovzun._.js:776
[  459496ms] [LOG] [Fast Refresh] done in 18ms @ http://localhost:3000/_next/static/chunks/08i5_next_dist_0bovzun._.js:776
[  459560ms] [LOG] [Fast Refresh] done in 18ms @ http://localhost:3000/_next/static/chunks/08i5_next_dist_0bovzun._.js:776
[  459621ms] [LOG] [Fast Refresh] done in 18ms @ http://localhost:3000/_next/static/chunks/08i5_next_dist_0bovzun._.js:776
[  459671ms] [LOG] [Fast Refresh] done in 18ms @ http://localhost:3000/_next/static/chunks/08i5_next_dist_0bovzun._.js:776
[  459730ms] [LOG] [Fast Refresh] done in 18ms @ http://localhost:3000/_next/static/chunks/08i5_next_dist_0bovzun._.js:776
[  459794ms] [LOG] [Fast Refresh] done in 18ms @ http://localhost:3000/_next/static/chunks/08i5_next_dist_0bovzun._.js:776
[  459856ms] [LOG] [Fast Refresh] done in 18ms @ http://localhost:3000/_next/static/chunks/08i5_next_dist_0bovzun._.js:776
[  459907ms] [LOG] [Fast Refresh] done in 18ms @ http://localhost:3000/_next/static/chunks/08i5_next_dist_0bovzun._.js:776
[  459965ms] [LOG] [Fast Refresh] done in 18ms @ http://localhost:3000/_next/static/chunks/08i5_next_dist_0bovzun._.js:776
[  460016ms] [LOG] [Fast Refresh] done in 18ms @ http://localhost:3000/_next/static/chunks/08i5_next_dist_0bovzun._.js:776
[  460075ms] [LOG] [Fast Refresh] done in 18ms @ http://localhost:3000/_next/static/chunks/08i5_next_dist_0bovzun._.js:776
[  460138ms] [LOG] [Fast Refresh] done in 18ms @ http://localhost:3000/_next/static/chunks/08i5_next_dist_0bovzun._.js:776
[  460199ms] [LOG] [Fast Refresh] done in 18ms @ http://localhost:3000/_next/static/chunks/08i5_next_dist_0bovzun._.js:776
[  460251ms] [LOG] [Fast Refresh] done in 18ms @ http://localhost:3000/_next/static/chunks/08i5_next_dist_0bovzun._.js:776
[  460309ms] [LOG] [Fast Refresh] done in 18ms @ http://localhost:3000/_next/static/chunks/08i5_next_dist_0bovzun._.js:776
[  460376ms] [LOG] [Fast Refresh] done in 18ms @ http://localhost:3000/_next/static/chunks/08i5_next_dist_0bovzun._.js:776
[  460435ms] [LOG] [Fast Refresh] done in 18ms @ http://localhost:3000/_next/static/chunks/08i5_next_dist_0bovzun._.js:776
[  460512ms] [LOG] [Fast Refresh] done in 18ms @ http://localhost:3000/_next/static/chunks/08i5_next_dist_0bovzun._.js:776
[  460590ms] [LOG] [Fast Refresh] done in 18ms @ http://localhost:3000/_next/static/chunks/08i5_next_dist_0bovzun._.js:776
[  460645ms] [LOG] [Fast Refresh] done in 18ms @ http://localhost:3000/_next/static/chunks/08i5_next_dist_0bovzun._.js:776
[  460699ms] [LOG] [Fast Refresh] done in 18ms @ http://localhost:3000/_next/static/chunks/08i5_next_dist_0bovzun._.js:776
[  460754ms] [LOG] [Fast Refresh] done in 18ms @ http://localhost:3000/_next/static/chunks/08i5_next_dist_0bovzun._.js:776
[  460808ms] [LOG] [Fast Refresh] done in 18ms @ http://localhost:3000/_next/static/chunks/08i5_next_dist_0bovzun._.js:776
[  460870ms] [LOG] [Fast Refresh] done in 18ms @ http://localhost:3000/_next/static/chunks/08i5_next_dist_0bovzun._.js:776
[  460932ms] [LOG] [Fast Refresh] done in 18ms @ http://localhost:3000/_next/static/chunks/08i5_next_dist_0bovzun._.js:776
[  460995ms] [LOG] [Fast Refresh] done in 18ms @ http://localhost:3000/_next/static/chunks/08i5_next_dist_0bovzun._.js:776
[  461051ms] [LOG] [Fast Refresh] done in 18ms @ http://localhost:3000/_next/static/chunks/08i5_next_dist_0bovzun._.js:776
[  461105ms] [LOG] [Fast Refresh] done in 18ms @ http://localhost:3000/_next/static/chunks/08i5_next_dist_0bovzun._.js:776
[  461167ms] [LOG] [Fast Refresh] done in 18ms @ http://localhost:3000/_next/static/chunks/08i5_next_dist_0bovzun._.js:776
[  461217ms] [LOG] [Fast Refresh] done in 18ms @ http://localhost:3000/_next/static/chunks/08i5_next_dist_0bovzun._.js:776
[  461292ms] [LOG] [Fast Refresh] done in 18ms @ http://localhost:3000/_next/static/chunks/08i5_next_dist_0bovzun._.js:776
[  461357ms] [LOG] [Fast Refresh] done in 18ms @ http://localhost:3000/_next/static/chunks/08i5_next_dist_0bovzun._.js:776
[  461434ms] [LOG] [Fast Refresh] done in 18ms @ http://localhost:3000/_next/static/chunks/08i5_next_dist_0bovzun._.js:776
[  461495ms] [LOG] [Fast Refresh] done in 18ms @ http://localhost:3000/_next/static/chunks/08i5_next_dist_0bovzun._.js:776
[  461558ms] [LOG] [Fast Refresh] done in 18ms @ http://localhost:3000/_next/static/chunks/08i5_next_dist_0bovzun._.js:776
[  461622ms] [LOG] [Fast Refresh] done in 18ms @ http://localhost:3000/_next/static/chunks/08i5_next_dist_0bovzun._.js:776
[  461689ms] [LOG] [Fast Refresh] done in 18ms @ http://localhost:3000/_next/static/chunks/08i5_next_dist_0bovzun._.js:776
[  461753ms] [LOG] [Fast Refresh] done in 18ms @ http://localhost:3000/_next/static/chunks/08i5_next_dist_0bovzun._.js:776
[  461821ms] [LOG] [Fast Refresh] done in 18ms @ http://localhost:3000/_next/static/chunks/08i5_next_dist_0bovzun._.js:776
[  461887ms] [LOG] [Fast Refresh] done in 18ms @ http://localhost:3000/_next/static/chunks/08i5_next_dist_0bovzun._.js:776
[  461952ms] [LOG] [Fast Refresh] done in 18ms @ http://localhost:3000/_next/static/chunks/08i5_next_dist_0bovzun._.js:776
[  462006ms] [LOG] [Fast Refresh] done in 18ms @ http://localhost:3000/_next/static/chunks/08i5_next_dist_0bovzun._.js:776
[  462057ms] [LOG] [Fast Refresh] done in 18ms @ http://localhost:3000/_next/static/chunks/08i5_next_dist_0bovzun._.js:776
[  462106ms] [LOG] [Fast Refresh] done in 18ms @ http://localhost:3000/_next/static/chunks/08i5_next_dist_0bovzun._.js:776
[  462168ms] [LOG] [Fast Refresh] done in 18ms @ http://localhost:3000/_next/static/chunks/08i5_next_dist_0bovzun._.js:776
[  462231ms] [LOG] [Fast Refresh] done in 18ms @ http://localhost:3000/_next/static/chunks/08i5_next_dist_0bovzun._.js:776
[  462295ms] [LOG] [Fast Refresh] done in 18ms @ http://localhost:3000/_next/static/chunks/08i5_next_dist_0bovzun._.js:776
[  462371ms] [LOG] [Fast Refresh] done in 18ms @ http://localhost:3000/_next/static/chunks/08i5_next_dist_0bovzun._.js:776
[  462433ms] [LOG] [Fast Refresh] done in 18ms @ http://localhost:3000/_next/static/chunks/08i5_next_dist_0bovzun._.js:776
[  462497ms] [LOG] [Fast Refresh] done in 18ms @ http://localhost:3000/_next/static/chunks/08i5_next_dist_0bovzun._.js:776
[  462558ms] [LOG] [Fast Refresh] done in 18ms @ http://localhost:3000/_next/static/chunks/08i5_next_dist_0bovzun._.js:776
[  462623ms] [LOG] [Fast Refresh] done in 18ms @ http://localhost:3000/_next/static/chunks/08i5_next_dist_0bovzun._.js:776
[  462673ms] [LOG] [Fast Refresh] done in 18ms @ http://localhost:3000/_next/static/chunks/08i5_next_dist_0bovzun._.js:776
[  462714ms] [LOG] [Fast Refresh] done in 18ms @ http://localhost:3000/_next/static/chunks/08i5_next_dist_0bovzun._.js:776
[  462763ms] [LOG] [Fast Refresh] done in 18ms @ http://localhost:3000/_next/static/chunks/08i5_next_dist_0bovzun._.js:776
[  462805ms] [LOG] [Fast Refresh] done in 18ms @ http://localhost:3000/_next/static/chunks/08i5_next_dist_0bovzun._.js:776
[  462846ms] [LOG] [Fast Refresh] done in 18ms @ http://localhost:3000/_next/static/chunks/08i5_next_dist_0bovzun._.js:776
[  462888ms] [LOG] [Fast Refresh] done in 18ms @ http://localhost:3000/_next/static/chunks/08i5_next_dist_0bovzun._.js:776
[  462937ms] [LOG] [Fast Refresh] done in 18ms @ http://localhost:3000/_next/static/chunks/08i5_next_dist_0bovzun._.js:776
[  462996ms] [LOG] [Fast Refresh] done in 18ms @ http://localhost:3000/_next/static/chunks/08i5_next_dist_0bovzun._.js:776
[  463035ms] [LOG] [Fast Refresh] done in 18ms @ http://localhost:3000/_next/static/chunks/08i5_next_dist_0bovzun._.js:776
[  463092ms] [LOG] [Fast Refresh] done in 18ms @ http://localhost:3000/_next/static/chunks/08i5_next_dist_0bovzun._.js:776
[  463154ms] [LOG] [Fast Refresh] done in 18ms @ http://localhost:3000/_next/static/chunks/08i5_next_dist_0bovzun._.js:776
[  463207ms] [LOG] [Fast Refresh] done in 18ms @ http://localhost:3000/_next/static/chunks/08i5_next_dist_0bovzun._.js:776
[  463249ms] [LOG] [Fast Refresh] done in 18ms @ http://localhost:3000/_next/static/chunks/08i5_next_dist_0bovzun._.js:776
[  463291ms] [LOG] [Fast Refresh] done in 18ms @ http://localhost:3000/_next/static/chunks/08i5_next_dist_0bovzun._.js:776
[  463341ms] [LOG] [Fast Refresh] done in 18ms @ http://localhost:3000/_next/static/chunks/08i5_next_dist_0bovzun._.js:776
[  463395ms] [LOG] [Fast Refresh] done in 18ms @ http://localhost:3000/_next/static/chunks/08i5_next_dist_0bovzun._.js:776
[  463444ms] [LOG] [Fast Refresh] done in 18ms @ http://localhost:3000/_next/static/chunks/08i5_next_dist_0bovzun._.js:776
[  463502ms] [LOG] [Fast Refresh] done in 18ms @ http://localhost:3000/_next/static/chunks/08i5_next_dist_0bovzun._.js:776
[  463555ms] [LOG] [Fast Refresh] done in 18ms @ http://localhost:3000/_next/static/chunks/08i5_next_dist_0bovzun._.js:776
[  463608ms] [LOG] [Fast Refresh] done in 18ms @ http://localhost:3000/_next/static/chunks/08i5_next_dist_0bovzun._.js:776
[  463655ms] [LOG] [Fast Refresh] done in 18ms @ http://localhost:3000/_next/static/chunks/08i5_next_dist_0bovzun._.js:776
[  463715ms] [LOG] [Fast Refresh] done in 18ms @ http://localhost:3000/_next/static/chunks/08i5_next_dist_0bovzun._.js:776
[  463779ms] [LOG] [Fast Refresh] done in 18ms @ http://localhost:3000/_next/static/chunks/08i5_next_dist_0bovzun._.js:776
[  463840ms] [LOG] [Fast Refresh] done in 18ms @ http://localhost:3000/_next/static/chunks/08i5_next_dist_0bovzun._.js:776
[  463917ms] [LOG] [Fast Refresh] done in 18ms @ http://localhost:3000/_next/static/chunks/08i5_next_dist_0bovzun._.js:776
[  463980ms] [LOG] [Fast Refresh] done in 18ms @ http://localhost:3000/_next/static/chunks/08i5_next_dist_0bovzun._.js:776
[  464022ms] [LOG] [Fast Refresh] done in 18ms @ http://localhost:3000/_next/static/chunks/08i5_next_dist_0bovzun._.js:776
[  464074ms] [LOG] [Fast Refresh] done in 18ms @ http://localhost:3000/_next/static/chunks/08i5_next_dist_0bovzun._.js:776
[  464139ms] [LOG] [Fast Refresh] done in 18ms @ http://localhost:3000/_next/static/chunks/08i5_next_dist_0bovzun._.js:776
[  464207ms] [LOG] [Fast Refresh] done in 18ms @ http://localhost:3000/_next/static/chunks/08i5_next_dist_0bovzun._.js:776
[  464261ms] [LOG] [Fast Refresh] done in 18ms @ http://localhost:3000/_next/static/chunks/08i5_next_dist_0bovzun._.js:776
[  464319ms] [LOG] [Fast Refresh] done in 18ms @ http://localhost:3000/_next/static/chunks/08i5_next_dist_0bovzun._.js:776
[  464388ms] [LOG] [Fast Refresh] done in 18ms @ http://localhost:3000/_next/static/chunks/08i5_next_dist_0bovzun._.js:776
[  464448ms] [LOG] [Fast Refresh] done in 18ms @ http://localhost:3000/_next/static/chunks/08i5_next_dist_0bovzun._.js:776
[  464527ms] [LOG] [Fast Refresh] done in 18ms @ http://localhost:3000/_next/static/chunks/08i5_next_dist_0bovzun._.js:776
[  464578ms] [LOG] [Fast Refresh] done in 18ms @ http://localhost:3000/_next/static/chunks/08i5_next_dist_0bovzun._.js:776
[  464631ms] [LOG] [Fast Refresh] done in 18ms @ http://localhost:3000/_next/static/chunks/08i5_next_dist_0bovzun._.js:776
[  464688ms] [LOG] [Fast Refresh] done in 18ms @ http://localhost:3000/_next/static/chunks/08i5_next_dist_0bovzun._.js:776
[  464741ms] [LOG] [Fast Refresh] done in 18ms @ http://localhost:3000/_next/static/chunks/08i5_next_dist_0bovzun._.js:776
[  464778ms] [LOG] [Fast Refresh] done in 18ms @ http://localhost:3000/_next/static/chunks/08i5_next_dist_0bovzun._.js:776
[  464830ms] [LOG] [Fast Refresh] done in 18ms @ http://localhost:3000/_next/static/chunks/08i5_next_dist_0bovzun._.js:776
[  464894ms] [LOG] [Fast Refresh] done in 18ms @ http://localhost:3000/_next/static/chunks/08i5_next_dist_0bovzun._.js:776
[  464955ms] [LOG] [Fast Refresh] done in 18ms @ http://localhost:3000/_next/static/chunks/08i5_next_dist_0bovzun._.js:776
[  465006ms] [LOG] [Fast Refresh] done in 18ms @ http://localhost:3000/_next/static/chunks/08i5_next_dist_0bovzun._.js:776
[  465057ms] [LOG] [Fast Refresh] done in 18ms @ http://localhost:3000/_next/static/chunks/08i5_next_dist_0bovzun._.js:776
[  465113ms] [LOG] [Fast Refresh] done in 18ms @ http://localhost:3000/_next/static/chunks/08i5_next_dist_0bovzun._.js:776
[  465174ms] [LOG] [Fast Refresh] done in 18ms @ http://localhost:3000/_next/static/chunks/08i5_next_dist_0bovzun._.js:776
[  465236ms] [LOG] [Fast Refresh] done in 18ms @ http://localhost:3000/_next/static/chunks/08i5_next_dist_0bovzun._.js:776
[  465301ms] [LOG] [Fast Refresh] done in 18ms @ http://localhost:3000/_next/static/chunks/08i5_next_dist_0bovzun._.js:776
[  465365ms] [LOG] [Fast Refresh] done in 18ms @ http://localhost:3000/_next/static/chunks/08i5_next_dist_0bovzun._.js:776
[  465425ms] [LOG] [Fast Refresh] done in 18ms @ http://localhost:3000/_next/static/chunks/08i5_next_dist_0bovzun._.js:776
[  465489ms] [LOG] [Fast Refresh] done in 18ms @ http://localhost:3000/_next/static/chunks/08i5_next_dist_0bovzun._.js:776
[  465547ms] [LOG] [Fast Refresh] done in 18ms @ http://localhost:3000/_next/static/chunks/08i5_next_dist_0bovzun._.js:776
[  465598ms] [LOG] [Fast Refresh] done in 18ms @ http://localhost:3000/_next/static/chunks/08i5_next_dist_0bovzun._.js:776
[  465651ms] [LOG] [Fast Refresh] done in 18ms @ http://localhost:3000/_next/static/chunks/08i5_next_dist_0bovzun._.js:776
[  465713ms] [LOG] [Fast Refresh] done in 18ms @ http://localhost:3000/_next/static/chunks/08i5_next_dist_0bovzun._.js:776
[  465778ms] [LOG] [Fast Refresh] done in 18ms @ http://localhost:3000/_next/static/chunks/08i5_next_dist_0bovzun._.js:776
[  465838ms] [LOG] [Fast Refresh] done in 18ms @ http://localhost:3000/_next/static/chunks/08i5_next_dist_0bovzun._.js:776
[  465891ms] [LOG] [Fast Refresh] done in 18ms @ http://localhost:3000/_next/static/chunks/08i5_next_dist_0bovzun._.js:776
[  465949ms] [LOG] [Fast Refresh] done in 18ms @ http://localhost:3000/_next/static/chunks/08i5_next_dist_0bovzun._.js:776
[  466012ms] [LOG] [Fast Refresh] done in 18ms @ http://localhost:3000/_next/static/chunks/08i5_next_dist_0bovzun._.js:776
[  466057ms] [LOG] [Fast Refresh] done in 18ms @ http://localhost:3000/_next/static/chunks/08i5_next_dist_0bovzun._.js:776
[  466105ms] [LOG] [Fast Refresh] done in 18ms @ http://localhost:3000/_next/static/chunks/08i5_next_dist_0bovzun._.js:776
[  466168ms] [LOG] [Fast Refresh] done in 18ms @ http://localhost:3000/_next/static/chunks/08i5_next_dist_0bovzun._.js:776
[  466230ms] [LOG] [Fast Refresh] done in 18ms @ http://localhost:3000/_next/static/chunks/08i5_next_dist_0bovzun._.js:776
[  466292ms] [LOG] [Fast Refresh] done in 18ms @ http://localhost:3000/_next/static/chunks/08i5_next_dist_0bovzun._.js:776
[  466355ms] [LOG] [Fast Refresh] done in 18ms @ http://localhost:3000/_next/static/chunks/08i5_next_dist_0bovzun._.js:776
[  466419ms] [LOG] [Fast Refresh] done in 18ms @ http://localhost:3000/_next/static/chunks/08i5_next_dist_0bovzun._.js:776
[  466502ms] [LOG] [Fast Refresh] done in 18ms @ http://localhost:3000/_next/static/chunks/08i5_next_dist_0bovzun._.js:776
[  466565ms] [LOG] [Fast Refresh] done in 18ms @ http://localhost:3000/_next/static/chunks/08i5_next_dist_0bovzun._.js:776
[  466629ms] [LOG] [Fast Refresh] done in 18ms @ http://localhost:3000/_next/static/chunks/08i5_next_dist_0bovzun._.js:776
[  466694ms] [LOG] [Fast Refresh] done in 18ms @ http://localhost:3000/_next/static/chunks/08i5_next_dist_0bovzun._.js:776
[  466762ms] [LOG] [Fast Refresh] done in 18ms @ http://localhost:3000/_next/static/chunks/08i5_next_dist_0bovzun._.js:776
[  466808ms] [LOG] [Fast Refresh] done in 18ms @ http://localhost:3000/_next/static/chunks/08i5_next_dist_0bovzun._.js:776
[  466862ms] [LOG] [Fast Refresh] done in 18ms @ http://localhost:3000/_next/static/chunks/08i5_next_dist_0bovzun._.js:776
[  466918ms] [LOG] [Fast Refresh] done in 18ms @ http://localhost:3000/_next/static/chunks/08i5_next_dist_0bovzun._.js:776
[  466982ms] [LOG] [Fast Refresh] done in 18ms @ http://localhost:3000/_next/static/chunks/08i5_next_dist_0bovzun._.js:776
[  467043ms] [LOG] [Fast Refresh] done in 18ms @ http://localhost:3000/_next/static/chunks/08i5_next_dist_0bovzun._.js:776
[  467097ms] [LOG] [Fast Refresh] done in 18ms @ http://localhost:3000/_next/static/chunks/08i5_next_dist_0bovzun._.js:776
[  467152ms] [LOG] [Fast Refresh] done in 18ms @ http://localhost:3000/_next/static/chunks/08i5_next_dist_0bovzun._.js:776
[  467215ms] [LOG] [Fast Refresh] done in 18ms @ http://localhost:3000/_next/static/chunks/08i5_next_dist_0bovzun._.js:776
[  467294ms] [LOG] [Fast Refresh] done in 18ms @ http://localhost:3000/_next/static/chunks/08i5_next_dist_0bovzun._.js:776
[  467353ms] [LOG] [Fast Refresh] done in 18ms @ http://localhost:3000/_next/static/chunks/08i5_next_dist_0bovzun._.js:776
[  467418ms] [LOG] [Fast Refresh] done in 18ms @ http://localhost:3000/_next/static/chunks/08i5_next_dist_0bovzun._.js:776
[  467469ms] [LOG] [Fast Refresh] done in 18ms @ http://localhost:3000/_next/static/chunks/08i5_next_dist_0bovzun._.js:776
[  467527ms] [LOG] [Fast Refresh] done in 18ms @ http://localhost:3000/_next/static/chunks/08i5_next_dist_0bovzun._.js:776
[  467579ms] [LOG] [Fast Refresh] done in 18ms @ http://localhost:3000/_next/static/chunks/08i5_next_dist_0bovzun._.js:776
[  467634ms] [LOG] [Fast Refresh] done in 18ms @ http://localhost:3000/_next/static/chunks/08i5_next_dist_0bovzun._.js:776
[  467696ms] [LOG] [Fast Refresh] done in 18ms @ http://localhost:3000/_next/static/chunks/08i5_next_dist_0bovzun._.js:776
[  467737ms] [LOG] [Fast Refresh] done in 18ms @ http://localhost:3000/_next/static/chunks/08i5_next_dist_0bovzun._.js:776
[  467784ms] [LOG] [Fast Refresh] done in 18ms @ http://localhost:3000/_next/static/chunks/08i5_next_dist_0bovzun._.js:776
[  467833ms] [LOG] [Fast Refresh] done in 18ms @ http://localhost:3000/_next/static/chunks/08i5_next_dist_0bovzun._.js:776
[  467877ms] [LOG] [Fast Refresh] done in 18ms @ http://localhost:3000/_next/static/chunks/08i5_next_dist_0bovzun._.js:776
[  467965ms] [LOG] [Fast Refresh] done in 18ms @ http://localhost:3000/_next/static/chunks/08i5_next_dist_0bovzun._.js:776
[  468006ms] [LOG] [Fast Refresh] done in 18ms @ http://localhost:3000/_next/static/chunks/08i5_next_dist_0bovzun._.js:776
[  468048ms] [LOG] [Fast Refresh] done in 18ms @ http://localhost:3000/_next/static/chunks/08i5_next_dist_0bovzun._.js:776
[  468089ms] [LOG] [Fast Refresh] done in 18ms @ http://localhost:3000/_next/static/chunks/08i5_next_dist_0bovzun._.js:776
[  468138ms] [LOG] [Fast Refresh] done in 18ms @ http://localhost:3000/_next/static/chunks/08i5_next_dist_0bovzun._.js:776
[  468198ms] [LOG] [Fast Refresh] done in 18ms @ http://localhost:3000/_next/static/chunks/08i5_next_dist_0bovzun._.js:776
[  468246ms] [LOG] [Fast Refresh] done in 18ms @ http://localhost:3000/_next/static/chunks/08i5_next_dist_0bovzun._.js:776
[  468300ms] [LOG] [Fast Refresh] done in 18ms @ http://localhost:3000/_next/static/chunks/08i5_next_dist_0bovzun._.js:776
[  468357ms] [LOG] [Fast Refresh] done in 18ms @ http://localhost:3000/_next/static/chunks/08i5_next_dist_0bovzun._.js:776
[  468418ms] [LOG] [Fast Refresh] done in 18ms @ http://localhost:3000/_next/static/chunks/08i5_next_dist_0bovzun._.js:776
[  468466ms] [LOG] [Fast Refresh] done in 18ms @ http://localhost:3000/_next/static/chunks/08i5_next_dist_0bovzun._.js:776
[  468508ms] [LOG] [Fast Refresh] done in 18ms @ http://localhost:3000/_next/static/chunks/08i5_next_dist_0bovzun._.js:776
[  468562ms] [LOG] [Fast Refresh] done in 18ms @ http://localhost:3000/_next/static/chunks/08i5_next_dist_0bovzun._.js:776
[  468610ms] [LOG] [Fast Refresh] done in 18ms @ http://localhost:3000/_next/static/chunks/08i5_next_dist_0bovzun._.js:776
[  468667ms] [LOG] [Fast Refresh] done in 18ms @ http://localhost:3000/_next/static/chunks/08i5_next_dist_0bovzun._.js:776
[  468730ms] [LOG] [Fast Refresh] done in 18ms @ http://localhost:3000/_next/static/chunks/08i5_next_dist_0bovzun._.js:776
[  468792ms] [LOG] [Fast Refresh] done in 18ms @ http://localhost:3000/_next/static/chunks/08i5_next_dist_0bovzun._.js:776
[  468856ms] [LOG] [Fast Refresh] done in 18ms @ http://localhost:3000/_next/static/chunks/08i5_next_dist_0bovzun._.js:776
[  468913ms] [LOG] [Fast Refresh] done in 18ms @ http://localhost:3000/_next/static/chunks/08i5_next_dist_0bovzun._.js:776
[  468976ms] [LOG] [Fast Refresh] done in 18ms @ http://localhost:3000/_next/static/chunks/08i5_next_dist_0bovzun._.js:776
[  469028ms] [LOG] [Fast Refresh] done in 18ms @ http://localhost:3000/_next/static/chunks/08i5_next_dist_0bovzun._.js:776
[  469090ms] [LOG] [Fast Refresh] done in 18ms @ http://localhost:3000/_next/static/chunks/08i5_next_dist_0bovzun._.js:776
[  469141ms] [LOG] [Fast Refresh] done in 18ms @ http://localhost:3000/_next/static/chunks/08i5_next_dist_0bovzun._.js:776
[  469199ms] [LOG] [Fast Refresh] done in 18ms @ http://localhost:3000/_next/static/chunks/08i5_next_dist_0bovzun._.js:776
[  469250ms] [LOG] [Fast Refresh] done in 18ms @ http://localhost:3000/_next/static/chunks/08i5_next_dist_0bovzun._.js:776
[  469303ms] [LOG] [Fast Refresh] done in 18ms @ http://localhost:3000/_next/static/chunks/08i5_next_dist_0bovzun._.js:776
[  469366ms] [LOG] [Fast Refresh] done in 18ms @ http://localhost:3000/_next/static/chunks/08i5_next_dist_0bovzun._.js:776
[  469417ms] [LOG] [Fast Refresh] done in 18ms @ http://localhost:3000/_next/static/chunks/08i5_next_dist_0bovzun._.js:776
[  469488ms] [LOG] [Fast Refresh] done in 18ms @ http://localhost:3000/_next/static/chunks/08i5_next_dist_0bovzun._.js:776
[  469551ms] [LOG] [Fast Refresh] done in 18ms @ http://localhost:3000/_next/static/chunks/08i5_next_dist_0bovzun._.js:776
[  469604ms] [LOG] [Fast Refresh] done in 18ms @ http://localhost:3000/_next/static/chunks/08i5_next_dist_0bovzun._.js:776
[  469669ms] [LOG] [Fast Refresh] done in 18ms @ http://localhost:3000/_next/static/chunks/08i5_next_dist_0bovzun._.js:776
[  469738ms] [LOG] [Fast Refresh] done in 18ms @ http://localhost:3000/_next/static/chunks/08i5_next_dist_0bovzun._.js:776
[  469810ms] [LOG] [Fast Refresh] done in 18ms @ http://localhost:3000/_next/static/chunks/08i5_next_dist_0bovzun._.js:776
[  469863ms] [LOG] [Fast Refresh] done in 18ms @ http://localhost:3000/_next/static/chunks/08i5_next_dist_0bovzun._.js:776
[  469926ms] [LOG] [Fast Refresh] done in 18ms @ http://localhost:3000/_next/static/chunks/08i5_next_dist_0bovzun._.js:776
[  469987ms] [LOG] [Fast Refresh] done in 18ms @ http://localhost:3000/_next/static/chunks/08i5_next_dist_0bovzun._.js:776
[  470042ms] [LOG] [Fast Refresh] done in 18ms @ http://localhost:3000/_next/static/chunks/08i5_next_dist_0bovzun._.js:776
[  470107ms] [LOG] [Fast Refresh] done in 18ms @ http://localhost:3000/_next/static/chunks/08i5_next_dist_0bovzun._.js:776
[  470164ms] [LOG] [Fast Refresh] done in 18ms @ http://localhost:3000/_next/static/chunks/08i5_next_dist_0bovzun._.js:776
[  470215ms] [LOG] [Fast Refresh] done in 18ms @ http://localhost:3000/_next/static/chunks/08i5_next_dist_0bovzun._.js:776
[  470277ms] [LOG] [Fast Refresh] done in 18ms @ http://localhost:3000/_next/static/chunks/08i5_next_dist_0bovzun._.js:776
[  470332ms] [LOG] [Fast Refresh] done in 18ms @ http://localhost:3000/_next/static/chunks/08i5_next_dist_0bovzun._.js:776
[  470377ms] [LOG] [Fast Refresh] done in 18ms @ http://localhost:3000/_next/static/chunks/08i5_next_dist_0bovzun._.js:776
[  470434ms] [LOG] [Fast Refresh] done in 18ms @ http://localhost:3000/_next/static/chunks/08i5_next_dist_0bovzun._.js:776
[  470496ms] [LOG] [Fast Refresh] done in 18ms @ http://localhost:3000/_next/static/chunks/08i5_next_dist_0bovzun._.js:776
[  470559ms] [LOG] [Fast Refresh] done in 18ms @ http://localhost:3000/_next/static/chunks/08i5_next_dist_0bovzun._.js:776
[  470621ms] [LOG] [Fast Refresh] done in 18ms @ http://localhost:3000/_next/static/chunks/08i5_next_dist_0bovzun._.js:776
[  470684ms] [LOG] [Fast Refresh] done in 18ms @ http://localhost:3000/_next/static/chunks/08i5_next_dist_0bovzun._.js:776
[  470762ms] [LOG] [Fast Refresh] done in 18ms @ http://localhost:3000/_next/static/chunks/08i5_next_dist_0bovzun._.js:776
[  470814ms] [LOG] [Fast Refresh] done in 18ms @ http://localhost:3000/_next/static/chunks/08i5_next_dist_0bovzun._.js:776
[  470878ms] [LOG] [Fast Refresh] done in 18ms @ http://localhost:3000/_next/static/chunks/08i5_next_dist_0bovzun._.js:776
[  470941ms] [LOG] [Fast Refresh] done in 18ms @ http://localhost:3000/_next/static/chunks/08i5_next_dist_0bovzun._.js:776
[  471009ms] [LOG] [Fast Refresh] done in 18ms @ http://localhost:3000/_next/static/chunks/08i5_next_dist_0bovzun._.js:776
[  471064ms] [LOG] [Fast Refresh] done in 18ms @ http://localhost:3000/_next/static/chunks/08i5_next_dist_0bovzun._.js:776
[  471127ms] [LOG] [Fast Refresh] done in 18ms @ http://localhost:3000/_next/static/chunks/08i5_next_dist_0bovzun._.js:776
[  471190ms] [LOG] [Fast Refresh] done in 18ms @ http://localhost:3000/_next/static/chunks/08i5_next_dist_0bovzun._.js:776
[  471256ms] [LOG] [Fast Refresh] done in 18ms @ http://localhost:3000/_next/static/chunks/08i5_next_dist_0bovzun._.js:776
[  471316ms] [LOG] [Fast Refresh] done in 18ms @ http://localhost:3000/_next/static/chunks/08i5_next_dist_0bovzun._.js:776
[  471374ms] [LOG] [Fast Refresh] done in 18ms @ http://localhost:3000/_next/static/chunks/08i5_next_dist_0bovzun._.js:776
[  471427ms] [LOG] [Fast Refresh] done in 18ms @ http://localhost:3000/_next/static/chunks/08i5_next_dist_0bovzun._.js:776
[  471490ms] [LOG] [Fast Refresh] done in 18ms @ http://localhost:3000/_next/static/chunks/08i5_next_dist_0bovzun._.js:776
[  471543ms] [LOG] [Fast Refresh] done in 18ms @ http://localhost:3000/_next/static/chunks/08i5_next_dist_0bovzun._.js:776
[  471596ms] [LOG] [Fast Refresh] done in 18ms @ http://localhost:3000/_next/static/chunks/08i5_next_dist_0bovzun._.js:776
[  471651ms] [LOG] [Fast Refresh] done in 18ms @ http://localhost:3000/_next/static/chunks/08i5_next_dist_0bovzun._.js:776
[  471707ms] [LOG] [Fast Refresh] done in 18ms @ http://localhost:3000/_next/static/chunks/08i5_next_dist_0bovzun._.js:776
[  471775ms] [LOG] [Fast Refresh] done in 18ms @ http://localhost:3000/_next/static/chunks/08i5_next_dist_0bovzun._.js:776
[  471824ms] [LOG] [Fast Refresh] done in 18ms @ http://localhost:3000/_next/static/chunks/08i5_next_dist_0bovzun._.js:776
[  471873ms] [LOG] [Fast Refresh] done in 18ms @ http://localhost:3000/_next/static/chunks/08i5_next_dist_0bovzun._.js:776
[  471917ms] [LOG] [Fast Refresh] done in 18ms @ http://localhost:3000/_next/static/chunks/08i5_next_dist_0bovzun._.js:776
[  471977ms] [LOG] [Fast Refresh] done in 18ms @ http://localhost:3000/_next/static/chunks/08i5_next_dist_0bovzun._.js:776
[  472038ms] [LOG] [Fast Refresh] done in 18ms @ http://localhost:3000/_next/static/chunks/08i5_next_dist_0bovzun._.js:776
[  472101ms] [LOG] [Fast Refresh] done in 18ms @ http://localhost:3000/_next/static/chunks/08i5_next_dist_0bovzun._.js:776
[  472152ms] [LOG] [Fast Refresh] done in 18ms @ http://localhost:3000/_next/static/chunks/08i5_next_dist_0bovzun._.js:776
[  472200ms] [LOG] [Fast Refresh] done in 18ms @ http://localhost:3000/_next/static/chunks/08i5_next_dist_0bovzun._.js:776
[  472294ms] [LOG] [Fast Refresh] rebuilding @ http://localhost:3000/_next/static/chunks/08i5_next_dist_0bovzun._.js:776
[  472405ms] [LOG] [Fast Refresh] done in 11ms @ http://localhost:3000/_next/static/chunks/08i5_next_dist_0bovzun._.js:776
[  472495ms] [LOG] [Fast Refresh] done in 11ms @ http://localhost:3000/_next/static/chunks/08i5_next_dist_0bovzun._.js:776
[  472549ms] [LOG] [Fast Refresh] done in 11ms @ http://localhost:3000/_next/static/chunks/08i5_next_dist_0bovzun._.js:776
[  472621ms] [LOG] [Fast Refresh] done in 11ms @ http://localhost:3000/_next/static/chunks/08i5_next_dist_0bovzun._.js:776
[  472767ms] [LOG] [Fast Refresh] done in 11ms @ http://localhost:3000/_next/static/chunks/08i5_next_dist_0bovzun._.js:776
[  472819ms] [LOG] [Fast Refresh] done in 11ms @ http://localhost:3000/_next/static/chunks/08i5_next_dist_0bovzun._.js:776
[  472871ms] [LOG] [Fast Refresh] done in 11ms @ http://localhost:3000/_next/static/chunks/08i5_next_dist_0bovzun._.js:776
[  472921ms] [LOG] [Fast Refresh] done in 11ms @ http://localhost:3000/_next/static/chunks/08i5_next_dist_0bovzun._.js:776
[  472972ms] [LOG] [Fast Refresh] done in 11ms @ http://localhost:3000/_next/static/chunks/08i5_next_dist_0bovzun._.js:776
[  473018ms] [LOG] [Fast Refresh] done in 11ms @ http://localhost:3000/_next/static/chunks/08i5_next_dist_0bovzun._.js:776
[  473077ms] [LOG] [Fast Refresh] done in 11ms @ http://localhost:3000/_next/static/chunks/08i5_next_dist_0bovzun._.js:776
[  473128ms] [LOG] [Fast Refresh] done in 11ms @ http://localhost:3000/_next/static/chunks/08i5_next_dist_0bovzun._.js:776
[  473191ms] [LOG] [Fast Refresh] done in 11ms @ http://localhost:3000/_next/static/chunks/08i5_next_dist_0bovzun._.js:776
[  473238ms] [LOG] [Fast Refresh] done in 11ms @ http://localhost:3000/_next/static/chunks/08i5_next_dist_0bovzun._.js:776
[  473301ms] [LOG] [Fast Refresh] done in 11ms @ http://localhost:3000/_next/static/chunks/08i5_next_dist_0bovzun._.js:776
[  473354ms] [LOG] [Fast Refresh] done in 11ms @ http://localhost:3000/_next/static/chunks/08i5_next_dist_0bovzun._.js:776
[  473406ms] [LOG] [Fast Refresh] done in 11ms @ http://localhost:3000/_next/static/chunks/08i5_next_dist_0bovzun._.js:776
[  473457ms] [LOG] [Fast Refresh] done in 11ms @ http://localhost:3000/_next/static/chunks/08i5_next_dist_0bovzun._.js:776
[  473520ms] [LOG] [Fast Refresh] done in 11ms @ http://localhost:3000/_next/static/chunks/08i5_next_dist_0bovzun._.js:776
[  473569ms] [LOG] [Fast Refresh] done in 11ms @ http://localhost:3000/_next/static/chunks/08i5_next_dist_0bovzun._.js:776
[  473619ms] [LOG] [Fast Refresh] done in 11ms @ http://localhost:3000/_next/static/chunks/08i5_next_dist_0bovzun._.js:776
[  473680ms] [LOG] [Fast Refresh] done in 11ms @ http://localhost:3000/_next/static/chunks/08i5_next_dist_0bovzun._.js:776
[  473731ms] [LOG] [Fast Refresh] done in 11ms @ http://localhost:3000/_next/static/chunks/08i5_next_dist_0bovzun._.js:776
[  473778ms] [LOG] [Fast Refresh] done in 11ms @ http://localhost:3000/_next/static/chunks/08i5_next_dist_0bovzun._.js:776
[  473838ms] [LOG] [Fast Refresh] done in 11ms @ http://localhost:3000/_next/static/chunks/08i5_next_dist_0bovzun._.js:776
[  473885ms] [LOG] [Fast Refresh] done in 11ms @ http://localhost:3000/_next/static/chunks/08i5_next_dist_0bovzun._.js:776
[  473929ms] [LOG] [Fast Refresh] done in 11ms @ http://localhost:3000/_next/static/chunks/08i5_next_dist_0bovzun._.js:776
[  473980ms] [LOG] [Fast Refresh] done in 11ms @ http://localhost:3000/_next/static/chunks/08i5_next_dist_0bovzun._.js:776
[  474040ms] [LOG] [Fast Refresh] done in 11ms @ http://localhost:3000/_next/static/chunks/08i5_next_dist_0bovzun._.js:776
[  474089ms] [LOG] [Fast Refresh] done in 11ms @ http://localhost:3000/_next/static/chunks/08i5_next_dist_0bovzun._.js:776
[  474153ms] [LOG] [Fast Refresh] done in 11ms @ http://localhost:3000/_next/static/chunks/08i5_next_dist_0bovzun._.js:776
[  474215ms] [LOG] [Fast Refresh] done in 11ms @ http://localhost:3000/_next/static/chunks/08i5_next_dist_0bovzun._.js:776
[  474277ms] [LOG] [Fast Refresh] done in 11ms @ http://localhost:3000/_next/static/chunks/08i5_next_dist_0bovzun._.js:776
[  474325ms] [LOG] [Fast Refresh] done in 11ms @ http://localhost:3000/_next/static/chunks/08i5_next_dist_0bovzun._.js:776
[  474387ms] [LOG] [Fast Refresh] done in 11ms @ http://localhost:3000/_next/static/chunks/08i5_next_dist_0bovzun._.js:776
[  474442ms] [LOG] [Fast Refresh] done in 11ms @ http://localhost:3000/_next/static/chunks/08i5_next_dist_0bovzun._.js:776
[  474506ms] [LOG] [Fast Refresh] done in 11ms @ http://localhost:3000/_next/static/chunks/08i5_next_dist_0bovzun._.js:776
[  474569ms] [LOG] [Fast Refresh] done in 11ms @ http://localhost:3000/_next/static/chunks/08i5_next_dist_0bovzun._.js:776
[  474622ms] [LOG] [Fast Refresh] done in 11ms @ http://localhost:3000/_next/static/chunks/08i5_next_dist_0bovzun._.js:776
[  474678ms] [LOG] [Fast Refresh] done in 11ms @ http://localhost:3000/_next/static/chunks/08i5_next_dist_0bovzun._.js:776
[  474731ms] [LOG] [Fast Refresh] done in 11ms @ http://localhost:3000/_next/static/chunks/08i5_next_dist_0bovzun._.js:776
[  474794ms] [LOG] [Fast Refresh] done in 11ms @ http://localhost:3000/_next/static/chunks/08i5_next_dist_0bovzun._.js:776
[  474855ms] [LOG] [Fast Refresh] done in 11ms @ http://localhost:3000/_next/static/chunks/08i5_next_dist_0bovzun._.js:776
[  474905ms] [LOG] [Fast Refresh] done in 11ms @ http://localhost:3000/_next/static/chunks/08i5_next_dist_0bovzun._.js:776
[  474966ms] [LOG] [Fast Refresh] done in 11ms @ http://localhost:3000/_next/static/chunks/08i5_next_dist_0bovzun._.js:776
[  475033ms] [LOG] [Fast Refresh] done in 11ms @ http://localhost:3000/_next/static/chunks/08i5_next_dist_0bovzun._.js:776
[  475090ms] [LOG] [Fast Refresh] done in 11ms @ http://localhost:3000/_next/static/chunks/08i5_next_dist_0bovzun._.js:776
[  475141ms] [LOG] [Fast Refresh] done in 11ms @ http://localhost:3000/_next/static/chunks/08i5_next_dist_0bovzun._.js:776
[  475204ms] [LOG] [Fast Refresh] done in 11ms @ http://localhost:3000/_next/static/chunks/08i5_next_dist_0bovzun._.js:776
[  475261ms] [LOG] [Fast Refresh] done in 11ms @ http://localhost:3000/_next/static/chunks/08i5_next_dist_0bovzun._.js:776
[  475325ms] [LOG] [Fast Refresh] done in 11ms @ http://localhost:3000/_next/static/chunks/08i5_next_dist_0bovzun._.js:776
[  475377ms] [LOG] [Fast Refresh] done in 11ms @ http://localhost:3000/_next/static/chunks/08i5_next_dist_0bovzun._.js:776
[  475443ms] [LOG] [Fast Refresh] done in 11ms @ http://localhost:3000/_next/static/chunks/08i5_next_dist_0bovzun._.js:776
[  475504ms] [LOG] [Fast Refresh] done in 11ms @ http://localhost:3000/_next/static/chunks/08i5_next_dist_0bovzun._.js:776
[  475566ms] [LOG] [Fast Refresh] done in 11ms @ http://localhost:3000/_next/static/chunks/08i5_next_dist_0bovzun._.js:776
[  475620ms] [LOG] [Fast Refresh] done in 11ms @ http://localhost:3000/_next/static/chunks/08i5_next_dist_0bovzun._.js:776
[  475682ms] [LOG] [Fast Refresh] done in 11ms @ http://localhost:3000/_next/static/chunks/08i5_next_dist_0bovzun._.js:776
[  475731ms] [LOG] [Fast Refresh] done in 11ms @ http://localhost:3000/_next/static/chunks/08i5_next_dist_0bovzun._.js:776
[  475795ms] [LOG] [Fast Refresh] done in 11ms @ http://localhost:3000/_next/static/chunks/08i5_next_dist_0bovzun._.js:776
[  475863ms] [LOG] [Fast Refresh] done in 11ms @ http://localhost:3000/_next/static/chunks/08i5_next_dist_0bovzun._.js:776
[  475925ms] [LOG] [Fast Refresh] done in 11ms @ http://localhost:3000/_next/static/chunks/08i5_next_dist_0bovzun._.js:776
[  475969ms] [LOG] [Fast Refresh] done in 11ms @ http://localhost:3000/_next/static/chunks/08i5_next_dist_0bovzun._.js:776
[  476027ms] [LOG] [Fast Refresh] done in 11ms @ http://localhost:3000/_next/static/chunks/08i5_next_dist_0bovzun._.js:776
[  476077ms] [LOG] [Fast Refresh] done in 11ms @ http://localhost:3000/_next/static/chunks/08i5_next_dist_0bovzun._.js:776
[  476125ms] [LOG] [Fast Refresh] done in 11ms @ http://localhost:3000/_next/static/chunks/08i5_next_dist_0bovzun._.js:776
[  476176ms] [LOG] [Fast Refresh] done in 11ms @ http://localhost:3000/_next/static/chunks/08i5_next_dist_0bovzun._.js:776
[  476230ms] [LOG] [Fast Refresh] done in 11ms @ http://localhost:3000/_next/static/chunks/08i5_next_dist_0bovzun._.js:776
[  476291ms] [LOG] [Fast Refresh] done in 11ms @ http://localhost:3000/_next/static/chunks/08i5_next_dist_0bovzun._.js:776
[  476344ms] [LOG] [Fast Refresh] done in 11ms @ http://localhost:3000/_next/static/chunks/08i5_next_dist_0bovzun._.js:776
[  476398ms] [LOG] [Fast Refresh] done in 11ms @ http://localhost:3000/_next/static/chunks/08i5_next_dist_0bovzun._.js:776
[  476464ms] [LOG] [Fast Refresh] done in 11ms @ http://localhost:3000/_next/static/chunks/08i5_next_dist_0bovzun._.js:776
[  476527ms] [LOG] [Fast Refresh] done in 11ms @ http://localhost:3000/_next/static/chunks/08i5_next_dist_0bovzun._.js:776
[  476578ms] [LOG] [Fast Refresh] done in 11ms @ http://localhost:3000/_next/static/chunks/08i5_next_dist_0bovzun._.js:776
[  476633ms] [LOG] [Fast Refresh] done in 11ms @ http://localhost:3000/_next/static/chunks/08i5_next_dist_0bovzun._.js:776
[  476684ms] [LOG] [Fast Refresh] done in 11ms @ http://localhost:3000/_next/static/chunks/08i5_next_dist_0bovzun._.js:776
[  476740ms] [LOG] [Fast Refresh] done in 11ms @ http://localhost:3000/_next/static/chunks/08i5_next_dist_0bovzun._.js:776
[  476796ms] [LOG] [Fast Refresh] done in 11ms @ http://localhost:3000/_next/static/chunks/08i5_next_dist_0bovzun._.js:776
[  476835ms] [LOG] [Fast Refresh] done in 11ms @ http://localhost:3000/_next/static/chunks/08i5_next_dist_0bovzun._.js:776
[  476897ms] [LOG] [Fast Refresh] done in 11ms @ http://localhost:3000/_next/static/chunks/08i5_next_dist_0bovzun._.js:776
[  476952ms] [LOG] [Fast Refresh] done in 11ms @ http://localhost:3000/_next/static/chunks/08i5_next_dist_0bovzun._.js:776
[  477012ms] [LOG] [Fast Refresh] done in 11ms @ http://localhost:3000/_next/static/chunks/08i5_next_dist_0bovzun._.js:776
[  477065ms] [LOG] [Fast Refresh] done in 11ms @ http://localhost:3000/_next/static/chunks/08i5_next_dist_0bovzun._.js:776
[  477128ms] [LOG] [Fast Refresh] done in 11ms @ http://localhost:3000/_next/static/chunks/08i5_next_dist_0bovzun._.js:776
[  477186ms] [LOG] [Fast Refresh] done in 11ms @ http://localhost:3000/_next/static/chunks/08i5_next_dist_0bovzun._.js:776
[  477247ms] [LOG] [Fast Refresh] done in 11ms @ http://localhost:3000/_next/static/chunks/08i5_next_dist_0bovzun._.js:776
[  477308ms] [LOG] [Fast Refresh] done in 11ms @ http://localhost:3000/_next/static/chunks/08i5_next_dist_0bovzun._.js:776
[  477371ms] [LOG] [Fast Refresh] done in 11ms @ http://localhost:3000/_next/static/chunks/08i5_next_dist_0bovzun._.js:776
[  477434ms] [LOG] [Fast Refresh] done in 11ms @ http://localhost:3000/_next/static/chunks/08i5_next_dist_0bovzun._.js:776
[  477502ms] [LOG] [Fast Refresh] done in 11ms @ http://localhost:3000/_next/static/chunks/08i5_next_dist_0bovzun._.js:776
[  477559ms] [LOG] [Fast Refresh] done in 11ms @ http://localhost:3000/_next/static/chunks/08i5_next_dist_0bovzun._.js:776
[  477623ms] [LOG] [Fast Refresh] done in 11ms @ http://localhost:3000/_next/static/chunks/08i5_next_dist_0bovzun._.js:776
[  477682ms] [LOG] [Fast Refresh] done in 11ms @ http://localhost:3000/_next/static/chunks/08i5_next_dist_0bovzun._.js:776
[  477729ms] [LOG] [Fast Refresh] done in 11ms @ http://localhost:3000/_next/static/chunks/08i5_next_dist_0bovzun._.js:776
[  477770ms] [LOG] [Fast Refresh] done in 11ms @ http://localhost:3000/_next/static/chunks/08i5_next_dist_0bovzun._.js:776
[  477823ms] [LOG] [Fast Refresh] done in 11ms @ http://localhost:3000/_next/static/chunks/08i5_next_dist_0bovzun._.js:776
[  477861ms] [LOG] [Fast Refresh] done in 11ms @ http://localhost:3000/_next/static/chunks/08i5_next_dist_0bovzun._.js:776
[  477916ms] [LOG] [Fast Refresh] done in 11ms @ http://localhost:3000/_next/static/chunks/08i5_next_dist_0bovzun._.js:776
[  477974ms] [LOG] [Fast Refresh] done in 11ms @ http://localhost:3000/_next/static/chunks/08i5_next_dist_0bovzun._.js:776
[  478020ms] [LOG] [Fast Refresh] done in 11ms @ http://localhost:3000/_next/static/chunks/08i5_next_dist_0bovzun._.js:776
[  478069ms] [LOG] [Fast Refresh] done in 11ms @ http://localhost:3000/_next/static/chunks/08i5_next_dist_0bovzun._.js:776
[  478110ms] [LOG] [Fast Refresh] done in 11ms @ http://localhost:3000/_next/static/chunks/08i5_next_dist_0bovzun._.js:776
[  478152ms] [LOG] [Fast Refresh] done in 11ms @ http://localhost:3000/_next/static/chunks/08i5_next_dist_0bovzun._.js:776
[  478208ms] [LOG] [Fast Refresh] done in 11ms @ http://localhost:3000/_next/static/chunks/08i5_next_dist_0bovzun._.js:776
[  478264ms] [LOG] [Fast Refresh] done in 11ms @ http://localhost:3000/_next/static/chunks/08i5_next_dist_0bovzun._.js:776
[  478312ms] [LOG] [Fast Refresh] done in 11ms @ http://localhost:3000/_next/static/chunks/08i5_next_dist_0bovzun._.js:776
[  478355ms] [LOG] [Fast Refresh] done in 11ms @ http://localhost:3000/_next/static/chunks/08i5_next_dist_0bovzun._.js:776
[  478409ms] [LOG] [Fast Refresh] done in 11ms @ http://localhost:3000/_next/static/chunks/08i5_next_dist_0bovzun._.js:776
[  478453ms] [LOG] [Fast Refresh] done in 11ms @ http://localhost:3000/_next/static/chunks/08i5_next_dist_0bovzun._.js:776
[  478506ms] [LOG] [Fast Refresh] done in 11ms @ http://localhost:3000/_next/static/chunks/08i5_next_dist_0bovzun._.js:776
[  478555ms] [LOG] [Fast Refresh] done in 11ms @ http://localhost:3000/_next/static/chunks/08i5_next_dist_0bovzun._.js:776
[  478607ms] [LOG] [Fast Refresh] done in 11ms @ http://localhost:3000/_next/static/chunks/08i5_next_dist_0bovzun._.js:776
[  478647ms] [LOG] [Fast Refresh] done in 11ms @ http://localhost:3000/_next/static/chunks/08i5_next_dist_0bovzun._.js:776
[  478704ms] [LOG] [Fast Refresh] done in 11ms @ http://localhost:3000/_next/static/chunks/08i5_next_dist_0bovzun._.js:776
[  478757ms] [LOG] [Fast Refresh] done in 11ms @ http://localhost:3000/_next/static/chunks/08i5_next_dist_0bovzun._.js:776
[  478824ms] [LOG] [Fast Refresh] done in 11ms @ http://localhost:3000/_next/static/chunks/08i5_next_dist_0bovzun._.js:776
[  478882ms] [LOG] [Fast Refresh] done in 11ms @ http://localhost:3000/_next/static/chunks/08i5_next_dist_0bovzun._.js:776
[  478941ms] [LOG] [Fast Refresh] done in 11ms @ http://localhost:3000/_next/static/chunks/08i5_next_dist_0bovzun._.js:776
[  478979ms] [LOG] [Fast Refresh] done in 11ms @ http://localhost:3000/_next/static/chunks/08i5_next_dist_0bovzun._.js:776
[  479026ms] [LOG] [Fast Refresh] done in 11ms @ http://localhost:3000/_next/static/chunks/08i5_next_dist_0bovzun._.js:776
[  479078ms] [LOG] [Fast Refresh] done in 11ms @ http://localhost:3000/_next/static/chunks/08i5_next_dist_0bovzun._.js:776
[  479147ms] [LOG] [Fast Refresh] done in 11ms @ http://localhost:3000/_next/static/chunks/08i5_next_dist_0bovzun._.js:776
[  479190ms] [LOG] [Fast Refresh] done in 11ms @ http://localhost:3000/_next/static/chunks/08i5_next_dist_0bovzun._.js:776
[  479236ms] [LOG] [Fast Refresh] done in 11ms @ http://localhost:3000/_next/static/chunks/08i5_next_dist_0bovzun._.js:776
[  479305ms] [LOG] [Fast Refresh] done in 11ms @ http://localhost:3000/_next/static/chunks/08i5_next_dist_0bovzun._.js:776
[  479373ms] [LOG] [Fast Refresh] done in 11ms @ http://localhost:3000/_next/static/chunks/08i5_next_dist_0bovzun._.js:776
[  479436ms] [LOG] [Fast Refresh] done in 11ms @ http://localhost:3000/_next/static/chunks/08i5_next_dist_0bovzun._.js:776
[  479496ms] [LOG] [Fast Refresh] done in 11ms @ http://localhost:3000/_next/static/chunks/08i5_next_dist_0bovzun._.js:776
[  479562ms] [LOG] [Fast Refresh] done in 11ms @ http://localhost:3000/_next/static/chunks/08i5_next_dist_0bovzun._.js:776
[  479621ms] [LOG] [Fast Refresh] done in 11ms @ http://localhost:3000/_next/static/chunks/08i5_next_dist_0bovzun._.js:776
[  479685ms] [LOG] [Fast Refresh] done in 11ms @ http://localhost:3000/_next/static/chunks/08i5_next_dist_0bovzun._.js:776
[  479732ms] [LOG] [Fast Refresh] done in 11ms @ http://localhost:3000/_next/static/chunks/08i5_next_dist_0bovzun._.js:776
[  479795ms] [LOG] [Fast Refresh] done in 11ms @ http://localhost:3000/_next/static/chunks/08i5_next_dist_0bovzun._.js:776
[  479862ms] [LOG] [Fast Refresh] done in 11ms @ http://localhost:3000/_next/static/chunks/08i5_next_dist_0bovzun._.js:776
[  479933ms] [LOG] [Fast Refresh] done in 11ms @ http://localhost:3000/_next/static/chunks/08i5_next_dist_0bovzun._.js:776
[  479996ms] [LOG] [Fast Refresh] done in 11ms @ http://localhost:3000/_next/static/chunks/08i5_next_dist_0bovzun._.js:776
[  480045ms] [LOG] [Fast Refresh] done in 11ms @ http://localhost:3000/_next/static/chunks/08i5_next_dist_0bovzun._.js:776
[  480094ms] [LOG] [Fast Refresh] done in 11ms @ http://localhost:3000/_next/static/chunks/08i5_next_dist_0bovzun._.js:776
[  480145ms] [LOG] [Fast Refresh] done in 11ms @ http://localhost:3000/_next/static/chunks/08i5_next_dist_0bovzun._.js:776
[  480192ms] [LOG] [Fast Refresh] done in 11ms @ http://localhost:3000/_next/static/chunks/08i5_next_dist_0bovzun._.js:776
[  480262ms] [LOG] [Fast Refresh] done in 11ms @ http://localhost:3000/_next/static/chunks/08i5_next_dist_0bovzun._.js:776
[  480324ms] [LOG] [Fast Refresh] done in 11ms @ http://localhost:3000/_next/static/chunks/08i5_next_dist_0bovzun._.js:776
[  480386ms] [LOG] [Fast Refresh] done in 11ms @ http://localhost:3000/_next/static/chunks/08i5_next_dist_0bovzun._.js:776
[  480449ms] [LOG] [Fast Refresh] done in 11ms @ http://localhost:3000/_next/static/chunks/08i5_next_dist_0bovzun._.js:776
[  480499ms] [LOG] [Fast Refresh] done in 11ms @ http://localhost:3000/_next/static/chunks/08i5_next_dist_0bovzun._.js:776
[  480546ms] [LOG] [Fast Refresh] done in 11ms @ http://localhost:3000/_next/static/chunks/08i5_next_dist_0bovzun._.js:776
[  480593ms] [LOG] [Fast Refresh] done in 11ms @ http://localhost:3000/_next/static/chunks/08i5_next_dist_0bovzun._.js:776
[  480654ms] [LOG] [Fast Refresh] done in 11ms @ http://localhost:3000/_next/static/chunks/08i5_next_dist_0bovzun._.js:776
[  480717ms] [LOG] [Fast Refresh] done in 11ms @ http://localhost:3000/_next/static/chunks/08i5_next_dist_0bovzun._.js:776
[  480766ms] [LOG] [Fast Refresh] done in 11ms @ http://localhost:3000/_next/static/chunks/08i5_next_dist_0bovzun._.js:776
[  480830ms] [LOG] [Fast Refresh] done in 11ms @ http://localhost:3000/_next/static/chunks/08i5_next_dist_0bovzun._.js:776
[  480898ms] [LOG] [Fast Refresh] done in 11ms @ http://localhost:3000/_next/static/chunks/08i5_next_dist_0bovzun._.js:776
[  480961ms] [LOG] [Fast Refresh] done in 11ms @ http://localhost:3000/_next/static/chunks/08i5_next_dist_0bovzun._.js:776
[  481028ms] [LOG] [Fast Refresh] done in 11ms @ http://localhost:3000/_next/static/chunks/08i5_next_dist_0bovzun._.js:776
[  481105ms] [LOG] [Fast Refresh] done in 11ms @ http://localhost:3000/_next/static/chunks/08i5_next_dist_0bovzun._.js:776
[  481156ms] [LOG] [Fast Refresh] done in 11ms @ http://localhost:3000/_next/static/chunks/08i5_next_dist_0bovzun._.js:776
[  481215ms] [LOG] [Fast Refresh] done in 11ms @ http://localhost:3000/_next/static/chunks/08i5_next_dist_0bovzun._.js:776
[  481267ms] [LOG] [Fast Refresh] done in 11ms @ http://localhost:3000/_next/static/chunks/08i5_next_dist_0bovzun._.js:776
[  481335ms] [LOG] [Fast Refresh] done in 11ms @ http://localhost:3000/_next/static/chunks/08i5_next_dist_0bovzun._.js:776
[  481396ms] [LOG] [Fast Refresh] done in 11ms @ http://localhost:3000/_next/static/chunks/08i5_next_dist_0bovzun._.js:776
[  481449ms] [LOG] [Fast Refresh] done in 11ms @ http://localhost:3000/_next/static/chunks/08i5_next_dist_0bovzun._.js:776
[  481511ms] [LOG] [Fast Refresh] done in 11ms @ http://localhost:3000/_next/static/chunks/08i5_next_dist_0bovzun._.js:776
[  481589ms] [LOG] [Fast Refresh] done in 11ms @ http://localhost:3000/_next/static/chunks/08i5_next_dist_0bovzun._.js:776
[  481652ms] [LOG] [Fast Refresh] done in 11ms @ http://localhost:3000/_next/static/chunks/08i5_next_dist_0bovzun._.js:776
[  481701ms] [LOG] [Fast Refresh] done in 11ms @ http://localhost:3000/_next/static/chunks/08i5_next_dist_0bovzun._.js:776
[  481767ms] [LOG] [Fast Refresh] done in 11ms @ http://localhost:3000/_next/static/chunks/08i5_next_dist_0bovzun._.js:776
[  481826ms] [LOG] [Fast Refresh] done in 11ms @ http://localhost:3000/_next/static/chunks/08i5_next_dist_0bovzun._.js:776
[  481892ms] [LOG] [Fast Refresh] done in 11ms @ http://localhost:3000/_next/static/chunks/08i5_next_dist_0bovzun._.js:776
[  481938ms] [LOG] [Fast Refresh] done in 11ms @ http://localhost:3000/_next/static/chunks/08i5_next_dist_0bovzun._.js:776
[  481996ms] [LOG] [Fast Refresh] done in 11ms @ http://localhost:3000/_next/static/chunks/08i5_next_dist_0bovzun._.js:776
[  482043ms] [LOG] [Fast Refresh] done in 11ms @ http://localhost:3000/_next/static/chunks/08i5_next_dist_0bovzun._.js:776
[  482093ms] [LOG] [Fast Refresh] done in 11ms @ http://localhost:3000/_next/static/chunks/08i5_next_dist_0bovzun._.js:776
[  482168ms] [LOG] [Fast Refresh] done in 11ms @ http://localhost:3000/_next/static/chunks/08i5_next_dist_0bovzun._.js:776
[  482224ms] [LOG] [Fast Refresh] done in 11ms @ http://localhost:3000/_next/static/chunks/08i5_next_dist_0bovzun._.js:776
[  482277ms] [LOG] [Fast Refresh] done in 11ms @ http://localhost:3000/_next/static/chunks/08i5_next_dist_0bovzun._.js:776
[  482328ms] [LOG] [Fast Refresh] done in 11ms @ http://localhost:3000/_next/static/chunks/08i5_next_dist_0bovzun._.js:776
[  482382ms] [LOG] [Fast Refresh] done in 11ms @ http://localhost:3000/_next/static/chunks/08i5_next_dist_0bovzun._.js:776
[  482434ms] [LOG] [Fast Refresh] done in 11ms @ http://localhost:3000/_next/static/chunks/08i5_next_dist_0bovzun._.js:776
[  482483ms] [LOG] [Fast Refresh] done in 11ms @ http://localhost:3000/_next/static/chunks/08i5_next_dist_0bovzun._.js:776
[  482543ms] [LOG] [Fast Refresh] done in 11ms @ http://localhost:3000/_next/static/chunks/08i5_next_dist_0bovzun._.js:776
[  482605ms] [LOG] [Fast Refresh] done in 11ms @ http://localhost:3000/_next/static/chunks/08i5_next_dist_0bovzun._.js:776
[  482654ms] [LOG] [Fast Refresh] done in 11ms @ http://localhost:3000/_next/static/chunks/08i5_next_dist_0bovzun._.js:776
[  482701ms] [LOG] [Fast Refresh] done in 11ms @ http://localhost:3000/_next/static/chunks/08i5_next_dist_0bovzun._.js:776
[  482743ms] [LOG] [Fast Refresh] done in 11ms @ http://localhost:3000/_next/static/chunks/08i5_next_dist_0bovzun._.js:776
[  482797ms] [LOG] [Fast Refresh] done in 11ms @ http://localhost:3000/_next/static/chunks/08i5_next_dist_0bovzun._.js:776
[  482849ms] [LOG] [Fast Refresh] done in 11ms @ http://localhost:3000/_next/static/chunks/08i5_next_dist_0bovzun._.js:776
[  482892ms] [LOG] [Fast Refresh] done in 11ms @ http://localhost:3000/_next/static/chunks/08i5_next_dist_0bovzun._.js:776
[  482937ms] [LOG] [Fast Refresh] done in 11ms @ http://localhost:3000/_next/static/chunks/08i5_next_dist_0bovzun._.js:776
[  482986ms] [LOG] [Fast Refresh] done in 11ms @ http://localhost:3000/_next/static/chunks/08i5_next_dist_0bovzun._.js:776
[  483030ms] [LOG] [Fast Refresh] done in 11ms @ http://localhost:3000/_next/static/chunks/08i5_next_dist_0bovzun._.js:776
[  483091ms] [LOG] [Fast Refresh] done in 11ms @ http://localhost:3000/_next/static/chunks/08i5_next_dist_0bovzun._.js:776
[  483153ms] [LOG] [Fast Refresh] done in 11ms @ http://localhost:3000/_next/static/chunks/08i5_next_dist_0bovzun._.js:776
[  483194ms] [LOG] [Fast Refresh] done in 11ms @ http://localhost:3000/_next/static/chunks/08i5_next_dist_0bovzun._.js:776
[  483236ms] [LOG] [Fast Refresh] done in 11ms @ http://localhost:3000/_next/static/chunks/08i5_next_dist_0bovzun._.js:776
[  483291ms] [LOG] [Fast Refresh] done in 11ms @ http://localhost:3000/_next/static/chunks/08i5_next_dist_0bovzun._.js:776
[  483356ms] [LOG] [Fast Refresh] done in 11ms @ http://localhost:3000/_next/static/chunks/08i5_next_dist_0bovzun._.js:776
[  483416ms] [LOG] [Fast Refresh] done in 11ms @ http://localhost:3000/_next/static/chunks/08i5_next_dist_0bovzun._.js:776
[  483465ms] [LOG] [Fast Refresh] done in 11ms @ http://localhost:3000/_next/static/chunks/08i5_next_dist_0bovzun._.js:776
[  483518ms] [LOG] [Fast Refresh] done in 11ms @ http://localhost:3000/_next/static/chunks/08i5_next_dist_0bovzun._.js:776
[  483562ms] [LOG] [Fast Refresh] done in 11ms @ http://localhost:3000/_next/static/chunks/08i5_next_dist_0bovzun._.js:776
[  483618ms] [LOG] [Fast Refresh] done in 11ms @ http://localhost:3000/_next/static/chunks/08i5_next_dist_0bovzun._.js:776
[  483675ms] [LOG] [Fast Refresh] done in 11ms @ http://localhost:3000/_next/static/chunks/08i5_next_dist_0bovzun._.js:776
[  483722ms] [LOG] [Fast Refresh] done in 11ms @ http://localhost:3000/_next/static/chunks/08i5_next_dist_0bovzun._.js:776
[  483776ms] [LOG] [Fast Refresh] done in 11ms @ http://localhost:3000/_next/static/chunks/08i5_next_dist_0bovzun._.js:776
[  483826ms] [LOG] [Fast Refresh] done in 11ms @ http://localhost:3000/_next/static/chunks/08i5_next_dist_0bovzun._.js:776
[  483883ms] [LOG] [Fast Refresh] done in 11ms @ http://localhost:3000/_next/static/chunks/08i5_next_dist_0bovzun._.js:776
[  483937ms] [LOG] [Fast Refresh] done in 11ms @ http://localhost:3000/_next/static/chunks/08i5_next_dist_0bovzun._.js:776
[  484002ms] [LOG] [Fast Refresh] done in 11ms @ http://localhost:3000/_next/static/chunks/08i5_next_dist_0bovzun._.js:776
[  484070ms] [LOG] [Fast Refresh] done in 11ms @ http://localhost:3000/_next/static/chunks/08i5_next_dist_0bovzun._.js:776
[  484120ms] [LOG] [Fast Refresh] done in 11ms @ http://localhost:3000/_next/static/chunks/08i5_next_dist_0bovzun._.js:776
[  484170ms] [LOG] [Fast Refresh] done in 11ms @ http://localhost:3000/_next/static/chunks/08i5_next_dist_0bovzun._.js:776
[  484208ms] [LOG] [Fast Refresh] done in 11ms @ http://localhost:3000/_next/static/chunks/08i5_next_dist_0bovzun._.js:776
[  484263ms] [LOG] [Fast Refresh] done in 11ms @ http://localhost:3000/_next/static/chunks/08i5_next_dist_0bovzun._.js:776
[  484308ms] [LOG] [Fast Refresh] done in 11ms @ http://localhost:3000/_next/static/chunks/08i5_next_dist_0bovzun._.js:776
[  484377ms] [LOG] [Fast Refresh] done in 11ms @ http://localhost:3000/_next/static/chunks/08i5_next_dist_0bovzun._.js:776
[  484418ms] [LOG] [Fast Refresh] done in 11ms @ http://localhost:3000/_next/static/chunks/08i5_next_dist_0bovzun._.js:776
[  484480ms] [LOG] [Fast Refresh] done in 11ms @ http://localhost:3000/_next/static/chunks/08i5_next_dist_0bovzun._.js:776
[  484538ms] [LOG] [Fast Refresh] done in 11ms @ http://localhost:3000/_next/static/chunks/08i5_next_dist_0bovzun._.js:776
[  484583ms] [LOG] [Fast Refresh] done in 11ms @ http://localhost:3000/_next/static/chunks/08i5_next_dist_0bovzun._.js:776
[  484634ms] [LOG] [Fast Refresh] done in 11ms @ http://localhost:3000/_next/static/chunks/08i5_next_dist_0bovzun._.js:776
[  484684ms] [LOG] [Fast Refresh] done in 11ms @ http://localhost:3000/_next/static/chunks/08i5_next_dist_0bovzun._.js:776
[  484750ms] [LOG] [Fast Refresh] done in 11ms @ http://localhost:3000/_next/static/chunks/08i5_next_dist_0bovzun._.js:776
[  484811ms] [LOG] [Fast Refresh] done in 11ms @ http://localhost:3000/_next/static/chunks/08i5_next_dist_0bovzun._.js:776
[  484875ms] [LOG] [Fast Refresh] done in 11ms @ http://localhost:3000/_next/static/chunks/08i5_next_dist_0bovzun._.js:776
[  484928ms] [LOG] [Fast Refresh] done in 11ms @ http://localhost:3000/_next/static/chunks/08i5_next_dist_0bovzun._.js:776
[  484979ms] [LOG] [Fast Refresh] done in 11ms @ http://localhost:3000/_next/static/chunks/08i5_next_dist_0bovzun._.js:776
[  485028ms] [LOG] [Fast Refresh] done in 11ms @ http://localhost:3000/_next/static/chunks/08i5_next_dist_0bovzun._.js:776
[  485081ms] [LOG] [Fast Refresh] done in 11ms @ http://localhost:3000/_next/static/chunks/08i5_next_dist_0bovzun._.js:776
[  485138ms] [LOG] [Fast Refresh] done in 11ms @ http://localhost:3000/_next/static/chunks/08i5_next_dist_0bovzun._.js:776
[  485189ms] [LOG] [Fast Refresh] done in 11ms @ http://localhost:3000/_next/static/chunks/08i5_next_dist_0bovzun._.js:776
[  485258ms] [LOG] [Fast Refresh] done in 11ms @ http://localhost:3000/_next/static/chunks/08i5_next_dist_0bovzun._.js:776
[  485308ms] [LOG] [Fast Refresh] done in 11ms @ http://localhost:3000/_next/static/chunks/08i5_next_dist_0bovzun._.js:776
[  485368ms] [LOG] [Fast Refresh] done in 11ms @ http://localhost:3000/_next/static/chunks/08i5_next_dist_0bovzun._.js:776
[  485418ms] [LOG] [Fast Refresh] done in 11ms @ http://localhost:3000/_next/static/chunks/08i5_next_dist_0bovzun._.js:776
[  485472ms] [LOG] [Fast Refresh] done in 11ms @ http://localhost:3000/_next/static/chunks/08i5_next_dist_0bovzun._.js:776
[  485515ms] [LOG] [Fast Refresh] done in 11ms @ http://localhost:3000/_next/static/chunks/08i5_next_dist_0bovzun._.js:776
[  485564ms] [LOG] [Fast Refresh] done in 11ms @ http://localhost:3000/_next/static/chunks/08i5_next_dist_0bovzun._.js:776
[  485620ms] [LOG] [Fast Refresh] done in 11ms @ http://localhost:3000/_next/static/chunks/08i5_next_dist_0bovzun._.js:776
[  485658ms] [LOG] [Fast Refresh] done in 11ms @ http://localhost:3000/_next/static/chunks/08i5_next_dist_0bovzun._.js:776
[  485708ms] [LOG] [Fast Refresh] done in 11ms @ http://localhost:3000/_next/static/chunks/08i5_next_dist_0bovzun._.js:776
[  485765ms] [LOG] [Fast Refresh] done in 11ms @ http://localhost:3000/_next/static/chunks/08i5_next_dist_0bovzun._.js:776
[  485827ms] [LOG] [Fast Refresh] done in 11ms @ http://localhost:3000/_next/static/chunks/08i5_next_dist_0bovzun._.js:776
[  485889ms] [LOG] [Fast Refresh] done in 11ms @ http://localhost:3000/_next/static/chunks/08i5_next_dist_0bovzun._.js:776
[  485942ms] [LOG] [Fast Refresh] done in 11ms @ http://localhost:3000/_next/static/chunks/08i5_next_dist_0bovzun._.js:776
[  485995ms] [LOG] [Fast Refresh] done in 11ms @ http://localhost:3000/_next/static/chunks/08i5_next_dist_0bovzun._.js:776
[  486058ms] [LOG] [Fast Refresh] done in 11ms @ http://localhost:3000/_next/static/chunks/08i5_next_dist_0bovzun._.js:776
[  486121ms] [LOG] [Fast Refresh] done in 11ms @ http://localhost:3000/_next/static/chunks/08i5_next_dist_0bovzun._.js:776
[  486175ms] [LOG] [Fast Refresh] done in 11ms @ http://localhost:3000/_next/static/chunks/08i5_next_dist_0bovzun._.js:776
[  486230ms] [LOG] [Fast Refresh] done in 11ms @ http://localhost:3000/_next/static/chunks/08i5_next_dist_0bovzun._.js:776
[  486286ms] [LOG] [Fast Refresh] done in 11ms @ http://localhost:3000/_next/static/chunks/08i5_next_dist_0bovzun._.js:776
[  486349ms] [LOG] [Fast Refresh] done in 11ms @ http://localhost:3000/_next/static/chunks/08i5_next_dist_0bovzun._.js:776
[  486411ms] [LOG] [Fast Refresh] done in 11ms @ http://localhost:3000/_next/static/chunks/08i5_next_dist_0bovzun._.js:776
[  486462ms] [LOG] [Fast Refresh] done in 11ms @ http://localhost:3000/_next/static/chunks/08i5_next_dist_0bovzun._.js:776
[  486500ms] [LOG] [Fast Refresh] done in 11ms @ http://localhost:3000/_next/static/chunks/08i5_next_dist_0bovzun._.js:776
[  486577ms] [LOG] [Fast Refresh] done in 11ms @ http://localhost:3000/_next/static/chunks/08i5_next_dist_0bovzun._.js:776
[  486636ms] [LOG] [Fast Refresh] done in 11ms @ http://localhost:3000/_next/static/chunks/08i5_next_dist_0bovzun._.js:776
[  486697ms] [LOG] [Fast Refresh] done in 11ms @ http://localhost:3000/_next/static/chunks/08i5_next_dist_0bovzun._.js:776
[  486761ms] [LOG] [Fast Refresh] done in 11ms @ http://localhost:3000/_next/static/chunks/08i5_next_dist_0bovzun._.js:776
[  486810ms] [LOG] [Fast Refresh] done in 11ms @ http://localhost:3000/_next/static/chunks/08i5_next_dist_0bovzun._.js:776
[  486872ms] [LOG] [Fast Refresh] done in 11ms @ http://localhost:3000/_next/static/chunks/08i5_next_dist_0bovzun._.js:776
[  486939ms] [LOG] [Fast Refresh] done in 11ms @ http://localhost:3000/_next/static/chunks/08i5_next_dist_0bovzun._.js:776
[  486991ms] [LOG] [Fast Refresh] done in 11ms @ http://localhost:3000/_next/static/chunks/08i5_next_dist_0bovzun._.js:776
[  487045ms] [LOG] [Fast Refresh] done in 11ms @ http://localhost:3000/_next/static/chunks/08i5_next_dist_0bovzun._.js:776
[  487107ms] [LOG] [Fast Refresh] done in 11ms @ http://localhost:3000/_next/static/chunks/08i5_next_dist_0bovzun._.js:776
[  487158ms] [LOG] [Fast Refresh] done in 11ms @ http://localhost:3000/_next/static/chunks/08i5_next_dist_0bovzun._.js:776
[  487225ms] [LOG] [Fast Refresh] done in 11ms @ http://localhost:3000/_next/static/chunks/08i5_next_dist_0bovzun._.js:776
[  487275ms] [LOG] [Fast Refresh] done in 11ms @ http://localhost:3000/_next/static/chunks/08i5_next_dist_0bovzun._.js:776
[  487324ms] [LOG] [Fast Refresh] done in 11ms @ http://localhost:3000/_next/static/chunks/08i5_next_dist_0bovzun._.js:776
[  487387ms] [LOG] [Fast Refresh] done in 11ms @ http://localhost:3000/_next/static/chunks/08i5_next_dist_0bovzun._.js:776
[  487450ms] [LOG] [Fast Refresh] done in 11ms @ http://localhost:3000/_next/static/chunks/08i5_next_dist_0bovzun._.js:776
[  487511ms] [LOG] [Fast Refresh] done in 11ms @ http://localhost:3000/_next/static/chunks/08i5_next_dist_0bovzun._.js:776
[  487576ms] [LOG] [Fast Refresh] done in 11ms @ http://localhost:3000/_next/static/chunks/08i5_next_dist_0bovzun._.js:776
[  487637ms] [LOG] [Fast Refresh] done in 11ms @ http://localhost:3000/_next/static/chunks/08i5_next_dist_0bovzun._.js:776
[  487691ms] [LOG] [Fast Refresh] done in 11ms @ http://localhost:3000/_next/static/chunks/08i5_next_dist_0bovzun._.js:776
[  487740ms] [LOG] [Fast Refresh] done in 11ms @ http://localhost:3000/_next/static/chunks/08i5_next_dist_0bovzun._.js:776
[  487784ms] [LOG] [Fast Refresh] done in 11ms @ http://localhost:3000/_next/static/chunks/08i5_next_dist_0bovzun._.js:776
[  487841ms] [LOG] [Fast Refresh] done in 11ms @ http://localhost:3000/_next/static/chunks/08i5_next_dist_0bovzun._.js:776
[  487901ms] [LOG] [Fast Refresh] done in 11ms @ http://localhost:3000/_next/static/chunks/08i5_next_dist_0bovzun._.js:776
[  487955ms] [LOG] [Fast Refresh] done in 11ms @ http://localhost:3000/_next/static/chunks/08i5_next_dist_0bovzun._.js:776
[  488007ms] [LOG] [Fast Refresh] done in 11ms @ http://localhost:3000/_next/static/chunks/08i5_next_dist_0bovzun._.js:776
[  488064ms] [LOG] [Fast Refresh] done in 11ms @ http://localhost:3000/_next/static/chunks/08i5_next_dist_0bovzun._.js:776
[  488118ms] [LOG] [Fast Refresh] done in 11ms @ http://localhost:3000/_next/static/chunks/08i5_next_dist_0bovzun._.js:776
[  488168ms] [LOG] [Fast Refresh] done in 11ms @ http://localhost:3000/_next/static/chunks/08i5_next_dist_0bovzun._.js:776
[  488216ms] [LOG] [Fast Refresh] done in 11ms @ http://localhost:3000/_next/static/chunks/08i5_next_dist_0bovzun._.js:776
[  488273ms] [LOG] [Fast Refresh] done in 11ms @ http://localhost:3000/_next/static/chunks/08i5_next_dist_0bovzun._.js:776
[  488314ms] [LOG] [Fast Refresh] done in 11ms @ http://localhost:3000/_next/static/chunks/08i5_next_dist_0bovzun._.js:776
[  488358ms] [LOG] [Fast Refresh] done in 11ms @ http://localhost:3000/_next/static/chunks/08i5_next_dist_0bovzun._.js:776
[  488409ms] [LOG] [Fast Refresh] done in 11ms @ http://localhost:3000/_next/static/chunks/08i5_next_dist_0bovzun._.js:776
[  488456ms] [LOG] [Fast Refresh] done in 11ms @ http://localhost:3000/_next/static/chunks/08i5_next_dist_0bovzun._.js:776
[  488507ms] [LOG] [Fast Refresh] done in 11ms @ http://localhost:3000/_next/static/chunks/08i5_next_dist_0bovzun._.js:776
[  488551ms] [LOG] [Fast Refresh] done in 11ms @ http://localhost:3000/_next/static/chunks/08i5_next_dist_0bovzun._.js:776
[  488605ms] [LOG] [Fast Refresh] done in 11ms @ http://localhost:3000/_next/static/chunks/08i5_next_dist_0bovzun._.js:776
[  488653ms] [LOG] [Fast Refresh] done in 11ms @ http://localhost:3000/_next/static/chunks/08i5_next_dist_0bovzun._.js:776
[  488715ms] [LOG] [Fast Refresh] done in 11ms @ http://localhost:3000/_next/static/chunks/08i5_next_dist_0bovzun._.js:776
[  488772ms] [LOG] [Fast Refresh] done in 11ms @ http://localhost:3000/_next/static/chunks/08i5_next_dist_0bovzun._.js:776
[  488822ms] [LOG] [Fast Refresh] done in 11ms @ http://localhost:3000/_next/static/chunks/08i5_next_dist_0bovzun._.js:776
[  488884ms] [LOG] [Fast Refresh] done in 11ms @ http://localhost:3000/_next/static/chunks/08i5_next_dist_0bovzun._.js:776
[  488934ms] [LOG] [Fast Refresh] done in 11ms @ http://localhost:3000/_next/static/chunks/08i5_next_dist_0bovzun._.js:776
[  488999ms] [LOG] [Fast Refresh] done in 11ms @ http://localhost:3000/_next/static/chunks/08i5_next_dist_0bovzun._.js:776
[  489061ms] [LOG] [Fast Refresh] done in 11ms @ http://localhost:3000/_next/static/chunks/08i5_next_dist_0bovzun._.js:776
[  489121ms] [LOG] [Fast Refresh] done in 11ms @ http://localhost:3000/_next/static/chunks/08i5_next_dist_0bovzun._.js:776
[  489176ms] [LOG] [Fast Refresh] done in 11ms @ http://localhost:3000/_next/static/chunks/08i5_next_dist_0bovzun._.js:776
[  489227ms] [LOG] [Fast Refresh] done in 11ms @ http://localhost:3000/_next/static/chunks/08i5_next_dist_0bovzun._.js:776
[  489276ms] [LOG] [Fast Refresh] done in 11ms @ http://localhost:3000/_next/static/chunks/08i5_next_dist_0bovzun._.js:776
[  489328ms] [LOG] [Fast Refresh] done in 11ms @ http://localhost:3000/_next/static/chunks/08i5_next_dist_0bovzun._.js:776
[  489393ms] [LOG] [Fast Refresh] done in 11ms @ http://localhost:3000/_next/static/chunks/08i5_next_dist_0bovzun._.js:776
[  489460ms] [LOG] [Fast Refresh] done in 11ms @ http://localhost:3000/_next/static/chunks/08i5_next_dist_0bovzun._.js:776
[  489500ms] [LOG] [Fast Refresh] done in 11ms @ http://localhost:3000/_next/static/chunks/08i5_next_dist_0bovzun._.js:776
[  489558ms] [LOG] [Fast Refresh] done in 11ms @ http://localhost:3000/_next/static/chunks/08i5_next_dist_0bovzun._.js:776
[  489611ms] [LOG] [Fast Refresh] done in 11ms @ http://localhost:3000/_next/static/chunks/08i5_next_dist_0bovzun._.js:776
[  489662ms] [LOG] [Fast Refresh] done in 11ms @ http://localhost:3000/_next/static/chunks/08i5_next_dist_0bovzun._.js:776
[  489725ms] [LOG] [Fast Refresh] done in 11ms @ http://localhost:3000/_next/static/chunks/08i5_next_dist_0bovzun._.js:776
[  489786ms] [LOG] [Fast Refresh] done in 11ms @ http://localhost:3000/_next/static/chunks/08i5_next_dist_0bovzun._.js:776
[  489840ms] [LOG] [Fast Refresh] done in 11ms @ http://localhost:3000/_next/static/chunks/08i5_next_dist_0bovzun._.js:776
[  489905ms] [LOG] [Fast Refresh] done in 11ms @ http://localhost:3000/_next/static/chunks/08i5_next_dist_0bovzun._.js:776
[  489961ms] [LOG] [Fast Refresh] done in 11ms @ http://localhost:3000/_next/static/chunks/08i5_next_dist_0bovzun._.js:776
[  490028ms] [LOG] [Fast Refresh] done in 11ms @ http://localhost:3000/_next/static/chunks/08i5_next_dist_0bovzun._.js:776
[  490082ms] [LOG] [Fast Refresh] done in 11ms @ http://localhost:3000/_next/static/chunks/08i5_next_dist_0bovzun._.js:776
[  490132ms] [LOG] [Fast Refresh] done in 11ms @ http://localhost:3000/_next/static/chunks/08i5_next_dist_0bovzun._.js:776
[  490186ms] [LOG] [Fast Refresh] done in 11ms @ http://localhost:3000/_next/static/chunks/08i5_next_dist_0bovzun._.js:776
[  490243ms] [LOG] [Fast Refresh] done in 11ms @ http://localhost:3000/_next/static/chunks/08i5_next_dist_0bovzun._.js:776
[  490303ms] [LOG] [Fast Refresh] done in 11ms @ http://localhost:3000/_next/static/chunks/08i5_next_dist_0bovzun._.js:776
[  490356ms] [LOG] [Fast Refresh] done in 11ms @ http://localhost:3000/_next/static/chunks/08i5_next_dist_0bovzun._.js:776
[  490406ms] [LOG] [Fast Refresh] done in 11ms @ http://localhost:3000/_next/static/chunks/08i5_next_dist_0bovzun._.js:776
[  490465ms] [LOG] [Fast Refresh] done in 11ms @ http://localhost:3000/_next/static/chunks/08i5_next_dist_0bovzun._.js:776
[  490527ms] [LOG] [Fast Refresh] done in 11ms @ http://localhost:3000/_next/static/chunks/08i5_next_dist_0bovzun._.js:776
[  490583ms] [LOG] [Fast Refresh] done in 11ms @ http://localhost:3000/_next/static/chunks/08i5_next_dist_0bovzun._.js:776
[  490637ms] [LOG] [Fast Refresh] done in 11ms @ http://localhost:3000/_next/static/chunks/08i5_next_dist_0bovzun._.js:776
[  490703ms] [LOG] [Fast Refresh] done in 11ms @ http://localhost:3000/_next/static/chunks/08i5_next_dist_0bovzun._.js:776
[  490761ms] [LOG] [Fast Refresh] done in 11ms @ http://localhost:3000/_next/static/chunks/08i5_next_dist_0bovzun._.js:776
[  490823ms] [LOG] [Fast Refresh] done in 11ms @ http://localhost:3000/_next/static/chunks/08i5_next_dist_0bovzun._.js:776
[  490897ms] [LOG] [Fast Refresh] done in 11ms @ http://localhost:3000/_next/static/chunks/08i5_next_dist_0bovzun._.js:776
[  490949ms] [LOG] [Fast Refresh] done in 11ms @ http://localhost:3000/_next/static/chunks/08i5_next_dist_0bovzun._.js:776
[  491028ms] [LOG] [Fast Refresh] done in 11ms @ http://localhost:3000/_next/static/chunks/08i5_next_dist_0bovzun._.js:776
[  491092ms] [LOG] [Fast Refresh] done in 11ms @ http://localhost:3000/_next/static/chunks/08i5_next_dist_0bovzun._.js:776
[  491142ms] [LOG] [Fast Refresh] done in 11ms @ http://localhost:3000/_next/static/chunks/08i5_next_dist_0bovzun._.js:776
[  491199ms] [LOG] [Fast Refresh] done in 11ms @ http://localhost:3000/_next/static/chunks/08i5_next_dist_0bovzun._.js:776
[  491250ms] [LOG] [Fast Refresh] done in 11ms @ http://localhost:3000/_next/static/chunks/08i5_next_dist_0bovzun._.js:776
[  491305ms] [LOG] [Fast Refresh] done in 11ms @ http://localhost:3000/_next/static/chunks/08i5_next_dist_0bovzun._.js:776
[  491376ms] [LOG] [Fast Refresh] done in 11ms @ http://localhost:3000/_next/static/chunks/08i5_next_dist_0bovzun._.js:776
[  491434ms] [LOG] [Fast Refresh] done in 11ms @ http://localhost:3000/_next/static/chunks/08i5_next_dist_0bovzun._.js:776
[  491509ms] [LOG] [Fast Refresh] done in 11ms @ http://localhost:3000/_next/static/chunks/08i5_next_dist_0bovzun._.js:776
[  491574ms] [LOG] [Fast Refresh] done in 11ms @ http://localhost:3000/_next/static/chunks/08i5_next_dist_0bovzun._.js:776
[  491619ms] [LOG] [Fast Refresh] done in 11ms @ http://localhost:3000/_next/static/chunks/08i5_next_dist_0bovzun._.js:776
[  491681ms] [LOG] [Fast Refresh] done in 11ms @ http://localhost:3000/_next/static/chunks/08i5_next_dist_0bovzun._.js:776
[  491731ms] [LOG] [Fast Refresh] done in 11ms @ http://localhost:3000/_next/static/chunks/08i5_next_dist_0bovzun._.js:776
[  491794ms] [LOG] [Fast Refresh] done in 11ms @ http://localhost:3000/_next/static/chunks/08i5_next_dist_0bovzun._.js:776
[  491856ms] [LOG] [Fast Refresh] done in 11ms @ http://localhost:3000/_next/static/chunks/08i5_next_dist_0bovzun._.js:776
[  491912ms] [LOG] [Fast Refresh] done in 11ms @ http://localhost:3000/_next/static/chunks/08i5_next_dist_0bovzun._.js:776
[  491962ms] [LOG] [Fast Refresh] done in 11ms @ http://localhost:3000/_next/static/chunks/08i5_next_dist_0bovzun._.js:776
[  492024ms] [LOG] [Fast Refresh] done in 11ms @ http://localhost:3000/_next/static/chunks/08i5_next_dist_0bovzun._.js:776
[  492087ms] [LOG] [Fast Refresh] done in 11ms @ http://localhost:3000/_next/static/chunks/08i5_next_dist_0bovzun._.js:776
[  492153ms] [LOG] [Fast Refresh] done in 11ms @ http://localhost:3000/_next/static/chunks/08i5_next_dist_0bovzun._.js:776
[  492224ms] [LOG] [Fast Refresh] done in 11ms @ http://localhost:3000/_next/static/chunks/08i5_next_dist_0bovzun._.js:776
[  492286ms] [LOG] [Fast Refresh] done in 11ms @ http://localhost:3000/_next/static/chunks/08i5_next_dist_0bovzun._.js:776
[  492339ms] [LOG] [Fast Refresh] done in 11ms @ http://localhost:3000/_next/static/chunks/08i5_next_dist_0bovzun._.js:776
[  492396ms] [LOG] [Fast Refresh] done in 11ms @ http://localhost:3000/_next/static/chunks/08i5_next_dist_0bovzun._.js:776
[  492451ms] [LOG] [Fast Refresh] done in 11ms @ http://localhost:3000/_next/static/chunks/08i5_next_dist_0bovzun._.js:776
[  492501ms] [LOG] [Fast Refresh] done in 11ms @ http://localhost:3000/_next/static/chunks/08i5_next_dist_0bovzun._.js:776
[  525277ms] [LOG] [Fast Refresh] rebuilding @ http://localhost:3000/_next/static/chunks/08i5_next_dist_0bovzun._.js:776
[  525383ms] [LOG] [Fast Refresh] done in 15ms @ http://localhost:3000/_next/static/chunks/08i5_next_dist_0bovzun._.js:776
[  525435ms] [LOG] [Fast Refresh] done in 15ms @ http://localhost:3000/_next/static/chunks/08i5_next_dist_0bovzun._.js:776
[  525477ms] [LOG] [Fast Refresh] done in 15ms @ http://localhost:3000/_next/static/chunks/08i5_next_dist_0bovzun._.js:776
[  525672ms] [LOG] [Fast Refresh] done in 15ms @ http://localhost:3000/_next/static/chunks/08i5_next_dist_0bovzun._.js:776
[  525719ms] [LOG] [Fast Refresh] done in 15ms @ http://localhost:3000/_next/static/chunks/08i5_next_dist_0bovzun._.js:776
[  525779ms] [LOG] [Fast Refresh] done in 15ms @ http://localhost:3000/_next/static/chunks/08i5_next_dist_0bovzun._.js:776
[  525827ms] [LOG] [Fast Refresh] done in 15ms @ http://localhost:3000/_next/static/chunks/08i5_next_dist_0bovzun._.js:776
[  525888ms] [LOG] [Fast Refresh] done in 15ms @ http://localhost:3000/_next/static/chunks/08i5_next_dist_0bovzun._.js:776
[  525935ms] [LOG] [Fast Refresh] done in 15ms @ http://localhost:3000/_next/static/chunks/08i5_next_dist_0bovzun._.js:776
[  525996ms] [LOG] [Fast Refresh] done in 15ms @ http://localhost:3000/_next/static/chunks/08i5_next_dist_0bovzun._.js:776
[  526046ms] [LOG] [Fast Refresh] done in 15ms @ http://localhost:3000/_next/static/chunks/08i5_next_dist_0bovzun._.js:776
[  526107ms] [LOG] [Fast Refresh] done in 15ms @ http://localhost:3000/_next/static/chunks/08i5_next_dist_0bovzun._.js:776
[  526154ms] [LOG] [Fast Refresh] done in 15ms @ http://localhost:3000/_next/static/chunks/08i5_next_dist_0bovzun._.js:776
[  526217ms] [LOG] [Fast Refresh] done in 15ms @ http://localhost:3000/_next/static/chunks/08i5_next_dist_0bovzun._.js:776
[  526258ms] [LOG] [Fast Refresh] done in 15ms @ http://localhost:3000/_next/static/chunks/08i5_next_dist_0bovzun._.js:776
[  526313ms] [LOG] [Fast Refresh] done in 15ms @ http://localhost:3000/_next/static/chunks/08i5_next_dist_0bovzun._.js:776
[  526356ms] [LOG] [Fast Refresh] done in 15ms @ http://localhost:3000/_next/static/chunks/08i5_next_dist_0bovzun._.js:776
[  526420ms] [LOG] [Fast Refresh] done in 15ms @ http://localhost:3000/_next/static/chunks/08i5_next_dist_0bovzun._.js:776
[  526468ms] [LOG] [Fast Refresh] done in 15ms @ http://localhost:3000/_next/static/chunks/08i5_next_dist_0bovzun._.js:776
[  526529ms] [LOG] [Fast Refresh] done in 15ms @ http://localhost:3000/_next/static/chunks/08i5_next_dist_0bovzun._.js:776
[  526571ms] [LOG] [Fast Refresh] done in 15ms @ http://localhost:3000/_next/static/chunks/08i5_next_dist_0bovzun._.js:776
[  526627ms] [LOG] [Fast Refresh] done in 15ms @ http://localhost:3000/_next/static/chunks/08i5_next_dist_0bovzun._.js:776
[  526675ms] [LOG] [Fast Refresh] done in 15ms @ http://localhost:3000/_next/static/chunks/08i5_next_dist_0bovzun._.js:776
[  526717ms] [LOG] [Fast Refresh] done in 15ms @ http://localhost:3000/_next/static/chunks/08i5_next_dist_0bovzun._.js:776
[  526777ms] [LOG] [Fast Refresh] done in 15ms @ http://localhost:3000/_next/static/chunks/08i5_next_dist_0bovzun._.js:776
[  526834ms] [LOG] [Fast Refresh] done in 15ms @ http://localhost:3000/_next/static/chunks/08i5_next_dist_0bovzun._.js:776
[  526887ms] [LOG] [Fast Refresh] done in 15ms @ http://localhost:3000/_next/static/chunks/08i5_next_dist_0bovzun._.js:776
[  526950ms] [LOG] [Fast Refresh] done in 15ms @ http://localhost:3000/_next/static/chunks/08i5_next_dist_0bovzun._.js:776
[  527017ms] [LOG] [Fast Refresh] done in 15ms @ http://localhost:3000/_next/static/chunks/08i5_next_dist_0bovzun._.js:776
[  527081ms] [LOG] [Fast Refresh] done in 15ms @ http://localhost:3000/_next/static/chunks/08i5_next_dist_0bovzun._.js:776
[  527137ms] [LOG] [Fast Refresh] done in 15ms @ http://localhost:3000/_next/static/chunks/08i5_next_dist_0bovzun._.js:776
[  527214ms] [LOG] [Fast Refresh] done in 15ms @ http://localhost:3000/_next/static/chunks/08i5_next_dist_0bovzun._.js:776
[  527276ms] [LOG] [Fast Refresh] done in 15ms @ http://localhost:3000/_next/static/chunks/08i5_next_dist_0bovzun._.js:776
[  527338ms] [LOG] [Fast Refresh] done in 15ms @ http://localhost:3000/_next/static/chunks/08i5_next_dist_0bovzun._.js:776
[  527402ms] [LOG] [Fast Refresh] done in 15ms @ http://localhost:3000/_next/static/chunks/08i5_next_dist_0bovzun._.js:776
[  527466ms] [LOG] [Fast Refresh] done in 15ms @ http://localhost:3000/_next/static/chunks/08i5_next_dist_0bovzun._.js:776
[  527533ms] [LOG] [Fast Refresh] done in 15ms @ http://localhost:3000/_next/static/chunks/08i5_next_dist_0bovzun._.js:776
[  527597ms] [LOG] [Fast Refresh] done in 15ms @ http://localhost:3000/_next/static/chunks/08i5_next_dist_0bovzun._.js:776
[  527731ms] [LOG] [Fast Refresh] done in 15ms @ http://localhost:3000/_next/static/chunks/08i5_next_dist_0bovzun._.js:776
[  527787ms] [LOG] [Fast Refresh] done in 15ms @ http://localhost:3000/_next/static/chunks/08i5_next_dist_0bovzun._.js:776
[  527841ms] [LOG] [Fast Refresh] done in 15ms @ http://localhost:3000/_next/static/chunks/08i5_next_dist_0bovzun._.js:776
[  527883ms] [LOG] [Fast Refresh] done in 15ms @ http://localhost:3000/_next/static/chunks/08i5_next_dist_0bovzun._.js:776
[  527936ms] [LOG] [Fast Refresh] done in 15ms @ http://localhost:3000/_next/static/chunks/08i5_next_dist_0bovzun._.js:776
[  527997ms] [LOG] [Fast Refresh] done in 15ms @ http://localhost:3000/_next/static/chunks/08i5_next_dist_0bovzun._.js:776
[  528043ms] [LOG] [Fast Refresh] done in 15ms @ http://localhost:3000/_next/static/chunks/08i5_next_dist_0bovzun._.js:776
[  528098ms] [LOG] [Fast Refresh] done in 15ms @ http://localhost:3000/_next/static/chunks/08i5_next_dist_0bovzun._.js:776
[  528140ms] [LOG] [Fast Refresh] done in 15ms @ http://localhost:3000/_next/static/chunks/08i5_next_dist_0bovzun._.js:776
[  528205ms] [LOG] [Fast Refresh] done in 15ms @ http://localhost:3000/_next/static/chunks/08i5_next_dist_0bovzun._.js:776
[  528269ms] [LOG] [Fast Refresh] done in 15ms @ http://localhost:3000/_next/static/chunks/08i5_next_dist_0bovzun._.js:776
[  528320ms] [LOG] [Fast Refresh] done in 15ms @ http://localhost:3000/_next/static/chunks/08i5_next_dist_0bovzun._.js:776
[  528372ms] [LOG] [Fast Refresh] done in 15ms @ http://localhost:3000/_next/static/chunks/08i5_next_dist_0bovzun._.js:776
[  528424ms] [LOG] [Fast Refresh] done in 15ms @ http://localhost:3000/_next/static/chunks/08i5_next_dist_0bovzun._.js:776
[  528476ms] [LOG] [Fast Refresh] done in 15ms @ http://localhost:3000/_next/static/chunks/08i5_next_dist_0bovzun._.js:776
[  528529ms] [LOG] [Fast Refresh] done in 15ms @ http://localhost:3000/_next/static/chunks/08i5_next_dist_0bovzun._.js:776
[  528584ms] [LOG] [Fast Refresh] done in 15ms @ http://localhost:3000/_next/static/chunks/08i5_next_dist_0bovzun._.js:776
[  528627ms] [LOG] [Fast Refresh] done in 15ms @ http://localhost:3000/_next/static/chunks/08i5_next_dist_0bovzun._.js:776
[  528676ms] [LOG] [Fast Refresh] done in 15ms @ http://localhost:3000/_next/static/chunks/08i5_next_dist_0bovzun._.js:776
[  528733ms] [LOG] [Fast Refresh] done in 15ms @ http://localhost:3000/_next/static/chunks/08i5_next_dist_0bovzun._.js:776
[  528792ms] [LOG] [Fast Refresh] done in 15ms @ http://localhost:3000/_next/static/chunks/08i5_next_dist_0bovzun._.js:776
[  528855ms] [LOG] [Fast Refresh] done in 15ms @ http://localhost:3000/_next/static/chunks/08i5_next_dist_0bovzun._.js:776
[  528900ms] [LOG] [Fast Refresh] done in 15ms @ http://localhost:3000/_next/static/chunks/08i5_next_dist_0bovzun._.js:776
[  528965ms] [LOG] [Fast Refresh] done in 15ms @ http://localhost:3000/_next/static/chunks/08i5_next_dist_0bovzun._.js:776
[  529017ms] [LOG] [Fast Refresh] done in 15ms @ http://localhost:3000/_next/static/chunks/08i5_next_dist_0bovzun._.js:776
[  529058ms] [LOG] [Fast Refresh] done in 15ms @ http://localhost:3000/_next/static/chunks/08i5_next_dist_0bovzun._.js:776
[  529123ms] [LOG] [Fast Refresh] done in 15ms @ http://localhost:3000/_next/static/chunks/08i5_next_dist_0bovzun._.js:776
[  529172ms] [LOG] [Fast Refresh] done in 15ms @ http://localhost:3000/_next/static/chunks/08i5_next_dist_0bovzun._.js:776
[  529234ms] [LOG] [Fast Refresh] done in 15ms @ http://localhost:3000/_next/static/chunks/08i5_next_dist_0bovzun._.js:776
[  529294ms] [LOG] [Fast Refresh] done in 15ms @ http://localhost:3000/_next/static/chunks/08i5_next_dist_0bovzun._.js:776
[  529372ms] [LOG] [Fast Refresh] done in 15ms @ http://localhost:3000/_next/static/chunks/08i5_next_dist_0bovzun._.js:776
[  529435ms] [LOG] [Fast Refresh] done in 15ms @ http://localhost:3000/_next/static/chunks/08i5_next_dist_0bovzun._.js:776
[  529498ms] [LOG] [Fast Refresh] done in 15ms @ http://localhost:3000/_next/static/chunks/08i5_next_dist_0bovzun._.js:776
[  529564ms] [LOG] [Fast Refresh] done in 15ms @ http://localhost:3000/_next/static/chunks/08i5_next_dist_0bovzun._.js:776
[  529630ms] [LOG] [Fast Refresh] done in 15ms @ http://localhost:3000/_next/static/chunks/08i5_next_dist_0bovzun._.js:776
[  529689ms] [LOG] [Fast Refresh] done in 15ms @ http://localhost:3000/_next/static/chunks/08i5_next_dist_0bovzun._.js:776
[  529753ms] [LOG] [Fast Refresh] done in 15ms @ http://localhost:3000/_next/static/chunks/08i5_next_dist_0bovzun._.js:776
[  529819ms] [LOG] [Fast Refresh] done in 15ms @ http://localhost:3000/_next/static/chunks/08i5_next_dist_0bovzun._.js:776
[  529884ms] [LOG] [Fast Refresh] done in 15ms @ http://localhost:3000/_next/static/chunks/08i5_next_dist_0bovzun._.js:776
[  529947ms] [LOG] [Fast Refresh] done in 15ms @ http://localhost:3000/_next/static/chunks/08i5_next_dist_0bovzun._.js:776
[  530011ms] [LOG] [Fast Refresh] done in 15ms @ http://localhost:3000/_next/static/chunks/08i5_next_dist_0bovzun._.js:776
[  530051ms] [LOG] [Fast Refresh] done in 15ms @ http://localhost:3000/_next/static/chunks/08i5_next_dist_0bovzun._.js:776
[  530101ms] [LOG] [Fast Refresh] done in 15ms @ http://localhost:3000/_next/static/chunks/08i5_next_dist_0bovzun._.js:776
[  530164ms] [LOG] [Fast Refresh] done in 15ms @ http://localhost:3000/_next/static/chunks/08i5_next_dist_0bovzun._.js:776
[  530223ms] [LOG] [Fast Refresh] done in 15ms @ http://localhost:3000/_next/static/chunks/08i5_next_dist_0bovzun._.js:776
[  530277ms] [LOG] [Fast Refresh] done in 15ms @ http://localhost:3000/_next/static/chunks/08i5_next_dist_0bovzun._.js:776
[  530343ms] [LOG] [Fast Refresh] done in 15ms @ http://localhost:3000/_next/static/chunks/08i5_next_dist_0bovzun._.js:776
[  530419ms] [LOG] [Fast Refresh] done in 15ms @ http://localhost:3000/_next/static/chunks/08i5_next_dist_0bovzun._.js:776
[  530481ms] [LOG] [Fast Refresh] done in 15ms @ http://localhost:3000/_next/static/chunks/08i5_next_dist_0bovzun._.js:776
[  530544ms] [LOG] [Fast Refresh] done in 15ms @ http://localhost:3000/_next/static/chunks/08i5_next_dist_0bovzun._.js:776
[  530594ms] [LOG] [Fast Refresh] done in 15ms @ http://localhost:3000/_next/static/chunks/08i5_next_dist_0bovzun._.js:776
[  530653ms] [LOG] [Fast Refresh] done in 15ms @ http://localhost:3000/_next/static/chunks/08i5_next_dist_0bovzun._.js:776
[  530715ms] [LOG] [Fast Refresh] done in 15ms @ http://localhost:3000/_next/static/chunks/08i5_next_dist_0bovzun._.js:776
[  530778ms] [LOG] [Fast Refresh] done in 15ms @ http://localhost:3000/_next/static/chunks/08i5_next_dist_0bovzun._.js:776
[  530838ms] [LOG] [Fast Refresh] done in 15ms @ http://localhost:3000/_next/static/chunks/08i5_next_dist_0bovzun._.js:776
[  530902ms] [LOG] [Fast Refresh] done in 15ms @ http://localhost:3000/_next/static/chunks/08i5_next_dist_0bovzun._.js:776
[  530965ms] [LOG] [Fast Refresh] done in 15ms @ http://localhost:3000/_next/static/chunks/08i5_next_dist_0bovzun._.js:776
[  531028ms] [LOG] [Fast Refresh] done in 15ms @ http://localhost:3000/_next/static/chunks/08i5_next_dist_0bovzun._.js:776
[  531090ms] [LOG] [Fast Refresh] done in 15ms @ http://localhost:3000/_next/static/chunks/08i5_next_dist_0bovzun._.js:776
[  531140ms] [LOG] [Fast Refresh] done in 15ms @ http://localhost:3000/_next/static/chunks/08i5_next_dist_0bovzun._.js:776
[  531185ms] [LOG] [Fast Refresh] done in 15ms @ http://localhost:3000/_next/static/chunks/08i5_next_dist_0bovzun._.js:776
[  531248ms] [LOG] [Fast Refresh] done in 15ms @ http://localhost:3000/_next/static/chunks/08i5_next_dist_0bovzun._.js:776
[  531309ms] [LOG] [Fast Refresh] done in 15ms @ http://localhost:3000/_next/static/chunks/08i5_next_dist_0bovzun._.js:776
[  531365ms] [LOG] [Fast Refresh] done in 15ms @ http://localhost:3000/_next/static/chunks/08i5_next_dist_0bovzun._.js:776
[  531418ms] [LOG] [Fast Refresh] done in 15ms @ http://localhost:3000/_next/static/chunks/08i5_next_dist_0bovzun._.js:776
[  531480ms] [LOG] [Fast Refresh] done in 15ms @ http://localhost:3000/_next/static/chunks/08i5_next_dist_0bovzun._.js:776
[  531531ms] [LOG] [Fast Refresh] done in 15ms @ http://localhost:3000/_next/static/chunks/08i5_next_dist_0bovzun._.js:776
[  531589ms] [LOG] [Fast Refresh] done in 15ms @ http://localhost:3000/_next/static/chunks/08i5_next_dist_0bovzun._.js:776
[  531655ms] [LOG] [Fast Refresh] done in 15ms @ http://localhost:3000/_next/static/chunks/08i5_next_dist_0bovzun._.js:776
[  531716ms] [LOG] [Fast Refresh] done in 15ms @ http://localhost:3000/_next/static/chunks/08i5_next_dist_0bovzun._.js:776
[  531776ms] [LOG] [Fast Refresh] done in 15ms @ http://localhost:3000/_next/static/chunks/08i5_next_dist_0bovzun._.js:776
[  531840ms] [LOG] [Fast Refresh] done in 15ms @ http://localhost:3000/_next/static/chunks/08i5_next_dist_0bovzun._.js:776
[  531892ms] [LOG] [Fast Refresh] done in 15ms @ http://localhost:3000/_next/static/chunks/08i5_next_dist_0bovzun._.js:776
[  531964ms] [LOG] [Fast Refresh] done in 15ms @ http://localhost:3000/_next/static/chunks/08i5_next_dist_0bovzun._.js:776
[  532029ms] [LOG] [Fast Refresh] done in 15ms @ http://localhost:3000/_next/static/chunks/08i5_next_dist_0bovzun._.js:776
[  532091ms] [LOG] [Fast Refresh] done in 15ms @ http://localhost:3000/_next/static/chunks/08i5_next_dist_0bovzun._.js:776
[  532152ms] [LOG] [Fast Refresh] done in 15ms @ http://localhost:3000/_next/static/chunks/08i5_next_dist_0bovzun._.js:776
[  532198ms] [LOG] [Fast Refresh] done in 15ms @ http://localhost:3000/_next/static/chunks/08i5_next_dist_0bovzun._.js:776
[  532267ms] [LOG] [Fast Refresh] done in 15ms @ http://localhost:3000/_next/static/chunks/08i5_next_dist_0bovzun._.js:776
[  532325ms] [LOG] [Fast Refresh] done in 15ms @ http://localhost:3000/_next/static/chunks/08i5_next_dist_0bovzun._.js:776
[  532387ms] [LOG] [Fast Refresh] done in 15ms @ http://localhost:3000/_next/static/chunks/08i5_next_dist_0bovzun._.js:776
[  532456ms] [LOG] [Fast Refresh] done in 15ms @ http://localhost:3000/_next/static/chunks/08i5_next_dist_0bovzun._.js:776
[  532512ms] [LOG] [Fast Refresh] done in 15ms @ http://localhost:3000/_next/static/chunks/08i5_next_dist_0bovzun._.js:776
[  532574ms] [LOG] [Fast Refresh] done in 15ms @ http://localhost:3000/_next/static/chunks/08i5_next_dist_0bovzun._.js:776
[  532638ms] [LOG] [Fast Refresh] done in 15ms @ http://localhost:3000/_next/static/chunks/08i5_next_dist_0bovzun._.js:776
[  532712ms] [LOG] [Fast Refresh] done in 15ms @ http://localhost:3000/_next/static/chunks/08i5_next_dist_0bovzun._.js:776
[  532762ms] [LOG] [Fast Refresh] done in 15ms @ http://localhost:3000/_next/static/chunks/08i5_next_dist_0bovzun._.js:776
[  532813ms] [LOG] [Fast Refresh] done in 15ms @ http://localhost:3000/_next/static/chunks/08i5_next_dist_0bovzun._.js:776
[  532855ms] [LOG] [Fast Refresh] done in 15ms @ http://localhost:3000/_next/static/chunks/08i5_next_dist_0bovzun._.js:776
[  532897ms] [LOG] [Fast Refresh] done in 15ms @ http://localhost:3000/_next/static/chunks/08i5_next_dist_0bovzun._.js:776
[  532938ms] [LOG] [Fast Refresh] done in 15ms @ http://localhost:3000/_next/static/chunks/08i5_next_dist_0bovzun._.js:776
[  532992ms] [LOG] [Fast Refresh] done in 15ms @ http://localhost:3000/_next/static/chunks/08i5_next_dist_0bovzun._.js:776
[  533043ms] [LOG] [Fast Refresh] done in 15ms @ http://localhost:3000/_next/static/chunks/08i5_next_dist_0bovzun._.js:776
[  533100ms] [LOG] [Fast Refresh] done in 15ms @ http://localhost:3000/_next/static/chunks/08i5_next_dist_0bovzun._.js:776
[  533154ms] [LOG] [Fast Refresh] done in 15ms @ http://localhost:3000/_next/static/chunks/08i5_next_dist_0bovzun._.js:776
[  533199ms] [LOG] [Fast Refresh] done in 15ms @ http://localhost:3000/_next/static/chunks/08i5_next_dist_0bovzun._.js:776
[  533264ms] [LOG] [Fast Refresh] done in 15ms @ http://localhost:3000/_next/static/chunks/08i5_next_dist_0bovzun._.js:776
[  533328ms] [LOG] [Fast Refresh] done in 15ms @ http://localhost:3000/_next/static/chunks/08i5_next_dist_0bovzun._.js:776
[  533383ms] [LOG] [Fast Refresh] done in 15ms @ http://localhost:3000/_next/static/chunks/08i5_next_dist_0bovzun._.js:776
[  533433ms] [LOG] [Fast Refresh] done in 15ms @ http://localhost:3000/_next/static/chunks/08i5_next_dist_0bovzun._.js:776
[  533496ms] [LOG] [Fast Refresh] done in 15ms @ http://localhost:3000/_next/static/chunks/08i5_next_dist_0bovzun._.js:776
[  533558ms] [LOG] [Fast Refresh] done in 15ms @ http://localhost:3000/_next/static/chunks/08i5_next_dist_0bovzun._.js:776
[  533621ms] [LOG] [Fast Refresh] done in 15ms @ http://localhost:3000/_next/static/chunks/08i5_next_dist_0bovzun._.js:776
[  533662ms] [LOG] [Fast Refresh] done in 15ms @ http://localhost:3000/_next/static/chunks/08i5_next_dist_0bovzun._.js:776
[  533716ms] [LOG] [Fast Refresh] done in 15ms @ http://localhost:3000/_next/static/chunks/08i5_next_dist_0bovzun._.js:776
[  533767ms] [LOG] [Fast Refresh] done in 15ms @ http://localhost:3000/_next/static/chunks/08i5_next_dist_0bovzun._.js:776
[  533829ms] [LOG] [Fast Refresh] done in 15ms @ http://localhost:3000/_next/static/chunks/08i5_next_dist_0bovzun._.js:776
[  533880ms] [LOG] [Fast Refresh] done in 15ms @ http://localhost:3000/_next/static/chunks/08i5_next_dist_0bovzun._.js:776
[  533941ms] [LOG] [Fast Refresh] done in 15ms @ http://localhost:3000/_next/static/chunks/08i5_next_dist_0bovzun._.js:776
[  533990ms] [LOG] [Fast Refresh] done in 15ms @ http://localhost:3000/_next/static/chunks/08i5_next_dist_0bovzun._.js:776
[  534029ms] [LOG] [Fast Refresh] done in 15ms @ http://localhost:3000/_next/static/chunks/08i5_next_dist_0bovzun._.js:776
[  534082ms] [LOG] [Fast Refresh] done in 15ms @ http://localhost:3000/_next/static/chunks/08i5_next_dist_0bovzun._.js:776
[  534145ms] [LOG] [Fast Refresh] done in 15ms @ http://localhost:3000/_next/static/chunks/08i5_next_dist_0bovzun._.js:776
[  534200ms] [LOG] [Fast Refresh] done in 15ms @ http://localhost:3000/_next/static/chunks/08i5_next_dist_0bovzun._.js:776
[  534263ms] [LOG] [Fast Refresh] done in 15ms @ http://localhost:3000/_next/static/chunks/08i5_next_dist_0bovzun._.js:776
[  534323ms] [LOG] [Fast Refresh] done in 15ms @ http://localhost:3000/_next/static/chunks/08i5_next_dist_0bovzun._.js:776
[  534377ms] [LOG] [Fast Refresh] done in 15ms @ http://localhost:3000/_next/static/chunks/08i5_next_dist_0bovzun._.js:776
[  534449ms] [LOG] [Fast Refresh] done in 15ms @ http://localhost:3000/_next/static/chunks/08i5_next_dist_0bovzun._.js:776
[  534512ms] [LOG] [Fast Refresh] done in 15ms @ http://localhost:3000/_next/static/chunks/08i5_next_dist_0bovzun._.js:776
[  534574ms] [LOG] [Fast Refresh] done in 15ms @ http://localhost:3000/_next/static/chunks/08i5_next_dist_0bovzun._.js:776
[  534631ms] [LOG] [Fast Refresh] done in 15ms @ http://localhost:3000/_next/static/chunks/08i5_next_dist_0bovzun._.js:776
[  534686ms] [LOG] [Fast Refresh] done in 15ms @ http://localhost:3000/_next/static/chunks/08i5_next_dist_0bovzun._.js:776
[  534748ms] [LOG] [Fast Refresh] done in 15ms @ http://localhost:3000/_next/static/chunks/08i5_next_dist_0bovzun._.js:776
[  534806ms] [LOG] [Fast Refresh] done in 15ms @ http://localhost:3000/_next/static/chunks/08i5_next_dist_0bovzun._.js:776
[  534872ms] [LOG] [Fast Refresh] done in 15ms @ http://localhost:3000/_next/static/chunks/08i5_next_dist_0bovzun._.js:776
[  534927ms] [LOG] [Fast Refresh] done in 15ms @ http://localhost:3000/_next/static/chunks/08i5_next_dist_0bovzun._.js:776
[  534968ms] [LOG] [Fast Refresh] done in 15ms @ http://localhost:3000/_next/static/chunks/08i5_next_dist_0bovzun._.js:776
[  535028ms] [LOG] [Fast Refresh] done in 15ms @ http://localhost:3000/_next/static/chunks/08i5_next_dist_0bovzun._.js:776
[  535094ms] [LOG] [Fast Refresh] done in 15ms @ http://localhost:3000/_next/static/chunks/08i5_next_dist_0bovzun._.js:776
[  535144ms] [LOG] [Fast Refresh] done in 15ms @ http://localhost:3000/_next/static/chunks/08i5_next_dist_0bovzun._.js:776
[  535183ms] [LOG] [Fast Refresh] done in 15ms @ http://localhost:3000/_next/static/chunks/08i5_next_dist_0bovzun._.js:776
[  535237ms] [LOG] [Fast Refresh] done in 15ms @ http://localhost:3000/_next/static/chunks/08i5_next_dist_0bovzun._.js:776
[  535305ms] [LOG] [Fast Refresh] done in 15ms @ http://localhost:3000/_next/static/chunks/08i5_next_dist_0bovzun._.js:776
[  535362ms] [LOG] [Fast Refresh] done in 15ms @ http://localhost:3000/_next/static/chunks/08i5_next_dist_0bovzun._.js:776
[  535411ms] [LOG] [Fast Refresh] done in 15ms @ http://localhost:3000/_next/static/chunks/08i5_next_dist_0bovzun._.js:776
[  535481ms] [LOG] [Fast Refresh] done in 15ms @ http://localhost:3000/_next/static/chunks/08i5_next_dist_0bovzun._.js:776
[  535525ms] [LOG] [Fast Refresh] done in 15ms @ http://localhost:3000/_next/static/chunks/08i5_next_dist_0bovzun._.js:776
[  535574ms] [LOG] [Fast Refresh] done in 15ms @ http://localhost:3000/_next/static/chunks/08i5_next_dist_0bovzun._.js:776
[  535637ms] [LOG] [Fast Refresh] done in 15ms @ http://localhost:3000/_next/static/chunks/08i5_next_dist_0bovzun._.js:776
[  535714ms] [LOG] [Fast Refresh] done in 15ms @ http://localhost:3000/_next/static/chunks/08i5_next_dist_0bovzun._.js:776
[  535778ms] [LOG] [Fast Refresh] done in 15ms @ http://localhost:3000/_next/static/chunks/08i5_next_dist_0bovzun._.js:776
[  535839ms] [LOG] [Fast Refresh] done in 15ms @ http://localhost:3000/_next/static/chunks/08i5_next_dist_0bovzun._.js:776
[  535904ms] [LOG] [Fast Refresh] done in 15ms @ http://localhost:3000/_next/static/chunks/08i5_next_dist_0bovzun._.js:776
[  535967ms] [LOG] [Fast Refresh] done in 15ms @ http://localhost:3000/_next/static/chunks/08i5_next_dist_0bovzun._.js:776
[  536031ms] [LOG] [Fast Refresh] done in 15ms @ http://localhost:3000/_next/static/chunks/08i5_next_dist_0bovzun._.js:776
[  536091ms] [LOG] [Fast Refresh] done in 15ms @ http://localhost:3000/_next/static/chunks/08i5_next_dist_0bovzun._.js:776
[  536152ms] [LOG] [Fast Refresh] done in 15ms @ http://localhost:3000/_next/static/chunks/08i5_next_dist_0bovzun._.js:776
[  536212ms] [LOG] [Fast Refresh] done in 15ms @ http://localhost:3000/_next/static/chunks/08i5_next_dist_0bovzun._.js:776
[  536265ms] [LOG] [Fast Refresh] done in 15ms @ http://localhost:3000/_next/static/chunks/08i5_next_dist_0bovzun._.js:776
[  536320ms] [LOG] [Fast Refresh] done in 15ms @ http://localhost:3000/_next/static/chunks/08i5_next_dist_0bovzun._.js:776
[  536375ms] [LOG] [Fast Refresh] done in 15ms @ http://localhost:3000/_next/static/chunks/08i5_next_dist_0bovzun._.js:776
[  536447ms] [LOG] [Fast Refresh] done in 15ms @ http://localhost:3000/_next/static/chunks/08i5_next_dist_0bovzun._.js:776
[  536510ms] [LOG] [Fast Refresh] done in 15ms @ http://localhost:3000/_next/static/chunks/08i5_next_dist_0bovzun._.js:776
[  536571ms] [LOG] [Fast Refresh] done in 15ms @ http://localhost:3000/_next/static/chunks/08i5_next_dist_0bovzun._.js:776
[  536621ms] [LOG] [Fast Refresh] done in 15ms @ http://localhost:3000/_next/static/chunks/08i5_next_dist_0bovzun._.js:776
[  536685ms] [LOG] [Fast Refresh] done in 15ms @ http://localhost:3000/_next/static/chunks/08i5_next_dist_0bovzun._.js:776
[  536747ms] [LOG] [Fast Refresh] done in 15ms @ http://localhost:3000/_next/static/chunks/08i5_next_dist_0bovzun._.js:776
[  536814ms] [LOG] [Fast Refresh] done in 15ms @ http://localhost:3000/_next/static/chunks/08i5_next_dist_0bovzun._.js:776
[  536858ms] [LOG] [Fast Refresh] done in 15ms @ http://localhost:3000/_next/static/chunks/08i5_next_dist_0bovzun._.js:776
[  536918ms] [LOG] [Fast Refresh] done in 15ms @ http://localhost:3000/_next/static/chunks/08i5_next_dist_0bovzun._.js:776
[  536971ms] [LOG] [Fast Refresh] done in 15ms @ http://localhost:3000/_next/static/chunks/08i5_next_dist_0bovzun._.js:776
[  537030ms] [LOG] [Fast Refresh] done in 15ms @ http://localhost:3000/_next/static/chunks/08i5_next_dist_0bovzun._.js:776
[  537089ms] [LOG] [Fast Refresh] done in 15ms @ http://localhost:3000/_next/static/chunks/08i5_next_dist_0bovzun._.js:776
[  537138ms] [LOG] [Fast Refresh] done in 15ms @ http://localhost:3000/_next/static/chunks/08i5_next_dist_0bovzun._.js:776
[  537202ms] [LOG] [Fast Refresh] done in 15ms @ http://localhost:3000/_next/static/chunks/08i5_next_dist_0bovzun._.js:776
[  537261ms] [LOG] [Fast Refresh] done in 15ms @ http://localhost:3000/_next/static/chunks/08i5_next_dist_0bovzun._.js:776
[  537306ms] [LOG] [Fast Refresh] done in 15ms @ http://localhost:3000/_next/static/chunks/08i5_next_dist_0bovzun._.js:776
[  537371ms] [LOG] [Fast Refresh] done in 15ms @ http://localhost:3000/_next/static/chunks/08i5_next_dist_0bovzun._.js:776
[  537418ms] [LOG] [Fast Refresh] done in 15ms @ http://localhost:3000/_next/static/chunks/08i5_next_dist_0bovzun._.js:776
[  537477ms] [LOG] [Fast Refresh] done in 15ms @ http://localhost:3000/_next/static/chunks/08i5_next_dist_0bovzun._.js:776
[  537531ms] [LOG] [Fast Refresh] done in 15ms @ http://localhost:3000/_next/static/chunks/08i5_next_dist_0bovzun._.js:776
[  537592ms] [LOG] [Fast Refresh] done in 15ms @ http://localhost:3000/_next/static/chunks/08i5_next_dist_0bovzun._.js:776
[  537640ms] [LOG] [Fast Refresh] done in 15ms @ http://localhost:3000/_next/static/chunks/08i5_next_dist_0bovzun._.js:776
[  537700ms] [LOG] [Fast Refresh] done in 15ms @ http://localhost:3000/_next/static/chunks/08i5_next_dist_0bovzun._.js:776
[  537745ms] [LOG] [Fast Refresh] done in 15ms @ http://localhost:3000/_next/static/chunks/08i5_next_dist_0bovzun._.js:776
[  537802ms] [LOG] [Fast Refresh] done in 15ms @ http://localhost:3000/_next/static/chunks/08i5_next_dist_0bovzun._.js:776
[  537863ms] [LOG] [Fast Refresh] done in 15ms @ http://localhost:3000/_next/static/chunks/08i5_next_dist_0bovzun._.js:776
[  537916ms] [LOG] [Fast Refresh] done in 15ms @ http://localhost:3000/_next/static/chunks/08i5_next_dist_0bovzun._.js:776
[  537968ms] [LOG] [Fast Refresh] done in 15ms @ http://localhost:3000/_next/static/chunks/08i5_next_dist_0bovzun._.js:776
[  538029ms] [LOG] [Fast Refresh] done in 15ms @ http://localhost:3000/_next/static/chunks/08i5_next_dist_0bovzun._.js:776
[  538084ms] [LOG] [Fast Refresh] done in 15ms @ http://localhost:3000/_next/static/chunks/08i5_next_dist_0bovzun._.js:776
[  538129ms] [LOG] [Fast Refresh] done in 15ms @ http://localhost:3000/_next/static/chunks/08i5_next_dist_0bovzun._.js:776
[  538168ms] [LOG] [Fast Refresh] done in 15ms @ http://localhost:3000/_next/static/chunks/08i5_next_dist_0bovzun._.js:776
[  538210ms] [LOG] [Fast Refresh] done in 15ms @ http://localhost:3000/_next/static/chunks/08i5_next_dist_0bovzun._.js:776
[  538251ms] [LOG] [Fast Refresh] done in 15ms @ http://localhost:3000/_next/static/chunks/08i5_next_dist_0bovzun._.js:776
[  538293ms] [LOG] [Fast Refresh] done in 15ms @ http://localhost:3000/_next/static/chunks/08i5_next_dist_0bovzun._.js:776
[  538341ms] [LOG] [Fast Refresh] done in 15ms @ http://localhost:3000/_next/static/chunks/08i5_next_dist_0bovzun._.js:776
[  538397ms] [LOG] [Fast Refresh] done in 15ms @ http://localhost:3000/_next/static/chunks/08i5_next_dist_0bovzun._.js:776
[  538451ms] [LOG] [Fast Refresh] done in 15ms @ http://localhost:3000/_next/static/chunks/08i5_next_dist_0bovzun._.js:776
[  538494ms] [LOG] [Fast Refresh] done in 15ms @ http://localhost:3000/_next/static/chunks/08i5_next_dist_0bovzun._.js:776
[  538545ms] [LOG] [Fast Refresh] done in 15ms @ http://localhost:3000/_next/static/chunks/08i5_next_dist_0bovzun._.js:776
[  538598ms] [LOG] [Fast Refresh] done in 15ms @ http://localhost:3000/_next/static/chunks/08i5_next_dist_0bovzun._.js:776
[  538655ms] [LOG] [Fast Refresh] done in 15ms @ http://localhost:3000/_next/static/chunks/08i5_next_dist_0bovzun._.js:776
[  538703ms] [LOG] [Fast Refresh] done in 15ms @ http://localhost:3000/_next/static/chunks/08i5_next_dist_0bovzun._.js:776
[  538761ms] [LOG] [Fast Refresh] done in 15ms @ http://localhost:3000/_next/static/chunks/08i5_next_dist_0bovzun._.js:776
[  538817ms] [LOG] [Fast Refresh] done in 15ms @ http://localhost:3000/_next/static/chunks/08i5_next_dist_0bovzun._.js:776
[  538871ms] [LOG] [Fast Refresh] done in 15ms @ http://localhost:3000/_next/static/chunks/08i5_next_dist_0bovzun._.js:776
[  538934ms] [LOG] [Fast Refresh] done in 15ms @ http://localhost:3000/_next/static/chunks/08i5_next_dist_0bovzun._.js:776
[  538989ms] [LOG] [Fast Refresh] done in 15ms @ http://localhost:3000/_next/static/chunks/08i5_next_dist_0bovzun._.js:776
[  539043ms] [LOG] [Fast Refresh] done in 15ms @ http://localhost:3000/_next/static/chunks/08i5_next_dist_0bovzun._.js:776
[  539094ms] [LOG] [Fast Refresh] done in 15ms @ http://localhost:3000/_next/static/chunks/08i5_next_dist_0bovzun._.js:776
[  539159ms] [LOG] [Fast Refresh] done in 15ms @ http://localhost:3000/_next/static/chunks/08i5_next_dist_0bovzun._.js:776
[  539211ms] [LOG] [Fast Refresh] done in 15ms @ http://localhost:3000/_next/static/chunks/08i5_next_dist_0bovzun._.js:776
[  539265ms] [LOG] [Fast Refresh] done in 15ms @ http://localhost:3000/_next/static/chunks/08i5_next_dist_0bovzun._.js:776
[  539319ms] [LOG] [Fast Refresh] done in 15ms @ http://localhost:3000/_next/static/chunks/08i5_next_dist_0bovzun._.js:776
[  539360ms] [LOG] [Fast Refresh] done in 15ms @ http://localhost:3000/_next/static/chunks/08i5_next_dist_0bovzun._.js:776
[  539408ms] [LOG] [Fast Refresh] done in 15ms @ http://localhost:3000/_next/static/chunks/08i5_next_dist_0bovzun._.js:776
[  539463ms] [LOG] [Fast Refresh] done in 15ms @ http://localhost:3000/_next/static/chunks/08i5_next_dist_0bovzun._.js:776
[  539504ms] [LOG] [Fast Refresh] done in 15ms @ http://localhost:3000/_next/static/chunks/08i5_next_dist_0bovzun._.js:776
[  539559ms] [LOG] [Fast Refresh] done in 15ms @ http://localhost:3000/_next/static/chunks/08i5_next_dist_0bovzun._.js:776
[  539620ms] [LOG] [Fast Refresh] done in 15ms @ http://localhost:3000/_next/static/chunks/08i5_next_dist_0bovzun._.js:776
[  539680ms] [LOG] [Fast Refresh] done in 15ms @ http://localhost:3000/_next/static/chunks/08i5_next_dist_0bovzun._.js:776
[  539732ms] [LOG] [Fast Refresh] done in 15ms @ http://localhost:3000/_next/static/chunks/08i5_next_dist_0bovzun._.js:776
[  539782ms] [LOG] [Fast Refresh] done in 15ms @ http://localhost:3000/_next/static/chunks/08i5_next_dist_0bovzun._.js:776
[  539830ms] [LOG] [Fast Refresh] done in 15ms @ http://localhost:3000/_next/static/chunks/08i5_next_dist_0bovzun._.js:776
[  539886ms] [LOG] [Fast Refresh] done in 15ms @ http://localhost:3000/_next/static/chunks/08i5_next_dist_0bovzun._.js:776
[  539963ms] [LOG] [Fast Refresh] done in 15ms @ http://localhost:3000/_next/static/chunks/08i5_next_dist_0bovzun._.js:776
[  540029ms] [LOG] [Fast Refresh] done in 15ms @ http://localhost:3000/_next/static/chunks/08i5_next_dist_0bovzun._.js:776
[  540090ms] [LOG] [Fast Refresh] done in 15ms @ http://localhost:3000/_next/static/chunks/08i5_next_dist_0bovzun._.js:776
[  540142ms] [LOG] [Fast Refresh] done in 15ms @ http://localhost:3000/_next/static/chunks/08i5_next_dist_0bovzun._.js:776
[  540195ms] [LOG] [Fast Refresh] done in 15ms @ http://localhost:3000/_next/static/chunks/08i5_next_dist_0bovzun._.js:776
[  540249ms] [LOG] [Fast Refresh] done in 15ms @ http://localhost:3000/_next/static/chunks/08i5_next_dist_0bovzun._.js:776
[  540311ms] [LOG] [Fast Refresh] done in 15ms @ http://localhost:3000/_next/static/chunks/08i5_next_dist_0bovzun._.js:776
[  540384ms] [LOG] [Fast Refresh] done in 15ms @ http://localhost:3000/_next/static/chunks/08i5_next_dist_0bovzun._.js:776
[  540435ms] [LOG] [Fast Refresh] done in 15ms @ http://localhost:3000/_next/static/chunks/08i5_next_dist_0bovzun._.js:776
[  540496ms] [LOG] [Fast Refresh] done in 15ms @ http://localhost:3000/_next/static/chunks/08i5_next_dist_0bovzun._.js:776
[  540558ms] [LOG] [Fast Refresh] done in 15ms @ http://localhost:3000/_next/static/chunks/08i5_next_dist_0bovzun._.js:776
[  540612ms] [LOG] [Fast Refresh] done in 15ms @ http://localhost:3000/_next/static/chunks/08i5_next_dist_0bovzun._.js:776
[  540663ms] [LOG] [Fast Refresh] done in 15ms @ http://localhost:3000/_next/static/chunks/08i5_next_dist_0bovzun._.js:776
[  540716ms] [LOG] [Fast Refresh] done in 15ms @ http://localhost:3000/_next/static/chunks/08i5_next_dist_0bovzun._.js:776
[  540774ms] [LOG] [Fast Refresh] done in 15ms @ http://localhost:3000/_next/static/chunks/08i5_next_dist_0bovzun._.js:776
[  540837ms] [LOG] [Fast Refresh] done in 15ms @ http://localhost:3000/_next/static/chunks/08i5_next_dist_0bovzun._.js:776
[  540899ms] [LOG] [Fast Refresh] done in 15ms @ http://localhost:3000/_next/static/chunks/08i5_next_dist_0bovzun._.js:776
[  540966ms] [LOG] [Fast Refresh] done in 15ms @ http://localhost:3000/_next/static/chunks/08i5_next_dist_0bovzun._.js:776
[  541024ms] [LOG] [Fast Refresh] done in 15ms @ http://localhost:3000/_next/static/chunks/08i5_next_dist_0bovzun._.js:776
[  541077ms] [LOG] [Fast Refresh] done in 15ms @ http://localhost:3000/_next/static/chunks/08i5_next_dist_0bovzun._.js:776
[  541138ms] [LOG] [Fast Refresh] done in 15ms @ http://localhost:3000/_next/static/chunks/08i5_next_dist_0bovzun._.js:776
[  541190ms] [LOG] [Fast Refresh] done in 15ms @ http://localhost:3000/_next/static/chunks/08i5_next_dist_0bovzun._.js:776
[  541246ms] [LOG] [Fast Refresh] done in 15ms @ http://localhost:3000/_next/static/chunks/08i5_next_dist_0bovzun._.js:776
[  541307ms] [LOG] [Fast Refresh] done in 15ms @ http://localhost:3000/_next/static/chunks/08i5_next_dist_0bovzun._.js:776
[  541371ms] [LOG] [Fast Refresh] done in 15ms @ http://localhost:3000/_next/static/chunks/08i5_next_dist_0bovzun._.js:776
[  541435ms] [LOG] [Fast Refresh] done in 15ms @ http://localhost:3000/_next/static/chunks/08i5_next_dist_0bovzun._.js:776
[  541496ms] [LOG] [Fast Refresh] done in 15ms @ http://localhost:3000/_next/static/chunks/08i5_next_dist_0bovzun._.js:776
[  541573ms] [LOG] [Fast Refresh] done in 15ms @ http://localhost:3000/_next/static/chunks/08i5_next_dist_0bovzun._.js:776
[  541628ms] [LOG] [Fast Refresh] done in 15ms @ http://localhost:3000/_next/static/chunks/08i5_next_dist_0bovzun._.js:776
[  541683ms] [LOG] [Fast Refresh] done in 15ms @ http://localhost:3000/_next/static/chunks/08i5_next_dist_0bovzun._.js:776
[  541732ms] [LOG] [Fast Refresh] done in 15ms @ http://localhost:3000/_next/static/chunks/08i5_next_dist_0bovzun._.js:776
[  541795ms] [LOG] [Fast Refresh] done in 15ms @ http://localhost:3000/_next/static/chunks/08i5_next_dist_0bovzun._.js:776
[  541848ms] [LOG] [Fast Refresh] done in 15ms @ http://localhost:3000/_next/static/chunks/08i5_next_dist_0bovzun._.js:776
[  541894ms] [LOG] [Fast Refresh] done in 15ms @ http://localhost:3000/_next/static/chunks/08i5_next_dist_0bovzun._.js:776
[  541949ms] [LOG] [Fast Refresh] done in 15ms @ http://localhost:3000/_next/static/chunks/08i5_next_dist_0bovzun._.js:776
[  541998ms] [LOG] [Fast Refresh] done in 15ms @ http://localhost:3000/_next/static/chunks/08i5_next_dist_0bovzun._.js:776
[  542050ms] [LOG] [Fast Refresh] done in 15ms @ http://localhost:3000/_next/static/chunks/08i5_next_dist_0bovzun._.js:776
[  542106ms] [LOG] [Fast Refresh] done in 15ms @ http://localhost:3000/_next/static/chunks/08i5_next_dist_0bovzun._.js:776
[  542152ms] [LOG] [Fast Refresh] done in 15ms @ http://localhost:3000/_next/static/chunks/08i5_next_dist_0bovzun._.js:776
[  542211ms] [LOG] [Fast Refresh] done in 15ms @ http://localhost:3000/_next/static/chunks/08i5_next_dist_0bovzun._.js:776
[  542274ms] [LOG] [Fast Refresh] done in 15ms @ http://localhost:3000/_next/static/chunks/08i5_next_dist_0bovzun._.js:776
[  542330ms] [LOG] [Fast Refresh] done in 15ms @ http://localhost:3000/_next/static/chunks/08i5_next_dist_0bovzun._.js:776
[  542383ms] [LOG] [Fast Refresh] done in 15ms @ http://localhost:3000/_next/static/chunks/08i5_next_dist_0bovzun._.js:776
[  542436ms] [LOG] [Fast Refresh] done in 15ms @ http://localhost:3000/_next/static/chunks/08i5_next_dist_0bovzun._.js:776
[  542491ms] [LOG] [Fast Refresh] done in 15ms @ http://localhost:3000/_next/static/chunks/08i5_next_dist_0bovzun._.js:776
[  542531ms] [LOG] [Fast Refresh] done in 15ms @ http://localhost:3000/_next/static/chunks/08i5_next_dist_0bovzun._.js:776
[  542586ms] [LOG] [Fast Refresh] done in 15ms @ http://localhost:3000/_next/static/chunks/08i5_next_dist_0bovzun._.js:776
[  542637ms] [LOG] [Fast Refresh] done in 15ms @ http://localhost:3000/_next/static/chunks/08i5_next_dist_0bovzun._.js:776
[  542688ms] [LOG] [Fast Refresh] done in 15ms @ http://localhost:3000/_next/static/chunks/08i5_next_dist_0bovzun._.js:776
[  542747ms] [LOG] [Fast Refresh] done in 15ms @ http://localhost:3000/_next/static/chunks/08i5_next_dist_0bovzun._.js:776
[  542811ms] [LOG] [Fast Refresh] done in 15ms @ http://localhost:3000/_next/static/chunks/08i5_next_dist_0bovzun._.js:776
[  542873ms] [LOG] [Fast Refresh] done in 15ms @ http://localhost:3000/_next/static/chunks/08i5_next_dist_0bovzun._.js:776
[  542923ms] [LOG] [Fast Refresh] done in 15ms @ http://localhost:3000/_next/static/chunks/08i5_next_dist_0bovzun._.js:776
[  542983ms] [LOG] [Fast Refresh] done in 15ms @ http://localhost:3000/_next/static/chunks/08i5_next_dist_0bovzun._.js:776
[  543022ms] [LOG] [Fast Refresh] done in 15ms @ http://localhost:3000/_next/static/chunks/08i5_next_dist_0bovzun._.js:776
[  543078ms] [LOG] [Fast Refresh] done in 15ms @ http://localhost:3000/_next/static/chunks/08i5_next_dist_0bovzun._.js:776
[  543139ms] [LOG] [Fast Refresh] done in 15ms @ http://localhost:3000/_next/static/chunks/08i5_next_dist_0bovzun._.js:776
[  543201ms] [LOG] [Fast Refresh] done in 15ms @ http://localhost:3000/_next/static/chunks/08i5_next_dist_0bovzun._.js:776
[  543244ms] [LOG] [Fast Refresh] done in 15ms @ http://localhost:3000/_next/static/chunks/08i5_next_dist_0bovzun._.js:776
[  543299ms] [LOG] [Fast Refresh] done in 15ms @ http://localhost:3000/_next/static/chunks/08i5_next_dist_0bovzun._.js:776
[  543361ms] [LOG] [Fast Refresh] done in 15ms @ http://localhost:3000/_next/static/chunks/08i5_next_dist_0bovzun._.js:776
[  543425ms] [LOG] [Fast Refresh] done in 15ms @ http://localhost:3000/_next/static/chunks/08i5_next_dist_0bovzun._.js:776
[  543482ms] [LOG] [Fast Refresh] done in 15ms @ http://localhost:3000/_next/static/chunks/08i5_next_dist_0bovzun._.js:776
[  543529ms] [LOG] [Fast Refresh] done in 15ms @ http://localhost:3000/_next/static/chunks/08i5_next_dist_0bovzun._.js:776
[  543570ms] [LOG] [Fast Refresh] done in 15ms @ http://localhost:3000/_next/static/chunks/08i5_next_dist_0bovzun._.js:776
[  543632ms] [LOG] [Fast Refresh] done in 15ms @ http://localhost:3000/_next/static/chunks/08i5_next_dist_0bovzun._.js:776
[  543688ms] [LOG] [Fast Refresh] done in 15ms @ http://localhost:3000/_next/static/chunks/08i5_next_dist_0bovzun._.js:776
[  543731ms] [LOG] [Fast Refresh] done in 15ms @ http://localhost:3000/_next/static/chunks/08i5_next_dist_0bovzun._.js:776
[  543793ms] [LOG] [Fast Refresh] done in 15ms @ http://localhost:3000/_next/static/chunks/08i5_next_dist_0bovzun._.js:776
[  543834ms] [LOG] [Fast Refresh] done in 15ms @ http://localhost:3000/_next/static/chunks/08i5_next_dist_0bovzun._.js:776
[  543906ms] [LOG] [Fast Refresh] done in 15ms @ http://localhost:3000/_next/static/chunks/08i5_next_dist_0bovzun._.js:776
[  543955ms] [LOG] [Fast Refresh] done in 15ms @ http://localhost:3000/_next/static/chunks/08i5_next_dist_0bovzun._.js:776
[  544001ms] [LOG] [Fast Refresh] done in 15ms @ http://localhost:3000/_next/static/chunks/08i5_next_dist_0bovzun._.js:776
[  544066ms] [LOG] [Fast Refresh] done in 15ms @ http://localhost:3000/_next/static/chunks/08i5_next_dist_0bovzun._.js:776
[  544126ms] [LOG] [Fast Refresh] done in 15ms @ http://localhost:3000/_next/static/chunks/08i5_next_dist_0bovzun._.js:776
[  544189ms] [LOG] [Fast Refresh] done in 15ms @ http://localhost:3000/_next/static/chunks/08i5_next_dist_0bovzun._.js:776
[  544250ms] [LOG] [Fast Refresh] done in 15ms @ http://localhost:3000/_next/static/chunks/08i5_next_dist_0bovzun._.js:776
[  544310ms] [LOG] [Fast Refresh] done in 15ms @ http://localhost:3000/_next/static/chunks/08i5_next_dist_0bovzun._.js:776
[  544371ms] [LOG] [Fast Refresh] done in 15ms @ http://localhost:3000/_next/static/chunks/08i5_next_dist_0bovzun._.js:776
[  544427ms] [LOG] [Fast Refresh] done in 15ms @ http://localhost:3000/_next/static/chunks/08i5_next_dist_0bovzun._.js:776
[  544491ms] [LOG] [Fast Refresh] done in 15ms @ http://localhost:3000/_next/static/chunks/08i5_next_dist_0bovzun._.js:776
[  544559ms] [LOG] [Fast Refresh] done in 15ms @ http://localhost:3000/_next/static/chunks/08i5_next_dist_0bovzun._.js:776
[  544621ms] [LOG] [Fast Refresh] done in 15ms @ http://localhost:3000/_next/static/chunks/08i5_next_dist_0bovzun._.js:776
[  544674ms] [LOG] [Fast Refresh] done in 15ms @ http://localhost:3000/_next/static/chunks/08i5_next_dist_0bovzun._.js:776
[  544732ms] [LOG] [Fast Refresh] done in 15ms @ http://localhost:3000/_next/static/chunks/08i5_next_dist_0bovzun._.js:776
[  544787ms] [LOG] [Fast Refresh] done in 15ms @ http://localhost:3000/_next/static/chunks/08i5_next_dist_0bovzun._.js:776
[  544851ms] [LOG] [Fast Refresh] done in 15ms @ http://localhost:3000/_next/static/chunks/08i5_next_dist_0bovzun._.js:776
[  544911ms] [LOG] [Fast Refresh] done in 15ms @ http://localhost:3000/_next/static/chunks/08i5_next_dist_0bovzun._.js:776
[  544952ms] [LOG] [Fast Refresh] done in 15ms @ http://localhost:3000/_next/static/chunks/08i5_next_dist_0bovzun._.js:776
[  545013ms] [LOG] [Fast Refresh] done in 15ms @ http://localhost:3000/_next/static/chunks/08i5_next_dist_0bovzun._.js:776
[  545059ms] [LOG] [Fast Refresh] done in 15ms @ http://localhost:3000/_next/static/chunks/08i5_next_dist_0bovzun._.js:776
[  545132ms] [LOG] [Fast Refresh] done in 15ms @ http://localhost:3000/_next/static/chunks/08i5_next_dist_0bovzun._.js:776
[  545190ms] [LOG] [Fast Refresh] done in 15ms @ http://localhost:3000/_next/static/chunks/08i5_next_dist_0bovzun._.js:776
[  545241ms] [LOG] [Fast Refresh] done in 15ms @ http://localhost:3000/_next/static/chunks/08i5_next_dist_0bovzun._.js:776
[  545302ms] [LOG] [Fast Refresh] done in 15ms @ http://localhost:3000/_next/static/chunks/08i5_next_dist_0bovzun._.js:776
[  545358ms] [LOG] [Fast Refresh] done in 15ms @ http://localhost:3000/_next/static/chunks/08i5_next_dist_0bovzun._.js:776
[  545425ms] [LOG] [Fast Refresh] done in 15ms @ http://localhost:3000/_next/static/chunks/08i5_next_dist_0bovzun._.js:776
[  545496ms] [LOG] [Fast Refresh] done in 15ms @ http://localhost:3000/_next/static/chunks/08i5_next_dist_0bovzun._.js:776
[  545544ms] [LOG] [Fast Refresh] done in 15ms @ http://localhost:3000/_next/static/chunks/08i5_next_dist_0bovzun._.js:776
[  545606ms] [LOG] [Fast Refresh] done in 15ms @ http://localhost:3000/_next/static/chunks/08i5_next_dist_0bovzun._.js:776
[  545670ms] [LOG] [Fast Refresh] done in 15ms @ http://localhost:3000/_next/static/chunks/08i5_next_dist_0bovzun._.js:776
[  545723ms] [LOG] [Fast Refresh] done in 15ms @ http://localhost:3000/_next/static/chunks/08i5_next_dist_0bovzun._.js:776
[  545767ms] [LOG] [Fast Refresh] done in 15ms @ http://localhost:3000/_next/static/chunks/08i5_next_dist_0bovzun._.js:776
[  545825ms] [LOG] [Fast Refresh] done in 15ms @ http://localhost:3000/_next/static/chunks/08i5_next_dist_0bovzun._.js:776
[  545885ms] [LOG] [Fast Refresh] done in 15ms @ http://localhost:3000/_next/static/chunks/08i5_next_dist_0bovzun._.js:776
[  545950ms] [LOG] [Fast Refresh] done in 15ms @ http://localhost:3000/_next/static/chunks/08i5_next_dist_0bovzun._.js:776
[  546004ms] [LOG] [Fast Refresh] done in 15ms @ http://localhost:3000/_next/static/chunks/08i5_next_dist_0bovzun._.js:776
[  546067ms] [LOG] [Fast Refresh] done in 15ms @ http://localhost:3000/_next/static/chunks/08i5_next_dist_0bovzun._.js:776
[  546136ms] [LOG] [Fast Refresh] done in 15ms @ http://localhost:3000/_next/static/chunks/08i5_next_dist_0bovzun._.js:776
[  546197ms] [LOG] [Fast Refresh] done in 15ms @ http://localhost:3000/_next/static/chunks/08i5_next_dist_0bovzun._.js:776
[  546251ms] [LOG] [Fast Refresh] done in 15ms @ http://localhost:3000/_next/static/chunks/08i5_next_dist_0bovzun._.js:776
[  546303ms] [LOG] [Fast Refresh] done in 15ms @ http://localhost:3000/_next/static/chunks/08i5_next_dist_0bovzun._.js:776
[  546365ms] [LOG] [Fast Refresh] done in 15ms @ http://localhost:3000/_next/static/chunks/08i5_next_dist_0bovzun._.js:776
[  546420ms] [LOG] [Fast Refresh] done in 15ms @ http://localhost:3000/_next/static/chunks/08i5_next_dist_0bovzun._.js:776
[  546483ms] [LOG] [Fast Refresh] done in 15ms @ http://localhost:3000/_next/static/chunks/08i5_next_dist_0bovzun._.js:776
[  546543ms] [LOG] [Fast Refresh] done in 15ms @ http://localhost:3000/_next/static/chunks/08i5_next_dist_0bovzun._.js:776
[  546605ms] [LOG] [Fast Refresh] done in 15ms @ http://localhost:3000/_next/static/chunks/08i5_next_dist_0bovzun._.js:776
[  546664ms] [LOG] [Fast Refresh] done in 15ms @ http://localhost:3000/_next/static/chunks/08i5_next_dist_0bovzun._.js:776
[  546715ms] [LOG] [Fast Refresh] done in 15ms @ http://localhost:3000/_next/static/chunks/08i5_next_dist_0bovzun._.js:776
[  546781ms] [LOG] [Fast Refresh] done in 15ms @ http://localhost:3000/_next/static/chunks/08i5_next_dist_0bovzun._.js:776
[  546848ms] [LOG] [Fast Refresh] done in 15ms @ http://localhost:3000/_next/static/chunks/08i5_next_dist_0bovzun._.js:776
[  546903ms] [LOG] [Fast Refresh] done in 15ms @ http://localhost:3000/_next/static/chunks/08i5_next_dist_0bovzun._.js:776
[  546964ms] [LOG] [Fast Refresh] done in 15ms @ http://localhost:3000/_next/static/chunks/08i5_next_dist_0bovzun._.js:776
[  547032ms] [LOG] [Fast Refresh] done in 15ms @ http://localhost:3000/_next/static/chunks/08i5_next_dist_0bovzun._.js:776
[  547100ms] [LOG] [Fast Refresh] done in 15ms @ http://localhost:3000/_next/static/chunks/08i5_next_dist_0bovzun._.js:776
[  547153ms] [LOG] [Fast Refresh] done in 15ms @ http://localhost:3000/_next/static/chunks/08i5_next_dist_0bovzun._.js:776
[  547215ms] [LOG] [Fast Refresh] done in 15ms @ http://localhost:3000/_next/static/chunks/08i5_next_dist_0bovzun._.js:776
[  547283ms] [LOG] [Fast Refresh] done in 15ms @ http://localhost:3000/_next/static/chunks/08i5_next_dist_0bovzun._.js:776
[  547340ms] [LOG] [Fast Refresh] done in 15ms @ http://localhost:3000/_next/static/chunks/08i5_next_dist_0bovzun._.js:776
[  547394ms] [LOG] [Fast Refresh] done in 15ms @ http://localhost:3000/_next/static/chunks/08i5_next_dist_0bovzun._.js:776
[  547450ms] [LOG] [Fast Refresh] done in 15ms @ http://localhost:3000/_next/static/chunks/08i5_next_dist_0bovzun._.js:776
[  547510ms] [LOG] [Fast Refresh] done in 15ms @ http://localhost:3000/_next/static/chunks/08i5_next_dist_0bovzun._.js:776
[  547574ms] [LOG] [Fast Refresh] done in 15ms @ http://localhost:3000/_next/static/chunks/08i5_next_dist_0bovzun._.js:776
[  547623ms] [LOG] [Fast Refresh] done in 15ms @ http://localhost:3000/_next/static/chunks/08i5_next_dist_0bovzun._.js:776
[  547698ms] [LOG] [Fast Refresh] done in 15ms @ http://localhost:3000/_next/static/chunks/08i5_next_dist_0bovzun._.js:776
[  547762ms] [LOG] [Fast Refresh] done in 15ms @ http://localhost:3000/_next/static/chunks/08i5_next_dist_0bovzun._.js:776
[  547821ms] [LOG] [Fast Refresh] done in 15ms @ http://localhost:3000/_next/static/chunks/08i5_next_dist_0bovzun._.js:776
[  547872ms] [LOG] [Fast Refresh] done in 15ms @ http://localhost:3000/_next/static/chunks/08i5_next_dist_0bovzun._.js:776
[  547925ms] [LOG] [Fast Refresh] done in 15ms @ http://localhost:3000/_next/static/chunks/08i5_next_dist_0bovzun._.js:776
[  547966ms] [LOG] [Fast Refresh] done in 15ms @ http://localhost:3000/_next/static/chunks/08i5_next_dist_0bovzun._.js:776
[  548016ms] [LOG] [Fast Refresh] done in 15ms @ http://localhost:3000/_next/static/chunks/08i5_next_dist_0bovzun._.js:776
[  548079ms] [LOG] [Fast Refresh] done in 15ms @ http://localhost:3000/_next/static/chunks/08i5_next_dist_0bovzun._.js:776
[  548126ms] [LOG] [Fast Refresh] done in 15ms @ http://localhost:3000/_next/static/chunks/08i5_next_dist_0bovzun._.js:776
[  548183ms] [LOG] [Fast Refresh] done in 15ms @ http://localhost:3000/_next/static/chunks/08i5_next_dist_0bovzun._.js:776
[  548232ms] [LOG] [Fast Refresh] done in 15ms @ http://localhost:3000/_next/static/chunks/08i5_next_dist_0bovzun._.js:776
[  548281ms] [LOG] [Fast Refresh] done in 15ms @ http://localhost:3000/_next/static/chunks/08i5_next_dist_0bovzun._.js:776
[  548374ms] [LOG] [Fast Refresh] rebuilding @ http://localhost:3000/_next/static/chunks/08i5_next_dist_0bovzun._.js:776
[  548451ms] [LOG] [Fast Refresh] done in 12ms @ http://localhost:3000/_next/static/chunks/08i5_next_dist_0bovzun._.js:776
[  548513ms] [LOG] [Fast Refresh] done in 12ms @ http://localhost:3000/_next/static/chunks/08i5_next_dist_0bovzun._.js:776
[  548561ms] [LOG] [Fast Refresh] done in 12ms @ http://localhost:3000/_next/static/chunks/08i5_next_dist_0bovzun._.js:776
[  548623ms] [LOG] [Fast Refresh] done in 12ms @ http://localhost:3000/_next/static/chunks/08i5_next_dist_0bovzun._.js:776
[  548766ms] [LOG] [Fast Refresh] done in 12ms @ http://localhost:3000/_next/static/chunks/08i5_next_dist_0bovzun._.js:776
[  548822ms] [LOG] [Fast Refresh] done in 12ms @ http://localhost:3000/_next/static/chunks/08i5_next_dist_0bovzun._.js:776
[  548862ms] [LOG] [Fast Refresh] done in 12ms @ http://localhost:3000/_next/static/chunks/08i5_next_dist_0bovzun._.js:776
[  548912ms] [LOG] [Fast Refresh] done in 12ms @ http://localhost:3000/_next/static/chunks/08i5_next_dist_0bovzun._.js:776
[  548967ms] [LOG] [Fast Refresh] done in 12ms @ http://localhost:3000/_next/static/chunks/08i5_next_dist_0bovzun._.js:776
[  549021ms] [LOG] [Fast Refresh] done in 12ms @ http://localhost:3000/_next/static/chunks/08i5_next_dist_0bovzun._.js:776
[  549065ms] [LOG] [Fast Refresh] done in 12ms @ http://localhost:3000/_next/static/chunks/08i5_next_dist_0bovzun._.js:776
[  549107ms] [LOG] [Fast Refresh] done in 12ms @ http://localhost:3000/_next/static/chunks/08i5_next_dist_0bovzun._.js:776
[  549149ms] [LOG] [Fast Refresh] done in 12ms @ http://localhost:3000/_next/static/chunks/08i5_next_dist_0bovzun._.js:776
[  549202ms] [LOG] [Fast Refresh] done in 12ms @ http://localhost:3000/_next/static/chunks/08i5_next_dist_0bovzun._.js:776
[  549257ms] [LOG] [Fast Refresh] done in 12ms @ http://localhost:3000/_next/static/chunks/08i5_next_dist_0bovzun._.js:776
[  549308ms] [LOG] [Fast Refresh] done in 12ms @ http://localhost:3000/_next/static/chunks/08i5_next_dist_0bovzun._.js:776
[  549350ms] [LOG] [Fast Refresh] done in 12ms @ http://localhost:3000/_next/static/chunks/08i5_next_dist_0bovzun._.js:776
[  549404ms] [LOG] [Fast Refresh] done in 12ms @ http://localhost:3000/_next/static/chunks/08i5_next_dist_0bovzun._.js:776
[  549460ms] [LOG] [Fast Refresh] done in 12ms @ http://localhost:3000/_next/static/chunks/08i5_next_dist_0bovzun._.js:776
[  549501ms] [LOG] [Fast Refresh] done in 12ms @ http://localhost:3000/_next/static/chunks/08i5_next_dist_0bovzun._.js:776
[  549543ms] [LOG] [Fast Refresh] done in 12ms @ http://localhost:3000/_next/static/chunks/08i5_next_dist_0bovzun._.js:776
[  549592ms] [LOG] [Fast Refresh] done in 12ms @ http://localhost:3000/_next/static/chunks/08i5_next_dist_0bovzun._.js:776
[  549644ms] [LOG] [Fast Refresh] done in 12ms @ http://localhost:3000/_next/static/chunks/08i5_next_dist_0bovzun._.js:776
[  549703ms] [LOG] [Fast Refresh] done in 12ms @ http://localhost:3000/_next/static/chunks/08i5_next_dist_0bovzun._.js:776
[  549745ms] [LOG] [Fast Refresh] done in 12ms @ http://localhost:3000/_next/static/chunks/08i5_next_dist_0bovzun._.js:776
[  549786ms] [LOG] [Fast Refresh] done in 12ms @ http://localhost:3000/_next/static/chunks/08i5_next_dist_0bovzun._.js:776
[  549839ms] [LOG] [Fast Refresh] done in 12ms @ http://localhost:3000/_next/static/chunks/08i5_next_dist_0bovzun._.js:776
[  549899ms] [LOG] [Fast Refresh] done in 12ms @ http://localhost:3000/_next/static/chunks/08i5_next_dist_0bovzun._.js:776
[  549954ms] [LOG] [Fast Refresh] done in 12ms @ http://localhost:3000/_next/static/chunks/08i5_next_dist_0bovzun._.js:776
[  550019ms] [LOG] [Fast Refresh] done in 12ms @ http://localhost:3000/_next/static/chunks/08i5_next_dist_0bovzun._.js:776
[  550082ms] [LOG] [Fast Refresh] done in 12ms @ http://localhost:3000/_next/static/chunks/08i5_next_dist_0bovzun._.js:776
[  550136ms] [LOG] [Fast Refresh] done in 12ms @ http://localhost:3000/_next/static/chunks/08i5_next_dist_0bovzun._.js:776
[  550196ms] [LOG] [Fast Refresh] done in 12ms @ http://localhost:3000/_next/static/chunks/08i5_next_dist_0bovzun._.js:776
[  550253ms] [LOG] [Fast Refresh] done in 12ms @ http://localhost:3000/_next/static/chunks/08i5_next_dist_0bovzun._.js:776
[  550302ms] [LOG] [Fast Refresh] done in 12ms @ http://localhost:3000/_next/static/chunks/08i5_next_dist_0bovzun._.js:776
[  550355ms] [LOG] [Fast Refresh] done in 12ms @ http://localhost:3000/_next/static/chunks/08i5_next_dist_0bovzun._.js:776
[  550416ms] [LOG] [Fast Refresh] done in 12ms @ http://localhost:3000/_next/static/chunks/08i5_next_dist_0bovzun._.js:776
[  550467ms] [LOG] [Fast Refresh] done in 12ms @ http://localhost:3000/_next/static/chunks/08i5_next_dist_0bovzun._.js:776
[  550529ms] [LOG] [Fast Refresh] done in 12ms @ http://localhost:3000/_next/static/chunks/08i5_next_dist_0bovzun._.js:776
[  550585ms] [LOG] [Fast Refresh] done in 12ms @ http://localhost:3000/_next/static/chunks/08i5_next_dist_0bovzun._.js:776
[  550654ms] [LOG] [Fast Refresh] done in 12ms @ http://localhost:3000/_next/static/chunks/08i5_next_dist_0bovzun._.js:776
[  550710ms] [LOG] [Fast Refresh] done in 12ms @ http://localhost:3000/_next/static/chunks/08i5_next_dist_0bovzun._.js:776
[  550780ms] [LOG] [Fast Refresh] done in 12ms @ http://localhost:3000/_next/static/chunks/08i5_next_dist_0bovzun._.js:776
[  550839ms] [LOG] [Fast Refresh] done in 12ms @ http://localhost:3000/_next/static/chunks/08i5_next_dist_0bovzun._.js:776
[  550905ms] [LOG] [Fast Refresh] done in 12ms @ http://localhost:3000/_next/static/chunks/08i5_next_dist_0bovzun._.js:776
[  550968ms] [LOG] [Fast Refresh] done in 12ms @ http://localhost:3000/_next/static/chunks/08i5_next_dist_0bovzun._.js:776
[  551028ms] [LOG] [Fast Refresh] done in 12ms @ http://localhost:3000/_next/static/chunks/08i5_next_dist_0bovzun._.js:776
[  551086ms] [LOG] [Fast Refresh] done in 12ms @ http://localhost:3000/_next/static/chunks/08i5_next_dist_0bovzun._.js:776
[  551137ms] [LOG] [Fast Refresh] done in 12ms @ http://localhost:3000/_next/static/chunks/08i5_next_dist_0bovzun._.js:776
[  551189ms] [LOG] [Fast Refresh] done in 12ms @ http://localhost:3000/_next/static/chunks/08i5_next_dist_0bovzun._.js:776
[  551235ms] [LOG] [Fast Refresh] done in 12ms @ http://localhost:3000/_next/static/chunks/08i5_next_dist_0bovzun._.js:776
[  551275ms] [LOG] [Fast Refresh] done in 12ms @ http://localhost:3000/_next/static/chunks/08i5_next_dist_0bovzun._.js:776
[  551338ms] [LOG] [Fast Refresh] done in 12ms @ http://localhost:3000/_next/static/chunks/08i5_next_dist_0bovzun._.js:776
[  551390ms] [LOG] [Fast Refresh] done in 12ms @ http://localhost:3000/_next/static/chunks/08i5_next_dist_0bovzun._.js:776
[  551465ms] [LOG] [Fast Refresh] done in 12ms @ http://localhost:3000/_next/static/chunks/08i5_next_dist_0bovzun._.js:776
[  551514ms] [LOG] [Fast Refresh] done in 12ms @ http://localhost:3000/_next/static/chunks/08i5_next_dist_0bovzun._.js:776
[  551569ms] [LOG] [Fast Refresh] done in 12ms @ http://localhost:3000/_next/static/chunks/08i5_next_dist_0bovzun._.js:776
[  551620ms] [LOG] [Fast Refresh] done in 12ms @ http://localhost:3000/_next/static/chunks/08i5_next_dist_0bovzun._.js:776
[  551662ms] [LOG] [Fast Refresh] done in 12ms @ http://localhost:3000/_next/static/chunks/08i5_next_dist_0bovzun._.js:776
[  551715ms] [LOG] [Fast Refresh] done in 12ms @ http://localhost:3000/_next/static/chunks/08i5_next_dist_0bovzun._.js:776
[  551777ms] [LOG] [Fast Refresh] done in 12ms @ http://localhost:3000/_next/static/chunks/08i5_next_dist_0bovzun._.js:776
[  551843ms] [LOG] [Fast Refresh] done in 12ms @ http://localhost:3000/_next/static/chunks/08i5_next_dist_0bovzun._.js:776
[  551919ms] [LOG] [Fast Refresh] done in 12ms @ http://localhost:3000/_next/static/chunks/08i5_next_dist_0bovzun._.js:776
[  551961ms] [LOG] [Fast Refresh] done in 12ms @ http://localhost:3000/_next/static/chunks/08i5_next_dist_0bovzun._.js:776
[  552020ms] [LOG] [Fast Refresh] done in 12ms @ http://localhost:3000/_next/static/chunks/08i5_next_dist_0bovzun._.js:776
